original_file_id,press_release_conclusion,press_release_strength,abstract_conclusion,abstract_strength,exaggeration_label
25-002,"Use of the urgent referral pathway (often called the two week wait system) by general practices for patients with suspected cancer is saving lives, according to a study in The BMJ this week.",3,Use of the urgent referral pathway could be efficacious.,2,exaggerates
22-001,"Dementia patients from more affluent areas in England are 27% more likely to be prescribed anti-dementia drugs than patients from poorer areas, finds a new UCL study of 77,045 dementia patients across the UK. This inequality was not seen in Scotland, Northern Ireland or Wales.",1,"Least deprived patients were 25% more likely to be initiated on anti-dementia drugs than the most deprived (adjusted incidence rate ratio 1.25, 95% confidence interval 1.19–1.31).",1,same
26-002,"Meeting patients' preferences for the time and place of their psychological treatment may affect their perception of treatment outcome, a cross-sectional survey by researchers from the Royal College of Psychiatrists and Imperial College London involving 14,587 respondents suggests.",2,People who reported preferences that were not met were less likely to state that treatment had helped them with their problems.,1,exaggerates
19-11-004-1,Crossing your arms relieves pain,3,"Besides studies showing relief of phantom limb pain using mirrors, this is the first evidence that impeding the processes by which the brain localises a noxious stimulus can reduce pain, and that this effect reflects modulation of multimodal neural activities.",2,exaggerates
25-027,"Oral contraceptive use just before or during pregnancy is not associated with an increased risk of major birth defects, suggest the findings of a study published in The BMJ this week.",0,"Residual confounding was possible, and the analysis lacked information on folate, one of the proposed mechanisms.",0,same
33-001,"Scientists at the UCL Institute of Ophthalmology have identified the mechanism behind a common inherited cause of severe sight loss in young children. The results also point to a potential new treatment that may be possible to deliver by simple injection to the eye. The research was funded by charities Fight for Sight, Moorfields Eye Charity and Guide Dogs, with support from the National Institute for Health Research (NIHR) Biomedical Research Centre (BRC) at Moorfields Eye Hospital.",3,These results provide a mechanistic understanding of the retina-specific phenotypes in CEP290 LCA patients and potential strategies for therapeutic intervention.,2,exaggerates
26-035,"Three-quarters of people aged 65 and over in the US would take a test telling them they were going to develop Alzheimer's disease if such a test existed, according to research published in the open access journal Alzheimer's Research and Therapy.",0,"In this nationally representative sample, 75% of older adults would take a free and definitive test predictive of Alzheimer’s disease.",0,same
03-11-021-1,Research finds connection between impulsivity and superstitions in pathological gamblers.,1,"Impulsive choice in the gamblers was correlated with the level of gambling distortions, and we hypothesize that an impulsive decision-making style may increase the acceptance of erroneous beliefs during gambling play.",1,same
25-047,"Drinking a lot of coffee every day--more than 900 ml (30 fluid ounces) or around six cups--is linked to a reduced risk of multiple sclerosis (MS), finds research published online in the Journal of Neurology Neurosurgery & Psychiatry.",1,"In accordance with studies in animal models of MS, high consumption of coffee may decrease the risk of developing MS.",2,downplays
03-11-040-1,A new study has found that protein and not sugar activates the cells responsible for keeping us awake and burning calories.,3,Physiological mixtures of AAs electrically excited orx/hcrt cells through a dual mechanism involving inhibition of K(ATP) channels and activation of system-A amino acid transporters.,3,same
25-125,"Living on a farm in early childhood is linked to a lower risk of allergies as an adult, and stronger lungs in women, than growing up in either a rural or urban area, finds research published online in the journal Thorax.",1,This is the first study to report beneficial effects of growing up on a farm on adult FEV1.,3,downplays
04-11-017-1,"People experiencing the early signs of Parkinson’s disease could see their symptoms improved through a process of regulating and re-training how their brains respond to certain activities and actions, new University research has uncovered.",2,These findings demonstrate that self-modulation of cortico-subcortical motor circuits can be achieved by PD patients through neurofeedback and may result in clinical benefits that are not attainable by motor imagery alone.,2,same
25-092,"A small rise in duty imposed on alcohol sold in retail outlets, pubs and restaurants, of just 1% above inflation, might cut violence-fuelled emergency care department visits in England and Wales by an annual 6000, suggests research published online in Injury Prevention.",2,"Small increases in the price of alcohol, above inflation, in both markets, would substantially reduce the number of patients attending EDs for treatment of violence-related injuries in England and Wales.",3,downplays
12-11-028-1,Talking therapy over the phone improves symptoms of chronic widespread pain,3,"TCBT was associated with substantial, statistically significant, and sustained improvements in patient global assessment.",1,exaggerates
01-11-019-1,The researchers have discovered that drinking alcohol in a context that is unknown can lead people to behave in a more disinhibited way than if they had been drinking in a familiar environment.,2,Repeated consumption of alcohol in a par- ticular environment can lead to the emergence of a context-specific CCR that counters some of alcohol's disinhibitory effects.,2,same
29-002,Researchers from the University of Leicester and Leicester’s Hospitals have announced a breakthrough advance in the results of the world-first clinical trial with actual patients of a new drug to treat particular blood cancers.,3,ONO/GS-4059 has significant activity in relapsed/refractory B-cell malignancies without major drug-related toxicity.,3,same
15-11-014-1,"Having a good laugh with friends really does help us to deal with pain, suggests a new study.",3,The results show that pain thresholds are significantly higher after laughter than in the control condition.,1,exaggerates
19-11-012-1,"Children with thinner parents are three times more likely to be thin than children whose parents are overweight, according to a new study by UCL researchers.",1,The strongest predictor of child/adolescent thinness was parental weight status.,1,same
29-033,University of Leicester team show leached juices from leafy vegetables enhance growth and virulence of food poisoning bug,3,"Collectively, the results presented in this report show that exposure to even traces of salad leaf juice may contribute to the persistence of Salmonella on salad leaves as well as priming it for establishing an infection in the consumer.",2,exaggerates
07-11-027-1,"Babies and toddlers with congenital heart disease are at an increased risk of having harmful toxins in their blood, particularly following surgery, according to research by a team at Imperial College London.",1,Children undergoing surgery for congenital heart disease are at increased risk of intestinal mucosal injury and endotoxemia.,1,same
15-11-023-1,"Importantly, the mutation in the CYP27B1 gene affects a key enzyme which leads people with the variant to have lower levels of vitamin D, adding weight to the suggested link between vitamin D and MS.",1,"CYP27B1 encodes the vitamin D-activating 1-alpha hydroxylase enzyme, and thus a role for vitamin D in MS pathogenesis is strongly implicated.",3,downplays
13-11-015-1,"The clinical trial led by Newcastle University shows that the drug, idebenone (Catena®), improved the vision and perception of colour in patients with Leber’s Hereditary Optic Neuropathy (LHON).",3,"However, post hoc interaction analysis showed a different response to idebenone in patients with discordant visual acuities at baseline; in these patients, all secondary end-points were significantly different between the idebenone and placebo groups.",1,exaggerates
04-008,"People with type 2 diabetes treated with insulin plus metformin had a reduced risk of death and major cardiac events compared with people treated with insulin alone, according to University research.",1,People with type 2 diabetes treated with insulin plus concomitant metformin had a reduced risk of death and MACE compared with people treated with insulin monotherapy.,1,same
07-11-001-1,"Scientists have identified a protein that acts as a “master switch” in certain white blood cells, determining whether they promote or inhibit inflammation. The study, published in the journal Nature Immunology, could help researchers look for new treatments for diseases such as rheumatoid arthritis that involve excessive inflammation.",3,"High expression of IRF5 was characteristic of M1 macrophages, in which it directly activated transcription of the genes encoding interleukin 12 subunit p40 (IL-12p40), IL-12p35 and IL-23p19 and repressed the gene encoding IL-10.",3,same
02-11-004-1,"Describing their findings in the journal, Evolution and Human Behavior, the team of researchers prove that eating plenty of fruit and vegetables is by far the most effective way to achieve a healthy, golden glow.",3,Study 2 shows that individuals with higher dietary intakes of carotenoids and fruit and vegetables have increased skin b * values and show skin reflectance spectra consistent with enhanced carotenoid absorption.,3,same
25-078,"Migraine should be considered an important risk marker for cardiovascular disease, say experts",1,"Results of this large, prospective cohort study in women with more than 20 years of follow-up indicate a consistent link between migraine and cardiovascular disease events, including cardiovascular mortality.",1,same
03-11-014-1,Cambridge research funded by the health charity Diabetes UK has for the first time successfully demonstrated the potential of an ‘artificial pancreas’ in preventing night-time hypoglycaemia in adults with Type 1 diabetes.,2,These two small crossover trials suggest that closed loop delivery of insulin may improve overnight control of glucose levels and reduce the risk of nocturnal hypoglycaemia in adults with type 1 diabetes.,2,same
19-11-014-1,"In the first functional MRI brain scan study to investigate the impact of physical abuse and domestic violence on children, scientists at UCL in collaboration with the Anna Freud Centre, found that exposure to family violence was associated with increased brain activity in two specific brain areas (the anterior insula and the amygdala) when children viewed pictures of angry faces.",1,We demonstrated that children exposed to family violence (with normative levels of anxiety) show increased AI and amygdala reactivity in response to angry but not sad faces.,1,same
25-146,"Pubic hair grooming is linked to a heightened risk of acquiring a sexually transmitted infection, finds research published online in the journal Sexually Transmitted Infections.",1,"Among a representative sample of US residents, pubic hair grooming was positively related to self-reported STI history.",1,same
26-005,"A combination of a carbon tax on food and a tax on sugary drinks in the UK could lead to health benefits, reduce greenhouse gas emissions and raise up to GB£3.6 billion revenue, according to research published in the open access journal BMC Public Health.",2,The simple addition of a tax on SSBs can mitigate negative health consequences arising from sugar being low in GHGEs.,2,same
07-11-035-1,"Scientists have found that the Endog gene in rats and mice influences the thickness of the muscular heart wall, how well the heart pumps and how much fat accumulates inside the organ.",3,Inhibition of Endog in cultured cardiomyocytes resulted in an increase in cell size and hypertrophic biomarkers in the absence of pro-hypertrophic stimulation.,3,same
25-143,"Starting testosterone treatment is associated with an increased risk of serious blood clots (known as venous thromboembolism or VTE) that peaks within six months and declines gradually thereafter, concludes a study in The BMJ today.",1,"Starting testosterone treatment was associated with an increased risk of venous thromboembolism, which peaked within six months and declined thereafter.",1,same
25-062,They don't curb demand or improve throughput and set-up costs dwarf marginal savings,0,There is little evidence to support the implementation of co-located UCC models.,0,same
05-11-033-1,Genetic mutations,3,"In a sample of 662 schizophrenia proband–parent trios, we found that rare de novo CNV mutations were significantly more frequent in cases (5.1% all cases, 5.5% family history negative) compared with 2.2% among 2623 controls, confirming the involvement of de novo CNVs in the pathogenesis of schizophrenia.",3,same
25-181,Better air quality standards in China could save 3 million early deaths each year,2,Particulate air pollution has a greater impact on deaths from cardiorespiratory diseases than it does on other cause mortality.,3,downplays
13-11-003-1,Organic supermarket milk showed higher levels of nutritionally beneficial fatty acids compared with ‘ordinary’ milk regardless of the time of year or weather conditions.,3,This study of UK retail milk identified highly significant variations in fat composition.,1,exaggerates
10-11-014-1,"Researchers at the University of Liverpool have found that the strength of uterine contractions in diabetic pregnant women is significantly weaker than in non-diabetic women, increasing the risk of emergency caesarean birth.",1,These are the first data investigating myometrium in diabetic patients and they support the hypothesis that there is poorer contractility even in the presence of oxytocin.,1,same
14-11-014-1,"Female drink-drivers are more likely to be older, better-educated and divorced, widowed or separated, research has shown.",1,"Alcohol increases the likelihood of violence for both men and women, and, while the mechanisms whereby alcohol increases the likelihood of violence are likely the same in men and women, the effect may be moderated by gender-associated issues.",3,downplays
26-037,A computer method called ZeitZeiger that uses a sample of blood to accurately predict circadian time - the time of day according to a person's body clock - is described in new research published in the open access journal Genome Medicine.,1,Each of these strategies improved prediction of CT by ~20%.,1,same
25-167,Most off-label antidepressant prescriptions lack strong scientific evidence,0,"When primary care physicians prescribed antidepressants for off-label indications, these indications were usually not supported by strong scientific evidence, yet often another antidepressant in the same class existed that had strong evidence for the respective indication.",0,same
06-11-021-1,"Facial expressions have been called the “universal language of emotion,” but people from different cultures perceive happy, sad or angry facial expressions in unique ways, according to new research from the University of Glasgow.",1,"For the first time, it is revealed directly that culture can finely shape the internal representations of common facial expressions of emotion, challenging notions of a biologically hardwired ""universal language of emotion.""",3,downplays
03-11-010-1,Happy children make happy adults,3,"From this longitudinal study, we conclude that childhood well-being predicts positive adult wellbeing, and not merely the absence of mental ill-health.",1,exaggerates
08-11-002-1,Self-control predicts health and wealth,3,"Following a cohort of 1,000 children from birth to the age of 32 y, we show that childhood self-control predicts physical health, substance dependence, personal finances, and criminal offending outcomes, following a gradient of self-control.",3,same
02-11-026-1,"The study, led by Dr Jonathan Banks from the University’s School of Social and Community Medicine and published today [27 July] in the British Journal of General Practice, has found that when families were presented with an opportunity to discuss their child’s weight with their GP, fewer than one in six families engaged in a weight-related discussion with their GP, and fewer than one in 11 were referred for any weight-management service.",1,The low take-up following the mail-out of an invitation to consult highlights the inherent difficulties of engaging families and their obese children in care pathways that facilitate long-term weight management.,1,same
15-11-022-1,"Tiny electric currents applied across regions of the brain can improve hand movements in recovering stroke patients for a short period, an Oxford University study has demonstrated.",2,We show for the first time that the significant behavioural improvements produced by anodal stimulation to the ipsilesional hemisphere are associated with a functionally relevant increase in activity within the ipsilesional primary motor cortex in patients with a wide range of disabilities following stroke.,3,downplays
17-11-010-1,Emergency department target may not have improved patient care,0,The introduction of a time target reduced the proportion of patients staying greater than 4 hours.,3,downplays
20-11-006-1,"The number of children dying a violent death has fallen substantially in England and Wales over the past 30 years, reveals research from Warwick Medical School published ahead of print in Archives of Disease in Childhood.",1,These data provide evidence that rates of violent death in infancy and middle childhood have fallen over the past 30 years.,1,same
02-11-028-1,"According to new research, by defining pre-eclampsia instead as the extreme end of blood pressure (BP) risk in pregnancy, more women who are at risk could be identified.",2,"Established preeclampsia risk factors are associated with higher BP in early pregnancy and faster BP increases later in gestation in normal pregnancy, suggesting a continuum of risk.",1,exaggerates
22-015,"A region of the brain that responds to bad experiences has the opposite reaction to expectations of aversive events in people with depression compared to healthy adults, finds a new UCL study funded by the Medical Research Council.",1,MDD subjects exhibited abnormal negative task-related (phasic) habenula responses during primary aversive conditioning.,1,same
12-11-004-1,University of Manchester scientists have shown that a protein involved in blood clotting can be used to diagnose and subsequently monitor the treatment of a group of childhood genetic diseases.,2,"Serum HCII-T is elevated approximately 25-fold in MPS diseases that store DS, clearly distinguishing untreated MPSI, II and VI patients from unaffected age-matched controls.",3,downplays
14-11-005-1,Pay for performance targets set for GPs in the UK are failing to improve the health of patients with high blood pressure.,0,Pay for performance had no discernible effects on processes of care or on hypertension related clinical outcomes.,0,same
02-11-020-1,"Plain cigarette packaging could help prevent people taking up the habit but would have little effect on those who already smoke on a daily basis, according to new research from the UK Centre for Tobacco Studies (UKCTCS), which has bases at the Universities of Bristol and Bath.",2,"Among non-smokers and non-daily cigarette smokers, plain packaging appears to increase visual attention towards health warning information and away from brand information.",2,same
25-011,Infants under 12 months most at risk of physical abuse,0,"These children tend to be under 12 months of age, with more severe injury.",0,same
07-11-040-1,"Young adults who were born prematurely show multiple biological signs of risks to future health, research from Imperial College London has found.",1,"We have identified multiple premorbid biomarkers in ex-preterm young adults, which are most marked in men and indicative of risks to later wellbeing.",1,same
04-001,"Scientists have discovered what they believe has the potential to prevent the onset of an aggressive and hard-to-treat form of rheumatoid arthritis - a condition that affects 700,000 adults in the UK.",2,"Thus, IL-27 appears to negatively regulate ELS development in RA through control of effector",2,same
22-018,"Smoking the equivalent of a single ‘spliff’ of cannabis makes people less willing to work for money while ‘high’, finds a new UCL study.",3,Cannabis acutely induced a transient amotivational state and CBD influenced the effects of THC on expected value.,3,same
05-11-019-1,"Nanotubes pose health risk, study shows",3,"Our data confirm the hypothesis that, although a proportion of all deposited particles passes through the pleura, the pathogenicity of long CNTs and other fibers arises as a result of length-dependent retention at the stomata on the parietal pleura.",3,same
07-11-042-1,Improved technology may obviate need for drug when assessing patients for a coronary stent,2,The instantaneous wave-free ratio calculated over this period produces a drug-free index of stenosis severity comparable to FFR.,3,downplays
25-162,"In the United States, patient death rates are lower for internationally trained graduates than for graduates from a US medical school, despite international graduates caring for patients with higher rates of chronic conditions, finds a study published by The BMJ today.",1,Data on older Medicare patients admitted to hospital in the US showed that patients treated by international graduates had lower mortality than patients cared for by US graduates.,0,exaggerates
25-091,"Less than 60% of premature babies born in 11 European countries receive a package of four simple, widely available care measures known to improve survival, finds a study in The BMJ today.",0,"More comprehensive use of evidence based practices in perinatal medicine could result in considerable gains for very preterm infants, in terms of increased survival without severe morbidity.",2,downplays
22-014,"Fruit flies live 16% longer than average when given low doses of the mood stabiliser lithium, according to a UCL-led study.",3,"Combining genetic loss of the NRF-2 repressor Kelch-like ECH-associated protein 1 (Keap1) with lithium treatment revealed that high levels of NRF-2 activation conferred stress resistance, while low levels additionally promoted longevity.",3,same
25-130,"Method cheap and accessible; in two-thirds of cases detected, there were no symptoms",3,Community screening for AF with SL-ECG was feasible and it identified a significant proportion of citizens with newly diagnosed AF.,3,same
03-11-046-1,"New research provides evidence for significant differences between new and old red blood cells used for transfusions and could provide a cheap, rapid and effective way to monitor the quality of blood supplies.",1,"Close correlation was found between the surface charge on an aging RBC and its structure and functions, from the cell morphology, the membrane deformability to the intracellular Hb structure and oxidation ability.",1,same
02-11-009-1,A new study suggests that transport plans aimed at reducing car usage should be considered as a feasible and effective strategy for increasing physical activity among the workforce and improving health.,3,This study suggests that transport plans aimed at reducing car usage should be considered as a feasible and effective strategy for increasing health-enhancing physical activity among the workforce.,3,same
19-11-006-1,Birth defects linked to smoking in pregnancy,1,Birth defects that are positively associated with maternal smoking should now be included in public health educational materials to encourage more women to quit before or during pregnancy.,1,same
22-031,"The common antibiotic doxycycline can disrupt the formation of negative associations in the brain, according to new research from UCL and the University of Zurich.",2,"We find that recall of threat memory, measured with fear-potentiated startle 7 days after acquisition, is attenuated by ~60% in individuals who were under doxycycline during acquisition.",3,downplays
25-060,"Use of cannabis during pregnancy is linked to low birthweight and the need for intensive care, reveals an analysis of the available evidence, published in the online journal BMJ Open.",1,Use of cannabis during pregnancy may increase adverse outcomes for women and their neonates.,2,downplays
13-11-004-1,"Connections made in our brains during the early years of our life could be the key to healthy mental development, Newcastle University scientists have found.",2,"In conclusion, the sequence of neural network development highlights the possibility of early contact or interaction in securing long-distance and high-degree connectivity.",1,exaggerates
15-11-010-1,"A new drug for the muscle-wasting disease Duchenne muscular dystrophy has shown significant benefits in mice, opening the door for clinical trials.",3,"The best compound identified, SMT C1100, demonstrated significant disease modifying effects in DMD models.",3,same
25-126,Manuka honey curbs activity and growth of bacteria even at low dilutions,3,Manuka honey at dilutions as low as 3.3% w/v in some protocols and at 10% or above in all protocols tested significantly inhibits bacterial attachment to a vinyl substrate and reduces further early biofilm development.,3,same
15-11-015-1,"An international study suggests that giving vitamin A supplements to children in low and middle income countries could significantly cut rates of mortality, illnesses and blindness amongst those below the age of five.",2,Vitamin A supplementation is associated with large reductions in mortality,1,exaggerates
20-11-012-1,MRI study finds that depression uncouples brain’s hate circuit,3,This is the first evidence for the involvement of the ‘hate circuit’ in depression and suggests a potential reappraisal of the key neural circuitry involved.,3,same
10-11-001-1,Scientists at the University of Liverpool have discovered that treating the immune system of patients with Complex Regional Pain Syndrome (CPRS) leads to a significant reduction in pain.,3,"IVIG, 0.5 g/kg, can reduce pain in refractory CRPS.",2,exaggerates
03-11-034-1,"Medicines which increase levels of the brain chemical dopamine may hold the key to helping those addicted to cocaine and amphetamines kick the habit, researchers from the University of Cambridge have found.",2,The beneficial effects of a dopamine agonist drug challenge on both behavior and associated brain activation in SDIs may indicate new avenues for pharmacologic treatment in stimulant dependence.,2,same
25-199,But treating high volumes of patients seems to have a protective effect,2,"Within the same hospital, patients treated by older physicians had higher mortality than patients cared for by younger physicians, except those physicians treating high volumes of patients.",1,exaggerates
19-11-003-1,Look at your body to reduce pain,3,These results demonstrate that pain perception depends on multisensory representations of the body and that visual distortions of body size modulate sensory components of pain.,3,same
11-11-001-1,"The findings, published today in the Journal of Human Genetics, are the first to show a direct link between a specific genetic condition and a person’s happiness, as measured by their satisfaction with life.",1,"A case–control association study on a representative sample of Americans (N¼2574) finds that individuals with the transcriptionally more efficient version of the serotonin transporter gene, report significantly higher levels of life satisfaction (P¼0.01).",1,same
03-11-029-1,Serotonin levels affect the brain’s response to anger,3,We provide strong support for neurobiological accounts positing that 5-HT significantly influences PFC – amygdala circuits implicated in aggression and other affective behaviors.,3,same
22-010,"Pregnant women would be willing to trial maternal growth factor gene therapy to treat severe early-onset fetal growth restriction (FGR) in their unborn babies, according to a new study. If the proposed trial goes ahead it is likely to be the first time maternal gene therapy has ever been used.",0,This study did not identify any fundamental or insurmountable objections to a trial of maternal gene therapy for severe early-onset FGR.,0,same
14-11-020-1,New risk score spots patients at high risk of serious blood clots,2,We have developed and validated a new risk prediction model that quantifies absolute risk of thrombosis at 1 and 5 years.,2,same
25-117,"School sex education often negative, heterosexist, and out of touch",0,SRE should be ‘sex-positive’ and delivered by experts who maintain clear boundaries with students.,0,same
01-11-015-1,"Research results published online today (18 August 2011) in the journal Investigational New Drugs show significant success in ‘redesigning the designer drug’ for potential use as a cancer-killing agent in the treatment of leukaemia, lymphoma and myeloma.",2,"From an initial analysis of MDMA analogues synthesized with a modified α-substituent, it was found that incorporating a phenyl group increased potency against sensitive, Bcl-2-deplete, Burkitt's lymphoma (BL) cells 10-fold relative to MDMA.",3,downplays
13-11-006-1,"The researchers are the first in the world to identify the rare syndrome, which devastates the immune system and can lead to hereditary leukaemia and lung disease.",3,"We show that a recently described syndrome of monocytopenia, B and NK lymphoid deficiency additionally includes the near absence of dendritic cells.",1,exaggerates
29-006,'The results of this study provide reassurance that specialists treating patients with a heart attack can open more than one narrowed artery without increasing the total amount of heart damage.’,0,"Multivessel PCI in the setting of STEMI leads to a small increase in CMR-detected non-IRA MI, but total infarct size was not significantly different from an IRA-only revascularization strategy.",0,same
03-11-028-1,"A gene responsible for regulating chronic pain, called HCN2, has been identified by scientists at the University of Cambridge.",3,"Mice in which HCN2 was specifically deleted in nociceptors expressing Na(V)1.8 had normal pain thresholds, but inflammation did not cause hyperalgesia to heat stimuli.",0,exaggerates
10-11-003-1,TV food advertising increases children’s preference for unhealthy foods,3,Exposure to television food commercials enhanced high television viewers' preferences for branded foods and increased reported preferences for all food items (branded and nonbranded) relative to the low television viewers.,1,exaggerates
33-002,"“Our results show that reducing the amount of growth factor that’s available around the intraocular lens significantly impedes cell invasion and adds to the evidence in favour of open-bag cataract surgery,” continues Dr Wormstone. “Moreover, we found that vascular endothelial growth factor (VEGF) plays an important role in cell growth and survival. Therefore we believe that anti-VEGF treatment is a logical target for new drug treatments that could help enhance the effect of better lens design and placement, to prevent secondary cataract.”",3,"In particular, VEGF was found to regulate cell survival, growth and myofibroblast formation.",3,same
18-11-002-1,Scientists have discovered the first evidence linking brain function variations between the left and right sides of the brain to size at birth and the weight of the placenta. The finding could shed new light on the causes of mental health problems in later life.,1,"Our findings suggest that lateralization of cerebral activity is influenced persistently by early developmental experiences, with possible consequences for long-term neurocognitive function.",3,downplays
22-008,"The study, published in Science Translational Medicine, reveals how a protein that shapes the body’s response to stress also drives chronic pain and so offers new targets for future pain treatments.",3,This finding suggested that FKBP51 regulates chronic pain by modulation of glucocorticoid signaling.,3,same
15-11-026-1,"A cell therapy that could prevent transplanted organs being rejected, and remove the need for prolonged use of immunosuppressant drugs, has shown promise in early-stage studies in mice.",2,"Without further manipulation or selection, the resultant population delayed skin allograft rejection mediated by polyclonal CD4(+) effectors or donor-reactive CD8(+) T cell receptor transgenic T cells and inhibited both effector cell proliferation and T cell priming for interferon-γ production.",3,downplays
06-11-008-1,"Researchers in the University's College of Medical, Veterinary and Life Sciences have discovered that a class of chemotherapy drugs originally designed to inhibit key signaling pathways in cancer cells also kills the parasite that causes malaria.",3,"Here, we report that a protein kinase-mediated signalling pathway involving host RBC PAK1 and MEK1, which do not have orthologues in the Plasmodium kinome, is selectively stimulated in Plasmodium falciparum-infected (versus uninfected) RBCs, as determined by the use of phospho-specific antibodies directed against the activated forms of these enzymes.",3,same
20-11-007-1,"Scientists from the University of Warwick have discovered why a newly found form of cholesterol seems to be ‘ultra-bad’, leading to increased risk of heart disease.",3,"MG modification of LDL forms small, dense LDL with increased atherogenicity that provides a new route to atherogenic LDL and may explain the escalation of cardiovascular risk in diabetes and the cardioprotective effect of metformin.",2,exaggerates
25-118,"However, the smaller increases expected in Europe (due to the Aedes mosquitos not being indigenous in Europe) would be unlikely to be detected.",0,"Because of the rarity of microcephaly and discrepant diagnostic criteria, however, the smaller increases expected in Europe would probably not be detected.",0,same
06-11-012-1,Men living in deprived areas now suffer from higher levels of bowel cancer than those from more affluent areas Glasgow academics have found.,1,"Deprivation was associated with higher incidence rates of male, but not female, colorectal cancer before the implementation of a national bowel screening programme",1,same
16-11-002-1,"The study of 128 mammal species, including humans, shows that brain growth in babies is determined by the duration of pregnancy and how long they suckle.",3,"In support of the developmental cost hypothesis, we show that evolutionary changes in pre- and postnatal brain growth correlate specifically with duration of the relevant phases of maternal investment (gestation and lactation, respectively).",1,exaggerates
22-006,"People bereaved by the sudden death of a friend or family member are 65% more likely to attempt suicide if the deceased died by suicide than if they died by natural causes. This brings the absolute risk up to 1 in 10, reveals new UCL research funded by the Medical Research Council.",1,"Bereavement by suicide is a specific risk factor for suicide attempt among young bereaved adults, whether related to the deceased or not.",1,same
20-11-005-1,"Infants who have problems with persistent crying, sleeping and/or feeding – known as regulatory problems – are far more likely to become children with significant behavioural problems, reveals research published ahead of print in the journal Archives of Disease in Childhood.",1,"The meta-analyses suggest that children with previous regulatory problems have more behavioural problems than controls, particularly in multi-problem families.",1,same
14-11-029-1,Simple test to help diagnose bowel and pancreatic cancer could save thousands of lives,3,The algorithm has good discrimination and calibration and could potentially be used to help identify those at highest risk of pancreatic cancer to facilitate early referral and investigation.,2,exaggerates
03-11-035-1,Scientists identify cause of severe hypoglycaemia,3,"In heterologous cells, the mutant AKT2 was constitutively recruited to the plasma membrane, leading to insulin-independent activation of downstream signaling.",3,same
29-021,A five-year study by an international team led from the University of Leicester has found a way of ‘reversing’ symptoms of neurodegenerative diseases such as  Parkinson’s and Alzheimer’s – using fruit flies as test subjects.,3,"Critically, we find that treatment with a chemical TDO inhibitor is robustly protective in these models.",3,same
25-191,Coroners in England and Wales don’t seem able to agree on what caused a person’s death or whether the death merits an inquest or not—despite being faced with identical case information—reveals a small study published online in the Journal of Clinical Pathology.,1,Different coroners faced with identical case information arrived at widely different case outcomes ranging from no further investigation to finding numerous alternative verdicts.,1,same
25-158,"Financial ties between researchers and companies that make the drugs they are studying are independently associated with positive trial results, suggesting bias in the evidence base, concludes a study published by The BMJ today.",1,Financial ties of principal investigators were independently associated with positive clinical trial results.,1,same
25-192,"Active commuting by bicycle is associated with a substantial decrease in the risk of death from all causes, cancer and cardiovascular disease (CVD), compared with non-active commuting by car or public transport, finds a study in The BMJ today.",1,"Cycle commuting was associated with a lower risk of CVD, cancer, and all cause mortality.",1,same
03-11-042-1,Scan can detect 5p-sized growth that causes hypertension.,2,11 C-metomidate PET-CT is a sensitive and specific noninvasive alternative to AVS in the management of PHA.,3,downplays
14-11-007-1,"Pregnant non-smokers who breathe in the second-hand smoke of other people are at an increased risk of delivering stillborn babies or babies with defects, a study led by researchers at The University of Nottingham has found.",3,CONCLUSIONS: Pregnant women who are exposed to secondhand smoke are estimated to be 23% more likely to experience stillbirth and 13% more likely give birth to a child with a congenital malformation.,1,exaggerates
08-11-017-1,"A team of researchers, led by King’s College London and the University of Oxford, have found that a gene linked to type 2 diabetes and cholesterol levels is in fact a ‘master regulator’ gene, which controls the behaviour of other genes found within fat in the body.",3,Here we show that the type 2 diabetes and high-density lipoprotein cholesterol-associated cis-acting expression quantitative trait locus (eQTL) of the maternally expressed transcription factor KLF14 acts as a master trans regulator of adipose gene expression.,3,same
08-11-032-1,"People aged 30 or over who choose to re-train as barristers are at a significant disadvantage to younger applicants, according to new research from King’s College London.",1,"However, those aged 30 and above were still disadvantaged in securing pupillages when controlling for attainment and university.",1,same
25-203,"Complications of pregnancy, such as high blood pressure and infections, are linked to a heightened risk of early coronary heart disease in the young adult offspring, finds research published in the online journal Heart Asia.",1,"Offspring of mothers with complications during pregnancy have an increased risk for premature ACS in adulthood, which may be of particular relevance in populations in transition, where the incidence of both pregnancy-related morbidity and CVD are high.",1,same
08-11-018-1,Research led by King’s College London has discovered the first solid evidence that genetic variations on chromosome 3 may cause depression.,2,"The linkage signal identified was genome-wide significant after correction for the multiple phenotypes tested, although subsequent association mapping of the region in a genome-wide association study of a U.K. depression sample did no...",1,exaggerates
07-11-026-1,Mother’s BMI linked to fatter babies,1,Infant abdominal AT and liver lipid increase with increasing maternal BMI across the normal range.,1,same
33-007,Researchers discover a new type of communication between donor photoreceptors developed from stem cells and host photoreceptors in mice with retinal dystrophy,0,"Here, however, we show that while integration occurs the majority of donor-reporter-labelled cells in the host arises as a result of material transfer between donor and host photoreceptors.",3,downplays
02-11-015-1,Researchers have demonstrated that the Wnt/β-catenin signaling pathway plays a key role in encouraging the growth of VSMC in vivo.,3,"β-Catenin signaling was induced in the media and intima at 3 and 28 days after ligation, respectively, and was associated with VSMC proliferation and cyclin D1 expression.",1,exaggerates
29-018,Queen Mary University of London and University of Leicester study suggests stress-induced events have negative effects on unborn children in early pregnancy,3,"Effects are found both in small municipalities, where homicides are rare, and in large municipalities, where violence is endemic, and are particularly pronounced among children of poorly educated mothers, implying that violence compounds the disadvantage that these children already suffer as a result of their households' lower socioeconomic status.",3,same
06-11-011-1,Researchers at the Institute of Neuroscience & Psychology have been able to identify the type of information contained within certain brainwaves related to vision.,3,"Third, we demonstrate, in analogy to communication technology, that oscillatory frequencies in the brain multiplex the coding of visual features, increasing coding capacity.",3,same
25-095,"A high dietary intake of omega 3 fatty acids, derived from oily fish, may help to lower the risk of death from bowel cancer in patients diagnosed with the disease, suggests research published online in the journal Gut.",2,Compared with patients who consumed Conclusions High marine ω-3 PUFA intake after CRC diagnosis is associated with lower risk of CRC-specific mortality.,1,exaggerates
04-11-002-1,A Cardiff University study has established a link between pub violence and happy hour-style drinking promotions.,1,Aggregate levels of surveyor-rated intoxication were associated with aggregate alcometer breath alcohol levels.,1,same
15-11-020-1,A study by Oxford University scientists in which starlings pecked on different coloured keys to gain a food reward shows that the birds pay too much attention to context: this makes them vulnerable to the sort of tricks that marketing specialists use to try to make human shoppers choose one product over another.,3,"In an experiment with starlings, adding cues that identified the context impaired performance in simultaneous prey choices but improved it in sequential prey encounters, in which subjects could reject opportunities in order to search instead in the background.",3,same
02-11-031-1,"Neuroscientists at the University of Bristol have identified the reasons behind why we are, at times, unable to link a face to a name.",3,"Thus, the hippocampus plays a role in recognition memory when such memory involves remembering that a particular stimulus occurred in a particular place or when the memory contains a temporal or object recency component.",3,same
33-006,Disulfiram prevents scars forming in a mouse model of scarring conjunctivitis and returns human scarring cells from people with the condition back to normal,3,"Conversely, application of ALDH inhibitors, including disulfiram, to OMMP fibroblasts in vitro restored their functionality to that of normal controls.",3,same
08-11-006-1,"They have developed a monoclonal antibody which was found to offer protection against tuberculosis infection in experimental models when combined with interferon, a modulator of the immune system.",3,The demonstration of the mandatory role of FcαRI (CD89) for human IgA-mediated protection is important for understanding of the mechanisms involved and also for translation of this approach toward development of passive immunotherapy of tuberculosis.,3,same
07-11-014-1,Scientists identify new stimulant that may boost vaccinations at birth,2,"These observations provide fresh insights into the ontogeny of innate immunity in African children, and may inform development of age-specific adjuvanted vaccine formulations important for global health.",2,same
25-079,"Use of methylphenidate in children and young people with ADHD is associated with a slightly increased risk of abnormal heart rhythm (arrhythmia) shortly after the start of treatment, suggests research published by The BMJ today.",1,The relative risk of myocardial infarction and arrhythmias is increased in the early period after the start of methylphenidate treatment for ADHD in children and young people.,1,same
25-051,"Hydrolysed infant milk formula does not appear to protect against allergic or autoimmune disorders, suggest findings published in The BMJ today.",0,These findings do not support current guidelines that recommend the use of hydrolysed formula to prevent allergic disease in high risk infants.,0,same
05-11-005-1,Researchers have created a tiny device that triggers reactions in cells.,3,"Here, we show that palladium nanoparticles trapped within polystyrene microspheres can enter cells and mediate a variety of Pd(0)-catalysed reactions, such as allylcarbamate cleavage and Suzuki-Miyaura cross-coupling.",2,exaggerates
16-11-007-1,Scientists including those from Queen’s University have discovered that taking regular aspirin halves the risk of developing hereditary cancers.,3,600 mg aspirin per day for a mean of 25 months substantially reduced cancer incidence after 55·7 months in carriers of hereditary colorectal cancer.,3,same
25-188,"Workplace exposure to very low frequency electromagnetic fields may be linked to a doubling in risk of developing the most common form of motor neurone disease—amyotrophic lateral sclerosis, or ALS for short—suggests research published online in Occupational & Environmental Medicine.",1,These results strengthen the evidence suggesting a positive association between ELF-MF exposure and ALS.,1,same
16-11-001-1,"Scientists at Queen’s Centre for Vision and Vascular Science have discovered the role of an enzyme which, when a patient receives chemotherapy, can cause life-threatening damage to the heart.",2,Our findings suggest that ROS specifically derived from Nox2 NADPH oxidase make a substantial contribution to several key processes underlying development of cardiac contractile dysfunction and remodeling associated with doxorubicin chemotherapy.,3,downplays
12-11-007-1,"Multiculturalism is associated with strengthening the ties between different ethnic groups, according to an extensive study of English data.",1,"Results of the multilevel regression models show that, after adjusting for area deprivation, increased levels of social cohesion are found in areas of greater ethnic residential heterogeneity.",1,same
11-005,"Jamie Oliver’s back-to-basics approach to improving our diets works, according to a new study.",3,"MoF community-based cooking interventions can have significant positive effects on dietary behaviour, food choice and cooking confidence",2,exaggerates
25-090,"Drop level from 10 percent risk to 4 percent to extend lives of more women, say researchers",3,"Conclusions Premenopausal RRSO appears to be extremely cost-effective at ≥4% lifetime OC risk, with ≥42.7 days gain in life expectancy if compliance with hormone replacement therapy is high.",0,exaggerates
25-177,"Daily screen time of three or more hours is linked to several risk factors associated with the development of diabetes in children, finds research published online in the Archives of Disease in Childhood.",1,"Strong graded associations between screen time, adiposity and insulin resistance suggest that reducing screen time could facilitate early T2D prevention.",1,same
07-11-003-1,Scientists find key protein that suppresses prostate cancer growth in the laboratory,3,"Here we show that FUS has some characteristics of a putative tumor suppressor, as its overexpression promoted growth inhibition and apoptosis of prostate cancer cells, whereas its knockdown increased cell proliferation.",3,same
04-11-015-1,A combination of rare and common genetic variations could play a part in biological pathways linked to Attention Deficit Hyperactivity Disorder (ADHD).,2,Both common and rare genetic variants appear to be relevant to ADHD,1,exaggerates
20-11-014-1,Enzyme identified as possible reason for multiple miscarriage and infertility,2,"Thus, depending on the cellular compartment, deregulated SGK1 activity in cycling endometrium interferes with embryo implantation, leading to infertility, or predisposes to pregnancy complications by rendering the feto-maternal interface vulnerable to oxidative damage.",3,downplays
25-100,"Eating meat, drinking alcohol, marriage and under 7 hours sleep nightly all linked to greater risk",1,"This study estimated that the prevalence of overweight and obesity among adult residents of Jilin Province, northeast China, were high.",3,downplays
25-046,"And may contribute to antipsychotic drug treatment failure, suggest researchers",2,"This was linked to the prescription of several different antipsychotic drugs, indicating clinical judgement of antipsychotic treatment failure.",1,exaggerates
25-015,"The global toll taken by injuries on daily life has fallen by almost a third in the past quarter of a century, reveals research published online in the journal Injury Prevention.",0,Between 1990 and 2013 the global age-standardised injury DALY rate decreased by 31% (UI 26% to 35%).,0,same
05-11-037-1,Patients with life-threatening heart valve disease could be helped with alternative scanning techniques that provide greater insight into the condition.,3,"Positron emission tomography is a novel, feasible, and repeatable approach to the evaluation of valvular calcification and inflammation in patients with aortic stenosis.",3,same
26-018,"For the first time, scientists have shown that malaria-transmitting mosquitoes actively avoid feeding on certain animal species such as chickens, using their sense of smell. Odors emitted by species such as chickens could provide protection for humans at risk of mosquito-transmitted diseases, according to a study in the open access Malaria Journal.",2,Non-host volatiles repel host-seeking An.,3,downplays
12-11-017-1,"Do well at school to avoid heart disease later, research shows",3,"Men and women who leave school without any qualifications may be able to 'catch up' to some extent with more qualified people in terms of lowered CHD risk, if they obtain qualifications later on in life.",3,same
01-11-001-1,He continued: ‘We are endowed with a wonderful cognitive tool - hand gesture - that helps us to visualise objects from different angles.,3,We concluded that gestures enhance performance on spatial visualization tasks by improving the internal computation of spatial transformations.,3,same
25-094,"Home cooked meals specifically designed for infants and young children, are not always better than commercially available baby foods, suggests research published online in the Archives of Disease in Childhood.",1,The majority of commercial meals provided an energy-dense meal with greater vegetable variety per meal to their home-cooked counterparts.,1,same
01-11-013-1,"A simple test to measure blood oxygen in newborns has been shown to identify babies with life-threatening congenital heart defects, a major cause of infant mortality in the developed world, according to researchers from the University of Birmingham and Birmingham Women’s Hospital.",3,It identifies cases of critical congenital heart defects that go undetected with antenatal ultrasonography.,3,same
25-025,"Almost three quarters of the weekend emergency care caseload is linked to excess alcohol intake, finds an activity analysis of one large inner city hospital in England, and published online in Emergency Medicine Journal.",1,"The prevalence rates of alcohol related attendances were 12% and 15% for the retrospective and prospective cohorts, respectively.",0,exaggerates
07-11-016-1,C. difficile increases risk of death sixfold in patients with inflammatory bowel disease,3,Patients with inflammatory bowel disease admitted to NHS hospitals in England with co-existent C. difficile infection are at risk of greater in-hospital mortality and morbidity than patients admitted for inflammatory bowel disease alone.,3,same
26-027,"Women with lower levels of education and living in more deprived areas of the UK are at greater risk of coronary heart disease, and this is largely due to smoking, obesity and physical inactivity, according to a study of over a million women published in the open access journal BMC Medicine.",3,"Most of the association between CHD risk and education and area deprivation in UK women is accounted for by health-related behaviours, particularly by smoking and to a lesser extent by alcohol consumption, physical inactivity and BMI.",1,exaggerates
19-11-002-1,"Increases in winter indoor temperatures in the United Kingdom, United States and other developed countries may be contributing to rises in obesity in those populations, according to UCL research published today.",2,"Reduced exposure to seasonal cold may have a dual effect on energy expenditure, both minimizing the need for physiological thermogenesis and reducing thermogenic capacity.",2,same
03-11-019-1,Abnormal brain structure linked to chronic cocaine abuse,1,Greater impairment of attentional control was associated with reduced volume in insular cortex and increased volume of caudate nucleus.,1,same
22-023,"Many pain-sensing nerves in the body are thought to respond to all types of ‘painful events’, but new UCL research in mice reveals that in fact most are specialised to respond to specific types such as heat, cold or mechanical pain.",0,"After intraplantar treatment with prostaglandin E2, neurons in vivo respond more intensely to noxious thermal and mechanical stimuli, and additional neurons (silent nociceptors) are unmasked.",1,downplays
07-11-021-1,‘Smart materials’ that make proteins form crystals to boost research into new drugs,3,"We have shown that six different MIPs induced crystallization of nine proteins, yielding crystals in conditions that do not give crystals otherwise.",3,same
25-037,Higher nurse to patient ratio linked to reduced risk of inpatient death,1,Ward-based RN staffing is significantly associated with reduced mortality for medical patients.,1,same
25-013,Study finds no clear evidence of a downward trend in neural tube defects over 20 year period,0,"Prevalence of NTD fluctuated slightly but without an obvious downward trend, with the final estimate of the pooled total prevalence of NTD in 2011 similar to that in 1991.",0,same
14-11-030-1,"A combined approach of offering education, free or low-cost equipment and a home safety inspection is likely to have the most impact, the study by a research team involving academics from the Universities of Leicester, York and Nottingham has discovered.",1,"The intervention containing all of the aforementioned components was identified as being the most likely to be the most effective (probability (best) ¼ 0.66), with an odds ratio versus usual care of 7.15 (95% credible interval: 2.40, 22.73); 2) type of battery-powered alarms: ionization alarms with lithium batteries were most likely to be the best type for increasing functioning possession (probability (best) ¼ 0.69).",1,same
02-11-051-1,"Parents of some obese children could save up to £6.58 each week by changing their shopping habits and opting for a healthier diet, according to research published in the latest issue of the British Journal of General Practice.",2,"For many obese children, eating healthily would not necessarily incur prohibitive, additional financial cost, although a poor diet at a budget supermarket remains the cheapest of all options.",1,exaggerates
04-11-001-1,A leading UK scientist’s search for factors that increase the risk of developing Alzheimer’s has uncovered five new genes to help pinpoint what’s going wrong in the brain.,1,Three SNPs at two loci replicated and showed evidence for association in a further sample (stage 3).,1,same
11-008,Inhibiting RAD51 helped increase the effectiveness of radiotherapy in killing off glioblastoma cells,3,"In GSCs, the small-molecule RAD51 inhibitors RI-1 and B02 prevent RAD51 focus formation, reduce DNA DSB repair, and cause significant radiosensitization.",3,same
25-201,Fibre-rich diet linked to lowered risk of painful knee osteoarthritis,1,"Findings from two longitudinal studies consistently showed that higher total fibre intake was related to a lower risk of SxOA, while the relation to ROA was unclear.",1,same
05-11-012-1,Scientists have pinpointed a gene that controls how quickly a person’s nerves can regenerate after injury or disease.,3,"Taken together, these findings have identified isoform-specific roles for apoE in determining the protein composition of peripheral nerve as well as regulating nerve regeneration pathways in vivo.",3,same
25-022,Certain antidepressants linked to heightened risk of mania and bipolar disorder,1,Prior antidepressant treatment was associated with an increased incidence of mania/bipolar disorder ranging from 13.1 to 19.1 per 1000 person-years.,1,same
06-11-002-1,"[February 2011]. Researchers at the University of Glasgow and University College London (UCL) have, for the first time, enhanced visual perception through rhythmic transcranial magnetic stimulation (rTMS) of the brain.",3,"Here we show via transcranial magnetic stimulation (TMS) interventions that short rhythmic bursts of right-parietal TMS at theta or beta frequency can causally benefit processing of global or local levels, respectively, for hierarchical visual stimuli, especially in the context of salient incongruent distractors.",2,exaggerates
25-009,"Pedestrian wheelchair users in the US are a third more likely to be killed in road traffic collisions than the general public, finds research published in the online journal BMJ Open.",1,Men9s risk was over fivefold higher than women9s risk (p Conclusions Persons who use wheelchairs experience substantial pedestrian mortality disparities calling for behavioural and built environment interventions.,0,exaggerates
25-176,"A new model of healthcare that focuses on a stronger role for nurses in primary care has been associated with a higher uptake of insulin treatment among patients with type 2 diabetes, reports a study published in The BMJ today.",1,"The Stepping Up model of care was associated with increased insulin initiation rates in primary care, and improvements in glycated haemoglobin without worsening emotional wellbeing.",1,same
29-019,"People who have their stomach size surgically reduced move around more and easier after weight loss surgery, a study has found.",3,"Similarly, analysis of five studies demonstrated increased musculoskeletal function at 3-6 months (SMD: 1.51; 95% CI: 0.60-2.42).",3,same
26-013,"Infertility and hormonal fertility treatments may influence the amount of dense tissue in the breast, a risk factor for breast cancer, according to a study involving 43,313 women, published in the open access journal Breast Cancer Research.",2,"The higher absolute dense volume in women treated with COS may indicate a treatment effect, although part of the association might also be due to the underlying infertility.",2,same
15-11-002-1,"Changes in the environment that put the lives of adults at risk drive parents to invest more in caring for their offspring, scientists have found.",3,"In general, we find that environmental variability, the life-history traits affected by such variability and the specific costs of care interact to determine whether care will be favoured in a variable environment and what levels of care will be selected.",3,same
25-178,"Physical activity levels may start tailing off as early as the age of 7, rather than during adolescence as is widely believed, reveals a long term study of British children, published online in the British Journal of Sports Medicine.",0,"There was no evidence that physical activity decline began at adolescence, or that adolescent declines in physical activity were substantially greater than the declines during childhood, or greater in girls than boys.",0,same
29-028,University of Leicester study suggests people can reduce chances of getting Type 2 diabetes by completing new education programme,2,"This study suggests that being retained/engaged in a relatively low-resource, pragmatic diabetes prevention programme for those at high risk is associated with reductions in the progression to T2DM in comparison to those who receive standard care.",1,exaggerates
25-017,"The available evidence suggests no difference in treatment effects of second generation antidepressants and cognitive behavioral therapy (CBT) either alone or in combination, for patients with major depressive disorder, finds a study in The BMJ today.",0,"Meta-analyses found no statistically significant difference in effectiveness between second generation antidepressants and CBT for response (risk ratio 0.91, 0.77 to 1.07), remission (0.98, 0.73 to 1.32), or change in 17 item Hamilton Rating Scale for Depression score (weighted mean difference, −0.38, −2.87 to 2.10).",0,same
25-190,Women less likely than men to get appointment within 48 hours; clinics in England show worst decline,1,Access to GUM services has worsened for those with symptoms suggestive of an acute STI and is significantly poorer for asymptomatic women.,1,same
08-11-004-1,"Two effective treatments benefit up to 60 per cent of patients with Chronic Fatigue Syndrome or Myalgic Encephalomyelitis (CFS/ME), according to a collaborative trial by King’s College London and colleagues from Queen Mary, University London, and the University of Edinburgh, published in The Lancet today.",3,"CBT and GET can safely be added to SMC to moderately improve outcomes for chronic fatigue syndrome, but APT is not an effective addition.",3,same
29-030,"University of Leicester scientists have previously identified the potential of using a bacteriophage cocktail to eradicate Clostridium difficile infection (CDI) and in this research, using an insect model, they show that their prophylactic use can prevent infection forming in the first place.",2,"Taken together, our data suggest that the phages significantly reduce C. difficile biofilms, and prevent colonization in the G. mellonella model when used alone or in combination with vancomycin.",3,downplays
26-039,"A study of nearly 280,000 women in the United States has found that living in areas with a high level of fine particles from air pollution may increase a woman’s chance of having dense breasts – a well-established risk factor for breast cancer – according to a new study published in the open access journal Breast Cancer Research.",2,Exposure to PM2.5 and O3 may in part explain geographical variation in mammographic density.,2,same
15-11-007-1,"People will suffer more pain for their close friends than for their acquaintances and sometimes more than they would for themselves, an Oxford University scientist has found.",1,Cost endured was positively correlated with the strength of the social tie between donor and recipient.,1,same
07-11-029-1,"Statins reduce deaths from infection and respiratory illness, eight years on from trial",3,Legacy effects of those originally assigned atorvastatin may contribute to long-term benefits on all-cause mortality.,2,exaggerates
20-11-018-1,"This research, led by Professor Victor Zammit, Head of Metabolic and Vascular Health at Warwick Medical School, found that the enzyme known as ‘Carnitine palmitoyltransferase 1A’ (CPT1) has a switch which is thrown depending on the composition and curvature of its cellular membrane.",3,"Based on the amphiphilic nature of N and molecular modeling, we propose malonyl-CoA sensitivity to be coupled to the properties of the OMM by Nα-OMM associations that alter the Nα/Nβ ratio.",1,exaggerates
14-11-002-1,Faulty 'off-switch' stops children with ADHD from concentrating,3,"During an inhibitory control task, children with ADHD exhibit a raised motivational threshold at which task-relevant stimuli become sufficiently salient to deactivate the DMN.",1,exaggerates
26-015,"There is little evidence to support any consistent effect of probiotics on the gut microbiota of healthy individuals, according to a systematic review published in the open access journal Genome Medicine. The World Health Organization defines probiotics as live microorganisms which confer a health benefit to the host if administered in adequate amounts and probiotics products are often marketed toward the general population. However, evidence for their effects on bacteria living in the guts of healthy adults remains elusive.",0,This systematic review of the pertinent literature demonstrates a lack of evidence for an impact of probiotics on fecal microbiota composition in healthy adults.,0,same
15-11-016-1,"Women with straightforward pregnancies can choose whether they’d like to give birth in a hospital obstetric unit, a midwifery unit or at home, knowing that giving birth is generally very safe.",0,"Overall, there were no significant differences in the adjusted odds of the primary outcome for any of the non-obstetric unit settings compared with obstetric units.",0,same
07-11-002-1,"Obesity has doubled since 1980, major global analysis of risk factors reveals",1,"Globally, mean BMI has increased since 1980.",1,same
02-11-006-1,"Boys and girls who take part in physical activity with their best friend in the neighbourhood where they live have higher levels of physical activity, new research has found.  With many children not doing enough physical activity the findings could help with the UK’s current health care concerns.",3,Boys and girls who take part in physical activity with their best friend at home or in the neighborhood where they live engage in higher levels of physical activity.,3,same
01-11-011-1,"Premature babies risk mental health problems, say experts",3,"The risk of these outcomes was increased for PT/LBW individuals compared with controls [any diagnosis: odds ratio (OR) 3.66, 95% confidence interval (CI) 2.57–5.21; anxiety or depressive disorder: OR 2.86, 95% CI 1.73–4.73].",1,exaggerates
22-021,"Body clock function can break down when light and temperature levels throughout the day are out of sync, finds new UCL research in fruit flies.",2,The behavioral disruption depends heavily on the phase relationship between light and temperature signals.,3,downplays
06-11-009-1,A new study by scientists has revealed that time spent sitting down is a diabetes risk factor in South Asians independent of how much they exercise.,1,"These data highlight an important relationship between sitting time and 2-h glucose levels in U.K. South Asians, independent of physical activity and waist circumference.",1,same
05-11-002-1,Bird flu epidemics could be prevented by a new strain of chickens that do not spread avian flu to other birds.,2,"Although the transgenic birds succumbed to the initial experimental challenge, onward transmission to both transgenic and nontransgenic birds was prevented.",3,downplays
32-003,Kent researchers have identified how few mutations it can take for Ebolaviruses to adapt to affect previously resistant species.,2,"Hence, there is evidence that few mutations including crucial mutations in VP24 enable Ebola virus adaptation to new hosts.",3,downplays
13-11-013-1,Fewer mental illness beds linked with increase in involuntary hospital detentions,1,"The annual reduction in provision of mental illness beds was associated with the rate of involuntary admissions over the short to medium term, with the closure of two mental illness beds leading to one additional involuntary admission in the subsequent year.",1,same
04-11-007-1,"Sharing anonymised hospital data prevents violence, Cardiff study shows",3,This intervention led to a significant reduction in violent injury and was associated with an increase in police recording of minor assaults in Cardiff compared with similar cities in England and Wales where this intervention was not implemented.,3,same
25-187,"Every £1.00 spent on public health returns an extra £14 on the original investment, on average—and in some cases, significantly more than that—concludes a systematic review of the available evidence, published online in the Journal of Epidemiology & Community Health.",3,This systematic review suggests that local and national public health interventions are highly cost-saving.,3,same
29-015,An international team of researchers from the Universities of Leicester and Naples has examined the role of a receptor in the body that could help to prevent or reduce the effects of asthma attacks.,2,We demonstrated a novel dual airway immunomodulator/bronchodilator role for N/OFQ and suggest targeting this system as an innovative treatment for asthma.,3,downplays
25-044,"Paid parental leave is linked to a lower rate of kids' admission to hospital for head injury, finds research published in the journal Injury Prevention.",1,"Compared with seven states with no PFL policies, California's 2004 PFL showed a significant decrease in AHT admissions in both <1 and <2-year-olds.",1,same
07-11-030-1,‘Gene overdose’ causes extreme thinness,3,The phenotypes correlate with changes in transcript levels for genes mapping within the duplication but not in flanking regions.,1,exaggerates
09-11-001-1,"Errors are common when care home staff help older people to use medical inhalers, research from the University of Leeds has shown.",1,Inhalers and liquid medicines were associated with significantly increased odds of administration errors.,1,same
26-004,"Breast cancer survivors treated with chemotherapy could be lacking sufficient antibodies to protect against common illnesses, as chemotherapy reduces the body's immune response, according to research published in the open access journal Breast Cancer Research. This work raises the possibility that these survivors could benefit from additional post-treatment monitoring. Further work is required to assess if revaccination would be beneficial.",3,Breast cancer chemotherapy is associated with long-term changes in immune parameters that should be considered during clinical management.,1,exaggerates
04-022,"Researchers from the University of California (UCLA) and Cardiff University have made a breakthrough in the understanding of AIDS-related dementia, discovering the role of a neuron protein which was also found to affect learning abilities in healthy subjects.",3,"Overall, our results demonstrate that CCR5 plays an important role in neuroplasticity, learning and memory, and indicate that CCR5 has a role in the cognitive deficits caused by HIV.",3,same
09-11-015-1,"Research shows infection by the brain parasite Toxoplasma gondii, found in 10-20 per cent of the UK’s population, directly affects the production of dopamine, a key chemical messenger in the brain.",3,"In this study, infection of mammalian dopaminergic cells with T. gondii enhanced the levels of K+-induced release of dopamine several-fold, with a direct correlation between the number of infected cells and the quantity of dopamine released.",3,same
09-11-005-1,"The study by Dr Stephen Griffin and colleagues, published in the journal Hepatology, reveals how two prototype small molecule drugs, known as p7 inhibitors, can each attack different parts of the hepatitis C virus.",2,The hepatitis C virus (HCV) p7 ion channel plays a critical role during infectious virus production and represents an important new therapeutic target.,3,downplays
25-104,Air pollution may shorten survival of patients with lung cancer,2,These epidemiological findings support the hypothesis that air pollution exposures after lung cancer diagnosis shorten survival.,3,downplays
25-202,"Reduces pain, improves function, and is safe; prescribe it for long term treatment, say researchers",3,A 800 mg/day pharmaceutical-grade CS is superior to placebo and similar to celecoxib in reducing pain and improving function over 6 months in symptomatic knee osteoarthritis (OA) patients.,3,same
25-152,"Four or more weekly servings seem to have greatest impact, findings suggest",2,"Higher cured meat intake was associated with worsening asthma symptoms over time, through a direct effect and to a lesser extent an effect mediated by BMI.",3,downplays
03-11-043-1,A new study shows that children as young as three or four years old can talk informatively and accurately about experiences – including incidents of abuse – if they are interviewed by specialists who understand children’s strengths and weaknesses.,2,"The findings suggest that even 3-year-olds can provide information about experienced events when recall processes are activated, although the ability to provide narrative responses to open-ended recall prompts only becomes reliable later in development.",2,same
25-030,"Occupational exposure to textile dust is associated with a more than doubling in the risk of developing rheumatoid arthritis, finds research published online in the Annals of the Rheumatic Diseases.",1,This is the first study demonstrating that textile dust exposure is associated with an increased risk for RA.,1,same
13-11-016-1,Aspirin cuts cancer rates in people with hereditary risk by more than half,3,600 mg aspirin per day for a mean of 25 months substantially reduced cancer incidence after 55·7 months in carriers of hereditary colorectal cancer.,3,same
29-040,Researchers from the University of Leicester have for the first time discovered that bacteria that cause respiratory infections are directly affected by air pollution - increasing the potential for infection and changing the effectiveness of antibiotic treatment.,3,Therefore our study highlights that air pollution has a significant effect on bacteria that has been largely overlooked.,3,same
07-11-038-1,"Scientists have discovered an enzyme that acts as a ‘fertility switch’, in a study published in Nature Medicine today.",3,"Thus, depending on the cellular compartment, deregulated SGK1 activity in cycling endometrium interferes with embryo implantation, leading to infertility, or predisposes to pregnancy complications by rendering the feto-maternal interface vulnerable to oxidative damage.",3,same
25-111,"UK deaths from heart disease and stroke have plummeted by almost 70% over the past 30 years, but these improvements have not been equally distributed among all four countries, or between men and women, finds an analysis of the available data, published online in the journal Heart.",1,"This review highlights that improvements in the burden of CVD have not occurred equally between the four constituent countries of the UK, or between men and women.",1,same
25-018,Flu vaccine unlikely to trigger reaction in children with egg allergy and asthma,0,No systemic allergic reactions occurred (upper 95% confidence interval for population 0.47% and in participants with anaphylaxis to egg 1.36%).,0,same
25-184,A more nuanced approach to role of alcohol in heart health is needed,3,"To investigate the association between alcohol consumption and cardiovascular disease at higher resolution by examining the initial lifetime presentation of 12 cardiac, cerebrovascular, abdominal, or peripheral vascular diseases among five categories of consumption.",1,exaggerates
29-031,A new study led by the University of Leicester to understand how to improve the health of severe asthma patients has made a breakthrough finding.,0,PP5-dependent impairment of GRα function represents a novel mechanism driving GC insensitivity in ASM in severe asthma.,3,downplays
09-11-007-1,"University of Leeds researchers have used next-generation DNA sequencing techniques to discover what causes a rare form of inherited eye disorders, including cataracts and glaucoma, in young children.",3,"Our findings imply that peroxidasin is essential for normal development of the anterior chamber of the eye, where it may have a structural role in supporting cornea and lens architecture as well as an enzymatic role as an antioxidant enzyme in protecting the lens, trabecular meshwork, and cornea against oxidative damage.",3,same
15-11-008-1,A new way of examining networks is revealing how different areas of the brain team up to help people learn.,3,"Our results indicate that flexibility, which we measure by the allegiance of nodes to modules, in one experimental session predicts the relative amount of learning in a future session.",1,exaggerates
03-11-008-1,Scientists have identified a diabetes drug which halves the mortality rate of a deadly infectious disease found throughout Southeast Asia and Northern Australia.,3,"Survival was greater in diabetics than in nondiabetics (38% vs 45%, respectively, P = .04), but the survival benefit was confined to the patient group taking glyburide (adjusted odds ratio .47, 95% confidence interval .28–.74, P = .005).",3,same
29-022,"New knowledge about the mechanism of specific protein complexes in the body could help in the development of better drugs for the treatment of diseases such as cancer and Alzheimer’s, according to research led by the University of Leicester.",0,"The crystal structure of the HDAC1:MTA1 complex bound to a novel peptide-based inhibitor and to inositol hexaphosphate suggests a molecular basis of substrate recognition, and an entropically driven allosteric mechanism of activation.",0,same
05-11-004-1,Language learning influenced by genes,3,"These results provide strong support for ROBO1 as a gene involved in a core trait underpinning language acquisition, with a specific function in supporting a short-term buffer for arbitrary phonological strings.",3,same
06-11-006-1,Middle aged diabetes patients can die six years earlier,2,"In addition to vascular disease, diabetes is associated with substantial premature death from several cancers, infectious diseases, external causes, intentional self-harm, and degenerative disorders, independent of several major risk factors.",1,exaggerates
25-068,"The number of hospital cases of self-inflicted harm, such as cutting and overdosing on prescription meds, has risen steadily since 2008 in England among men, reveals research published in the online journal BMJ Open.",0,"Trends in rates of self-harm and suicide may be closely related; therefore, self-harm can be a useful mental health indicator.",1,downplays
02-11-002-1,Processed food diet in early childhood diet may lower subsequent IQ,2,"There is evidence that a poor diet associated with high fat, sugar and processed food content in early childhood may be associated with small reductions in IQ in later childhood, while a healthy diet, associated with high intakes of nutrient rich foods described at about the time of IQ assessment may be associated with small increases in IQ.",1,exaggerates
25-185,"Giving corticosteroid drugs to mothers at risk of preterm delivery - from as early as 23 weeks of pregnancy - is associated with a lower rate of death and serious illness for their babies, finds a study published by The BMJ today.",1,"Among infants born from 23 to 34 weeks' gestation, antenatal exposure to corticosteroids compared with no exposure was associated with lower mortality and morbidity at most gestations.",1,same
10-11-005-1,"Scientists at the University have found that eye movement patterns of Chinese people, born and raised in China, are different to those of Caucasian people living in Britain.",1,"This pattern of response had been reported to be very uncommon in healthy, naive subjects.",1,same
26-023,"Revision of standards is needed to test sunglasses quality and establish safe limits for the lenses' UV filters, according to research published in the open access journal Biomedical Engineering OnLine.",0,We provide evidence of the need to re-evaluate the parameters of the tests to establish appropriate safe limits for UV irradiance.,0,same
14-11-011-1,"The team of immunologists led by Drs Ghaem-Maghami and Martinez-Pomares in the University’s School of Molecular Medical Sciences, and funded by the charity Asthma UK, have identified a cell component which plays a key role in triggering allergic responses to cat dander.",3,Our data show for the first time that Fel d 1 is a novel ligand of the cysteine-rich domain of MR and that MR is likely to play a pivotal role in allergic sensitization to airborne allergens in vivo.,2,exaggerates
15-11-005-1,"The judgements we make about the intimacy of other couples’ relationships are influenced by the brain chemical serotonin, an Oxford University study has found.",3,"Our results suggest that central serotonin activity influences the appraisal of close intimate partnerships, raising the possibility that serotonergic dysfunction contributes to altered cognitions about relationships in psychiatric illnesses.",3,same
32-002,A team led by researchers at the University has identified bacterial infection as a possible cause of Overactive Bladder Syndrome (OAB).,2,"These data suggest that increased ATP release from the urothelium, involving bacterial colonization, may play a role in the heightened symptoms associated with pyuric OAB patients.",2,same
08-11-021-1,An early study in mice has shown that leukaemic stem cells can be abolished by suppressing two proteins found in the body.,2,"Together, these results reveal an important functional interplay between MLL/Hox and Bmi1 in regulating cellular senescence for LSC development, suggesting that a synergistic targeting of both molecules is required to eradicate a broader spectrum of LSCs.",3,downplays
25-121,"People with one of the genetic profiles associated with increased body weight (known as the FTO gene) respond equally well to diet, exercise, and drug based weight loss interventions as the rest of the population, concludes a study in The BMJ today.",0,We have observed that carriage of the FTO minor allele was not associated with differential change in adiposity after weight loss interventions.,0,same
13-11-019-1,"An individual’s social norms in terms of what they consider acceptable weight are formed during childhood, and are not highly influenced by our later social networks according to the study published online this week in Obesity.",1,The findings indicate that time constant factors explain some of the overall correlation in sibling BMI for both cohorts of siblings.,1,same
25-132,"Cutting exposure to common environmental synthetic chemicals by 25 per cent might ward off more than 150,000 cases of diabetes in Europe and save €4.5 billion every year, suggest estimates published online in the Journal of Epidemiology & Community Health.",2,"Results Reduction of chemical exposures was associated with a 13% (95% CI 2% to 22%) reduction in prevalent diabetes, compared with 40% resulting from an identical (25%) reduction in body mass index (BMI) in cross-sectional analyses.",1,exaggerates
25-160,"However, treatment was also linked with an increased risk of complications such as preterm delivery, gestational diabetes, and pre-eclampsia.",1,"Thyroid hormone treatment was associated with decreased risk of pregnancy loss among women with subclinical hypothyroidism, especially those with pre-treatment TSH concentrations of 4.1-10 mIU/L.",1,same
26-021,"People who have recently begun an attempt to quit smoking tobacco are more likely to try to drink less alcohol than other smokers, according to research published in the open access journal BMC Public Health.",1,"Smokers who report starting a quit attempt in the last week also report lower alcohol consumption, including less frequent binge drinking, and appear more likely to report currently attempting to reduce their alcohol consumption compared with smokers who do not report a quit attempt in the last week.",1,same
15-11-003-1,"In contrast, positive expectations of treatment doubled the natural physiological or biochemical effect of the opioid drug among the healthy volunteers in the study.",3,"On the basis of subjective and objective evidence, we contend that an individual's expectation of a drug's effect critically influences its therapeutic efficacy and that regulatory brain mechanisms differ as a function of expectancy.",3,same
25-159,Study adds to evidence that psychological distress could predict certain physical conditions,1,"This study contributes to the growing evidence that psychological distress might have some predictive capacity for selected cancer presentations, in addition to other somatic diseases.",1,same
11-007,"Bowel cancer patients are more likely to survive if treated in hospitals where lots of clinical research is taking place - even if they themselves are not involved in trials, a study has found.",1,There is a strong independent association between survival and participation in interventional clinical studies for all patients with CRC treated in the hospital study participants.,1,same
04-002,New ‘homing’ treatment could aid recovery for brain damaged patients,2,"In experimental TBI, CD59-2a-CRIg administered posttrauma homed to sites of injury and significantly reduced MAC deposition, microglial accumulation, mitochondrial stress, and axonal damage and enhanced neurologic recovery compared with placebo controls.",3,downplays
04-11-003-1,A Cardiff University-led study has discovered that a protein provides protection against the effects of alcohol in the pancreas.,3,Calmodulin protects by reducing calcium release sensitivity.,3,same
29-014,"The number of older people in England living with more than one chronic condition could have risen by ten per cent in the last decade putting increasing pressure on the NHS, new research has suggested.",0,"In contrast, the prevalence of multimorbidity steadily increased over time (31.7 % in 2002/2003 vs. 43.1 % in 2012/2013).",0,same
02-11-017-1,Even mild stress is linked to long-term disability,2,Mild psychological distress may be associated with more long-term disability than previously acknowledged and its public health importance may be underestimated.,1,exaggerates
25-166,Study reports that vitamin D supplements reduce risk of acute respiratory infections,3,Vitamin D supplementation was safe and it protected against acute respiratory tract infection overall.,3,same
25-183,"Rising temperatures across the world may be playing a part in the growing numbers of people developing diabetes, suggests research published online in the journal BMJ Open Diabetes Research & Care.",2,Our findings indicate that the diabetes incidence rate in the USA and prevalence of glucose intolerance worldwide increase with higher outdoor temperature.,1,exaggerates
26-040,"The number of people requiring palliative care over the next 25 years is likely to increase substantially, requiring a shift in healthcare priorities in England and Wales, according to new research published in the open access journal BMC Medicine.",0,"If recent mortality trends continue, 160,000 more people in England and Wales will need palliative care by 2040.",0,same
04-11-011-1,"Genetic mutations that cause schizophrenia could be linked to systems in the brain responsible for learning and memory, a study suggests.",3,"Our data indicate that defects in NMDAR postsynaptic signalling and, possibly, ARC complexes, which are known to be important in synaptic plasticity and cognition, play a significant role in the pathogenesis of schizophrenia.",1,exaggerates
25-077,Parents in Northern India favour boys over girls when it comes to making sure that their children's heart problems are corrected--even when treatment is provided completely free of charge--reveals research published in the online journal Heart Asia.,1,Significant gender discrepancies exist in healthcare-seeking behaviour of patients in North India despite the provision of free cardiac treatment.,1,same
15-11-025-1,"A study of schizophrenia patients has found profound disruptions in their sleep patterns, with half also having irregular body clocks that are out of synch with the pattern of night and day.",1,Significant sleep/circadian disruption occurred in all the participants with schizophrenia.,1,same
02-11-005-1,MicroRNAs could increase the risk of amputation in diabetics,2,We found that microRNA-503 (miR-503) expression in ECs is upregulated in culture conditions mimicking diabetes mellitus (high D-glucose) and ischemia-associated starvation (low growth factors).,3,downplays
07-11-037-1,"New research published this week suggests the growth rate of the brain’s cerebral cortex in babies born prematurely may predict how well they are able to think, speak, plan and pay attention later childhood.",2,"The rate of cerebral cortical growth between 24 and 44 weeks PMA predicts global ability in later childhood, particularly complex cognitive functions but not motor functions.",3,downplays
01-11-016-1,"High blood pressure should be diagnosed using ambulatory blood pressure monitoring (repeated measurements throughout a 24-hour period), which is not only more clinically accurate than clinic-based measurements but is better value for money, according to University of Birmingham research published online today in the Lancet.",1,Ambulatory monitoring as a diagnostic strategy for hypertension after an initial raised reading in the clinic would reduce misdiagnosis and save costs.,2,downplays
07-11-041-1,Switching drugs improves breast cancer patient survival rates,3,The protective effect of switching to exemestane compared with continuing on tamoxifen on risk of relapse or death was maintained for at least 5 years post-treatment and was associated with a continuing beneficial impact on overall survival.,1,exaggerates
08-11-020-1,Serious mental illness shortens lives,3,"The impact of serious mental illness on life expectancy is marked and generally higher than similarly calculated impacts of well-recognised adverse exposures such as smoking, diabetes and obesity.",1,exaggerates
14-11-009-1,The first study of its kind in the world — involving 336 children aged between six months and 16 years old — has shown that installing a water softener for three months brings no additional relief for eczema sufferers.,0,Water softeners provided no additional benefit to usual care in this study population.,0,same
25-145,Women in developed nations with strong Catholic heritage less likely to breastfeed,1,"In this ecological study, we found consistent negative correlations between Catholicism and breast feeding initiation rates.",1,same
04-021,A study by Cardiff University has found several areas of primary care where improvements are needed to reduce harm to sick children.,0,This study highlights opportunities to reduce iatrogenic harm and avoidable child deaths.,0,same
01-11-020-1,"* Adjunctive daily supplementation with encapsulated fruit, vegetable and berry juice powder concentrates and clinical periodontal outcomes: a double-blind RCT.",3,"Adjunctive juice powder concentrates appear to improve initial pocket depth reductions in nutritionally replete patients, where plasma micronutrient bioavailability is attainable.",1,exaggerates
07-11-005-1,Study suggests why HIV-uninfected babies born to mothers with HIV might be more vulnerable to infections,2,"Among South African infants, antenatal HIV exposure was associated with lower specific antibody responses in exposed uninfected infants compared with unexposed infants at birth, but with robust responses following routine vaccination.",1,exaggerates
07-11-010-1,Sugary drinks associated with higher blood pressure,1,SSB intake higher by 1 serving per day (355 mL/24 hours) was associated with systolic/diastolic BP differences of +1.6/+0.8 mm Hg (both P <0.001) and +1.1/+0.4 mm Hg ( P <0.001/<0.05) with adjustment for weight and height.,1,same
22-012,"Knowing that there is a small chance of getting a painful electric shock can lead to significantly more stress than knowing that you will definitely be shocked, finds a new UCL study funded by the Medical Research Council (MRC).",2,"We observed a coupling between emotional and somatic state, with subjective and physiological tuning to uncertainty tightly correlated.",1,exaggerates
07-11-024-1,Bear bile chemical could help keep hearts in rhythm,2,"Taurocholate in the FH model, but not in the MH model, slowed conduction velocity from 19 to 9 cm/s, induced early after depolarizations, and resulted in sustained re-entrant arrhythmias.",3,downplays
03-11-032-1,New drug could treat mixed-lineage leukaemia (MLL).,2,These findings establish the displacement of BET proteins from chromatin as a promising epigenetic therapy for these aggressive leukaemias.,1,exaggerates
25-113,"US teens are more likely to vape for the flavourings found in e-cigarettes rather than nicotine, suggests research published online in the journal Tobacco Control.",1,These results challenge the common assumption that all vaporiser users inhale nicotine.,0,exaggerates
10-11-002-1,Scientists identify gene responsible for severe skin condition,3,"The presence of the allele increased the risk from 5.0% to 26.0%, whereas its absence reduced the risk from 5.0% to 3.8%.",1,exaggerates
06-11-026-1,"A diet high in polyphenols could help reduce the risk of cardiovascular disease and associated health risks, according to a new study by the University of Glasgow.",2,Our data suggest that the P-R drink may have beneficial effects on urinary biomarkers of CAD.,2,same
07-11-043-1,"People with low levels of iron in the blood have a higher risk of dangerous blood clots, according to research published in the journal Thorax today.",1,"In this population, low serum iron levels attributed to inadequate replacement of haemorrhagic iron losses are associated with elevated plasma levels of coagulation factor VIII and venous thromboembolic risk.",1,same
04-007,"Combining marine fish oil, cocoa extract and phytosterols into a dietary supplement could offer new hope in the fight against heart disease, a new University study suggests.",2,"The formulation was able to hinder multiple key steps of atherosclerosis development in vitro by inhibiting monocyte recruitment, foam cell formation and macrophage polarisation towards an inflammatory phenotype.",3,downplays
25-041,"Wide and stubborn variations in longevity have persisted across Europe over the past 20 years, indicates research published online in the Journal of Epidemiology & Community Health.",0,"These inequalities could arise from a myriad of population health determinants (eg, poverty, unhealthy lifestyles), which merit further study.",0,same
06-11-007-1,"An international study of 220,000 people has challenged the idea that obese people who have an “apple shape” - fat around the middle section of the body - are at higher risk of heart attacks and strokes than obese people with other types of fat distribution.",0,"BMI, waist circumference, and waist-to-hip ratio, whether assessed singly or in combination, do not importantly improve cardiovascular disease risk prediction in people in developed countries when additional information is available for systolic blood pressure, history of diabetes, and lipids.",0,same
20-11-020-1,"Boosting a woman’s confidence makes her better at spatial tasks, University of Warwick scientists have found, suggesting skills such as parking and map-reading could come more easily if a woman is feeling good about herself.",3,"Thus, confidence mediates the sex difference in mental rotation performance and hence the sex difference appears to be a difference of performance rather than ability.",3,same
26-032,"Social engagement through civic group activities, such as being a member of a political party, an environmental group, neighborhood watch, a voluntary service group or other community based groups, is associated with better cognitive function at age 50, according to a study published in the open access journal BMC Psychology which included 9,119 men and women from England, Scotland and Wales.",1,"The results indicate that modest associations between adult social engagement and cognitive function at age 50 persist after adjusting for covariates which included health, socio-economic status and gender, supporting theories of neuroplasticity.",1,same
13-11-001-1,"Boredom is provoking as many as a third of drivers to take unnecessary risks at the wheel, a new study has found.",3,The significant differences found enable the clusters to be seen in wider terms than simply boredom; they are considered in terms of theories of flow and arousal and also in light of previous attempts to classify driver types.,1,exaggerates
25-103,"Acupuncture may help to improve the subtle memory loss that precedes the development of dementia, otherwise known as mild cognitive impairment, or MCI for short, suggests a review of the available published evidence in Acupuncture in Medicine.",2,"Acupuncture appears effective for AMCI when used as an alternative or adjunctive treatment; however, caution must be exercised given the low methodological quality of included trials.",2,same
25-149,"But foot orthotics can work well, finds pooled analysis of available published data",2,"Meta-analysis found that foot orthoses were effective for preventing overall injuries (risk ratio (RR) 0.72, 95% CI 0.55 to 0.94) and stress fractures (RR 0.59, 95% CI 0.45 to 0.76), but not soft-tissue injuries (RR 0.79, 95% CI 0.55 to 1.14).",3,downplays
26-036,"In a UK study of 5,658 women, 3% were found to have an active eating disorder in mid-life, a figure higher than expected as eating disorders are primarily associated with adolescence or early adulthood. The research was published in the open access journal BMC Medicine.",0,"By mid-life a significant proportion of women will experience an ED, and few women accessed healthcare.",0,same
25-110,"Female physicians are reimbursed significantly less than their male counterparts, even after adjusting for how hard a physician works, their productivity and years of experience, finds a new study--one of the largest carried out in recent times--published in the online edition of Postgraduate Medical Journal.",1,"After adjustment for how hard a physician works, his/her years of experience and his/her productivity, female healthcare providers are still reimbursed less than male providers.",1,same
04-025,A team of researchers led by Cardiff University has identified two genes that influence a person’s risk of developing Alzheimer’s disease.,3,These genetic findings provide additional evidence that the microglia-mediated innate immune response contributes directly to the development of Alzheimer's disease.,3,same
25-049,"A high ratio of two types of immune system cell is linked to an increased risk of disease recurrence after a diagnosis of early stage breast cancer, finds the first study of its kind, published on the eve of international Women's Day (March 8) in the online journal ESMO Open.",1,"This is the first study, to our knowledge, to show a significant correlation between high NLR and worse prognosis in Caucasian patients with early breast cancer by means of propensity score-matched analysis.",1,same
11-009,"Scientists have identified new ways to provide vaccines against polio, which do not require the growth of live virus for their manufacture.",3,"Here, we demonstrate that the ECs of type 1 PV can be stabilized by selecting heat-resistant viruses.",2,exaggerates
25-026,"In Mexico, a 10% tax on sugar sweetened drinks has been associated with an overall 12% reduction in sales and a 4% increase in purchases of untaxed beverages one year after implementation, finds a study published by The BMJ this week.",1,What this study adds The tax on sugar sweetened beverages was associated with reductions in purchases of taxed beverages and increases in purchases of untaxed beverages.,1,same
29-003,University of Leicester research team discovers vision-related abnormalities that could help in diagnosis of illness,2,Pattern-related visual stress may represent an identifiable clinical feature of ME/CFS that will prove useful in its diagnosis.,2,same
12-11-026-1,"Yoga can provide more effective treatment for chronic lower back pain than more conventional methods, according to the UK’s largest ever study into the benefits of yoga.",2,Offering a 12-week yoga program to adults with chronic or recurrent low back pain led to greater improvements in back function than did usual care.,3,downplays
12-11-030-1,University of Manchester researchers have developed a new scoring system that can better predict how long patients with advanced cancer are likely to survive than current prognosis methods.,1,"In patients with advanced cancer no longer being treated, a combination of clinical and laboratory variables can reliably predict two week and two month survival.",1,same
01-11-009-1,"Mothers in developing countries who give birth by caesarean section are at no significant extra risk from having the procedure carried out by non-physician clinicians, or ‘clinical officers’, according to major new research from the University of Birmingham published in the British Medical Journal (Friday May 20).",0,"Clinical officers and doctors did not differ significantly in key outcomes for caesarean section, but the conclusions are tentative owing to the non-randomised nature of the studies.",0,same
22-005,"HIV drug resistance to tenofovir, an antiretroviral drug vital to most modern HIV treatment and prevention strategies, is surprisingly and worryingly common according to a large study led by UCL and funded by the Wellcome Trust.",0,We recorded drug resistance in a high proportion of patients after virological failure on a tenofovir-containing first-line regimen across low-income and middle-income regions.,0,same
15-11-004-1,The study found that those who went to comprehensive schools were not disadvantaged in terms of social mobility compared with those who attended grammar schools and secondary moderns.,0,"Overall, our findings suggest that comprehensive schools were as good for mobility as the selective schools they replaced.",0,same
29-009,"Short bursts of intensive exercise provide a more “time-efficient” and realistic way of preventing, delaying and managing Type 2 diabetes and also losing weight, a study has found.",3,"HIIT appears effective at improving metabolic health, particularly in those at risk of or with type 2 diabetes.",2,exaggerates
25-119,"A study published by The BMJ today finds a consistent association between higher blood glucose (sugar) levels during pregnancy and increased risk of complications around the time of birth, but there is no clear evidence of a threshold effect.",1,There was a graded linear association between fasting and post-load glucose concentration across the whole glucose distribution and most adverse perinatal outcomes in women without pre-existing or gestational diabetes.,1,same
17-11-005-1,Research from the University of Sheffield has found that a common treatment for a life-threatening heart condition has little significant impact on patient outcomes.,0,"Despite a 78.6% reduction in prescribing of antibiotic prophylaxis after the introduction of the NICE guideline, this study excluded any large increase in the incidence of cases of or deaths from infective endocarditis in the two years after the guideline.",0,same
09-11-014-1,"The research, carried out by the University of Leeds and funded by the British Heart Foundation, showed that the risk of a heart patient dying in hospital almost halved across all age groups between 2003 and 2010.",1,"For STEMI and non-ST-elevation myocardial infarction (NSTEMI), there were reductions in in-hospital mortality from 2003 to 2010 across all age groups including the very elderly.",1,same
33-008,Ataluren restores function to REP1 in human choroideremia cells and zebrafish,3,This comprehensive study on the use of PTC124 and PTC-414 as successful nonsense suppression agents for the treatment of CHM highlights the translational potential of these drugs for inherited retinal disease.,3,same
15-11-011-1,"Breastfeeding for four months or more is associated with fewer behavioural problems in children at age 5, an Oxford University study suggests.",1,"The findings suggest that, at least in term children, longer duration of breast feeding is associated with fewer parent-rated behavioural problems in children aged 5 years.",1,same
14-11-021-1,Prolonged breastfeeding does not protect against eczema,0,"Although there was a protective effect of ever having been breastfed on more severe disease, we found no evidence that exclusive breastfeeding for 4 months or longer protects against eczema.",1,downplays
02-11-050-1,Researchers from the University of Bristol have discovered that a chemical compound in the brain can weaken the synaptic connections between neurons in a region of the brain important for the formation of long-term memories.,2,These results show that synaptic stimulation of muscarinic receptors alone can be critical for plastic changes in excitatory synaptic transmission in the mPFC.,2,same
25-036,"This is the largest clinical trial of body dysmorphic disorder ever conducted, and the first to evaluate the effect of an internet based programme for the condition.",3,"BDD-NET was superior to supportive therapy and was associated with significant improvements in severity of symptoms of body dysmorphic disorder (BDD-YBOCS group difference −7.1 points, 95% confidence interval −9.8 to −4.4), depression (MADRS-S group difference −4.5 points, −7.5 to −1.4), and other secondary measures.",1,exaggerates
25-174,"Exposure to a particular group of chemicals widely used in pest control for people, pets, and crops, may be linked to behavioural difficulties in 6 year olds, suggests research published online in Occupational & Environmental Medicine.",1,"The present study suggests that exposure to certain pyrethroids, at environmental levels, may negatively affect neurobehavioral development by 6 years of age.",2,downplays
26-041,"Promoting young people's levels of well-being and making them aware of the harms of smoking and drinking could keep them away from alcohol and cigarettes, according to a study published in the open access journal BMC Public Health.",2,"Findings showed higher happiness scores were longitudinally associated with adolescents’ persistent non-use (RRR=1.06, 95% CI=1.01-1.13).",1,exaggerates
25-067,"The findings show that, despite clear national guidelines, patients with higher levels of socioeconomic deprivation and those who require surgery at the weekend are less likely to receive it.",1,Patients with higher levels of socioeconomic deprivation and those who require surgery at the weekend were less likely to receive THA.,1,same
25-194,"Effects independent of current state of brain health, finds evidence review",3,"Physical exercise improved cognitive function in the over 50s, regardless of the cognitive status of participants.",3,same
25-076,"There is 'suggestive evidence' for a link between air pollution and a heightened risk of stillbirth, indicates a summary of the available data, published online in Occupational & Environmental Medicine.",1,The body of evidence suggests that exposure to ambient air pollution increases the risk of stillbirth.,3,downplays
04-009,University scientists have made an important breakthrough in understanding how different individuals respond to aspirin.,0,"Thrombin elevated ∼900 lipids >2-fold with 86% newly appearing and 45% inhibited by aspirin supplementation, indicating COX-1 is required for major activation-dependent lipidomic fluxes.",3,downplays
25-165,"The use of recreational amphetamine, popularly known as ‘speed,’ ‘ice,’ and ‘ecstasy,’ may hasten the biological ageing of the heart, suggests research, published in the online journal Heart Asia.",2,"These results show that subacute exposure to amphetamines is associated with an advancement of cardiovascular-organismal age both over age and over time, and is robust to adjustment.",1,exaggerates
08-11-030-1,"Computer analysis of brain scans could help predict how severe the future illness course of a patient with psychosis will be, according to research led by Dr Paola Dazzan at the Institute of Psychiatry at King’s.",2,"We provide preliminary evidence of MRI application in the individualized prediction of future illness course, using a simple and automated SVM pipeline.",1,exaggerates
25-153,"""Screen and treat"" policies to preventing type 2 diabetes are unlikely to have substantial impact on this growing epidemic, concludes a study published by The BMJ today.",0,These findings suggest that “screen and treat” policies alone are unlikely to have substantial impact on the worsening epidemic of type 2 diabetes.,0,same
06-11-017-1,"When reading direct quotations, the brain ‘hears’ the voice of the speaker, say scientists.",3,"Combining fMRI with eye tracking in human volunteers, we show that silent reading of direct versus indirect speech engenders differential brain activation in voice-selective areas of the auditory cortex.",3,same
03-11-024-1,The research has found that a series of movements in the egg in the first hours after fertilisation can be used to predict which embryos have the best chance of survival.,1,"Most importantly, the relationship between the movements and the events of egg activation makes it possible to use the movements alone to predict developmental potential of the zygote.",1,same
09-11-002-1,"A study of 1,300 pregnant women in Leeds, published in Human Reproduction, found that the higher total iron intake from food and supplements during the first trimester of pregnancy, the more likely it is for a woman to have a bigger baby.",1,"There was a positive relationship between total iron intake, from food and supplements, in early pregnancy and birthweight.",1,same
25-024,2-year-olds adept at using touch-screen technology,0,From 2 years of age toddlers have the ability to interact purposefully with touch-screen devices and demonstrate a variety of common skills required to utilise touch-screen technology.,0,same
04-11-009-1,Cardiff University PhD student Luke Piggott has identified a weakness in breast cancer cells which could help prevent the disease from spreading.,2,We describe an apoptotic mechanism that selectively and repeatedly removes bCSC activity from breast cancer cell lines and suggest that a combined TRAIL/FLIPi therapy could prevent metastatic disease progression in a broad range of breast cancer subtypes.,2,same
01-11-018-1,Scientists at the University have developed a ground-breaking technique that uses a urine test to help to diagnose adrenal cancer.,3,"Urine steroid metabolomics is a novel, highly sensitive, and specific biomarker tool for discriminating benign from malignant adrenal tumors",3,same
03-11-005-1,Chickens genetically modified to prevent them spreading bird flu have been produced by researchers at the Universities of Cambridge and Edinburgh.,3,"Although the transgenic birds succumbed to the initial experimental challenge, onward transmission to both transgenic and nontransgenic birds was prevented.",3,same
26-014,"Adolescents who recall seeing e-cigarettes in shops are more likely to have tried them in the past and are more likely to intend to try them in the future, according to a study published in the open access journal BMC Public Health.",1,"This study has found a cross-sectional association between self-reported recall of e-cigarette POS displays and use of, and intention to use, e-cigarettes.",1,same
29-016,University of Leicester researchers identify new process for preventing narrowing of airways that could lead to new treatments for disease,3,"By using a genetically engineered mouse expressing a G protein-biased M3-mAChR mutant, we reveal the first evidence, to our knowledge, of a role for M3-mAChR phosphorylation in bronchial smooth muscle contraction in health and in a disease state with relevance to human asthma.",3,same
06-11-003-1,Neglectful and controlling parents linked to mental health problems in children,1,"Although our findings are limited by having no objective evidence that children’s perceptions of emotional neglect are directly associated with actual neglect, children’s perceptions of neglect and control are associated with over twice the odds of psychiatric disorder at age 15.",1,same
22-013,"UK toddlers are consuming more calories and protein than recommended, potentially putting them at risk of obesity in later life, according to UCL research.",2,"At a population level, young children in the UK are exceeding recommended daily intakes of energy and protein, potentially increasing their risk of obesity.",2,same
25-136,Replacing professional nurses with nursing assistants linked to heightened death risk,1,"Reducing nursing skill mix by adding nursing associates and other categories of assistive nursing personnel without professional nurse qualifications may contribute to preventable deaths, erode quality and safety of hospital care and contribute to hospital nurse shortages.",2,downplays
22-026,"Significant numbers of patients whose HIV strains developed resistance to older generation drugs are also resistant to modern drugs, finds a new study led by UCL and funded by Wellcome.",0,"We detected associations between TAMs and drug resistance mutations both between and within studies; the correlation between the study-level proportion of patients with tenofovir resistance and TAMs was 0·64 (p Interpretation TAMs are common in patients who have failure of first-line tenofovir-containing regimens in sub-Saharan Africa, and are associated with multidrug resistant HIV-1.",1,downplays
25-043,"Distinctive geographical patterns linked to differences in measurement, environment, and policy",1,Noteworthy patterns included seven states in Appalachia and the Southeast with high relative rates of unintentional firearm deaths (2.14-4.06 times the national average) and five states on the West Coast with high relative rates of legal intervention deaths (1.76-3.49 times the national average).,1,same
05-11-028-1,Targeting a toxin released by virtually all strains of MRSA could help scientists develop new drugs that can fight the superbug.,3,"Taken together, we report the discovery and characterization of a unique core genome-encoded superantigen, providing new insights into the evolution of pathogenic S. aureus and the molecular basis for severe infections caused by the CA-MRSA USA300 epidemic clone.",0,exaggerates
25-082,But it lasts much longer than it does in rest of Europe or US,1,UK children show relatively long persistence of treatment with ADHD medications compared to other countries.,1,same
25-173,"Autoimmune disease may be linked to a heightened risk of dementia, indicates a large long term study, published in the Journal of Epidemiology & Community Health.",2,The associations with vascular dementia may be one component of a broader association between autoimmune diseases and vascular damage.,1,exaggerates
26-008,"The study, by researchers from University College London and the London School of Economics and Political Science, is the first to examine drinking behaviors in very early adolescence in relation to a wide range of factors that are associated with alcohol consumption in children, such as family, friends and the young person’s views about alcohol.",1,"Cohort members whose mothers drank were more likely to drink (light/moderate = 1.6, 1.3 to 2.0, heavy/binge = 1.8, 1.4 to 2.3).",1,same
25-032,Doses of this respiratory irritant often higher than those derived from conventional cigarettes,1,The benzaldehyde doses inhaled with 30 puffs from flavoured e-cigarettes were often higher than doses inhaled from a conventional cigarette.,1,same
25-007,Tighter local alcohol licensing curbs linked to fewer drink-related hospital admissions,1,Local licensing policies appear to be associated with a reduction in alcohol-related hospital admissions in areas with more intense licensing policies.,1,same
25-003,"More precise estimates of cancer risks associated with prolonged, low level exposure to ionising radiation among nuclear industry workers are published by The BMJ today.",1,Results suggest a linear increase in the rate of cancer with increasing radiation exposure.,1,same
04-011,"Patients receiving cancer treatment could increase their chance of survival by up to 20% and help stop their cancer from spreading by taking a low-dose of aspirin, new University research suggests.",2,"Six single studies of other cancers suggested reductions in cause specific mortality by aspirin, and in five the effect is statistically significant.",3,downplays
25-140,How new fathers see themselves in child's early years seems to be most influential,2,"Psychological and emotional aspects of paternal involvement in children's early upbringing, particularly how new fathers see themselves as parents and adjust to the role, rather than the quantity of direct involvement in childcare, is associated with positive behavioural outcomes in children.",1,exaggerates
25-050,"Being a short man or an overweight woman is associated with lower chances in life in areas such as education, occupation, and income, concludes a study published by The BMJ today.",1,"These data support evidence that height and BMI play an important partial role in determining several aspects of a person's socioeconomic status, especially women's BMI for income and deprivation and men's height for education, income, and job class.",3,downplays
25-122,Smoking linked to shorter survival after motor neurone disease diagnosis,1,"This study has demonstrated in a large population-based cohort of patients with ALS that cigarette smoking is an independent negative prognostic factor for survival, with a dose–response gradient.",1,same
06-11-023-1,Men develop diabetes at lower BMIs than women,1,Men are diagnosed with type 2 diabetes at lower BMI than women across the age range.,1,same
08-11-019-1,"Researchers at King’s College London have used cells found naturally in the body, to re-educate the immune system to prevent rejection of an organ transplant while remaining capable of fighting infections and cancer.",3,"In a humanized mouse model of alloimmune-mediated injury of human skin grafts, alloantigen-specific Tregs resulted in a significant reduction in clinically relevant indicators of dermal tissue injury when compared with polyclonal Tregs, restoring a histology comparable to healthy skin.",3,same
08-11-016-1,"Scientists at King’s College London have for the first time uncovered a gene responsible for Adams-Oliver Syndrome (AOS), a condition which can cause birth defects of the heart, limbs or blood vessels.",3,Constitutively active ARHGAP31 mutations result in a loss of available active Cdc42 and consequently disrupt actin cytoskeletal structures.,3,same
25-179,"Parenthood is associated with a longer life than childlessness, particularly in older age, when health and capacity may start to decline, finds research published online in the Journal of Epidemiology & Community Health.",1,"Having children is associated with increased longevity, particularly in an absolute sense in old age.",1,same
29-004,"Once-weekly glucagon-like peptide-1 receptor agonists (GLP-1RAs) differ in their efficacy and safety profiles, according to new research by the University of Leicester.",1,"Compared with other once-weekly GLP-1RAs, dulaglutide, 1.5 mg; once-weekly exenatide; and taspoglutide, 20 mg, showed a greater reduction of HbA1c, fasting plasma glucose, and body weight.",1,same
01-11-006-1,A new study conducted by researchers at the University of Birmingham has identified a 21 day treatment threshold to facilitate renal recovery and significantly improve survival rates of myeloma or Kahler’s disease; a cancer of the bone marrow.,3,"In conclusion, recovery of renal function in myeloma kidney depends on early reduction of serum FLCs, and this recovery associates with a significant survival advantage.",3,same
25-093,"Littered cigarette butts may be an important source of metal contaminants leaching into the marine environment and potentially entering the food chain, suggests research published online in the journal Tobacco Control.",2,"Considering the estimated number of cigarette butts littered annually, the results of this study indicated that considerable metals including Cd, Fe, As, Ni, Cu, Zn and Mn may enter the marine environment each year from cigarette litter alone.",2,same
09-11-011-1,"Fair-skinned people who burn quickly in the sun may need to take supplements to ensure they get the right amount of vitamin D, according to a new study.",2,"Sun exposure was associated with increased vitamin D levels, but levels more than 60 nmol/L were reached on average only in individuals reporting lengthy exposure (≥12 h/weekend).",1,exaggerates
25-124,"The prevalence of smoking in China has fallen among women, but remains stubbornly high among men, reveals research published online in the Journal of Epidemiology & Community Health.",0,"The prevalence of smoking remained extremely high in men, but low and falling in Chinese women.",0,same
04-005,"‘Friendly bacteria’ can play a role in helping to prevent high blood cholesterol levels, and support current treatment programmes for heart disease. This is the finding of a collaborative study between the University and probiotic manufacturer, Cultech Ltd.",2,This in vitro study identified L. plantarum CUL66 as a cholesterol lowering bacteria by highlighting its ability to beneficially regulate multiple in vitro events associated with intestinal cholesterol metabolism and provides evidence of efficacy for its inclusion in future in vivo studies.,3,downplays
25-161,"More research to improve reliability is urgently needed, say experts Healthcare professionals have high variation in judgement when assessing the same claimant for disability benefits, finds a review published by The BMJ today.",0,"Despite their common use and far reaching consequences for workers claiming disabling injury or illness, research on the reliability of medical evaluations of disability for work is limited and indicates high variation in judgments among assessing professionals.",0,same
03-11-003-1,Clues about how the human gut helps regulate our appetite have come from a most unusual source – fruit fly faeces.,3,"We then identify a key homeostatic role for autonomic neurons and hormones, including a brain-gut circuit of insulin-producing neurons modulating appetite, a vasopressin-like system essential for fluid homeostasis, and enteric neurons mediating sex peptide-induced changes in intestinal physiology.",3,same
09-11-017-1,"A magnetic resonance imaging (MRI) scan for coronary heart disease is better than the most commonly-used alternative, a major UK trial of heart disease patients has shown.",1,"The sensitivity and negative predictive value of CMR and SPECT differed significantly (p Interpretation CE-MARC is the largest, prospective, real world evaluation of CMR and has established CMR's high diagnostic accuracy in coronary heart disease and CMR's superiority over SPECT.",1,same
04-020,"Listeners in a noisy situation benefit from facing slightly away from the person they are listening to, turning one ear towards the speech, concludes a study by Cardiff University, funded by UK charity Action on Hearing Loss (RNID).",3,Exploiting the benefit of head orientation is thus a robust hearing tactic that would benefit both NH listeners and CI users in noisy listening conditions.,3,same
26-033,"Pets can help people manage their long-term mental health conditions, according to research published in the open access journal BMC Psychiatry.",2,This study aimed to explore the role of pets in the support and management activities in the personal networks of people with long-term mental health problems.,0,exaggerates
25-170,"Severe gum disease, known as periodontitis, may be an early sign of type 2 diabetes, reveals research published in the online journal BMJ Open Diabetes Research & Care.",2,"The dental office, with particular focus on patients with severe periodontitis, proved to be a suitable location for screening for (pre)diabetes; a considerable number of suspected new diabetes cases were identified.",2,same
18-11-011-1,Researchers found that of the 235 women surveyed 27 per cent had shortness of breath and 26 per cent experienced nausea – both symptoms which can be managed with medication.,1,"Despite improvements in treatment and survival of women with metastatic breast cancer, this group reports high symptom burden and dissatisfaction with elements of their care, indicating that alternative models of service delivery should be explored.",1,same
25-084,Laws limiting alcohol sales may have measurable public health effects,2,"Greater access to alcohol was associated with more atrial fibrillation and less myocardial infarction and congestive heart failure, although an increased risk of congestive heart failure was seen shortly after alcohol sales were liberalized.",3,downplays
33-009,RP Genome Project research discovers 6 faults in the REEP6 gene that affect families in the UK and USA,3,"Human 3D organoid optic cups were used to investigate REEP6 expression and confirmed the expression of a retina-specific isoform REEP6.1, which is specifically affected by one of the frameshift mutations.",3,same
26-006,"The work, published in the open access journal Genome Medicine, examined variations in composition and function of the gut microbiota in relation to existing clinical T2D indicators like Body Mass Index (BMI) or Fasting Blood Sugar (FBS, the amount of glucose found in the blood after an overnight fast). The researchers showed that changes in the gut microbiota that can be observed in clinical T2D are already present at sub-clinical and pre-onset stages of the condition. The ability to detect changes like this before T2D symptoms develop might be useful for early diagnosis and intervention, thus providing a new way to potentially reduce the time between detection of T2D and onset and thus mitigate the effects of the disease.",1,"We found changes both in composition and in function of the sub-clinical gut microbiome, including a decrease in Akkermansia muciniphila suggesting a role prior to the onset of disease, and functional changes reflecting a response to oxidative stress comparable to that previously observed in chronic T2D and inflammatory bowel diseases.",3,downplays
08-11-025-1,'Sensitivity gene' predicts CBT benefit for children,1,Children with the short-short genotype were significantly more likely to respond to CBT than those carrying a long allele.,1,same
20-11-013-1,Children taught to read at seven still learn at same pace as a four year old,0,"The younger children showed similar, and in some cases, better progress in literacy than the older children; this was attributed to more consistent and high-quality synthetic phonics instruction as is administered in standard schools.",1,downplays
03-11-022-1,Siblings of people with autism show a similar pattern of brain activity to that seen in people with autism when looking at emotional facial expressions.,1,The response in unaffected siblings did not differ significantly from the response in autism.,0,exaggerates
26-011,Gender-specific differences between the levels and structures of proteins present in the white matter and the mitochondria of the brains of men and women suffering from dementia have been revealed for the first time in a study published in the open access journal Molecular Brain.,1,Our study demonstrates that gender-linked modulation of white matter and mitochondria proteomes influences neuropathology of the temporal lobe in AD + CVD.,3,downplays
29-035,University of Leicester research team leads new study strengthening therapeutic potential for dietary interventions,2,"We conclude that enhancing the availability of NAD + by either the use of a diet supplemented with NAD + precursors or the inhibition of NAD + -dependent enzymes, such as PARPs, which compete with mitochondria for NAD + , is a viable approach to preventing neurotoxicity associated with mitochondrial defects.",3,downplays
25-196,"People who use commonly prescribed non-steroidal anti-inflammatory drugs (NSAIDs) to treat pain and inflammation could be raising their risk of having a heart attack, as early as in the first week of use and especially within the first month of taking high doses of such medication, suggests a study in The BMJ this week.",2,"All NSAIDs, including naproxen, were found to be associated with an increased risk of acute myocardial infarction.",1,exaggerates
04-026,"The number of people in the UK with type 2 diabetes has trebled over the last two decades, concludes a study led by Cardiff University.",1,The prevalence of diagnosed Type 2 diabetes trebled in the UK between 1991 and 2013.,1,same
02-11-018-1,"A short burst of vigorous physical activity like running and jogging is important for building bones in children, whereas more gentle exercise like walking, even for a longer period, has little effect.",3,"Vigorous day-to-day PA is associated with indices of BMC(C) and geometry in adolescents, whereas light or moderate PA has no detectable association.",1,exaggerates
04-015,"Using information collected in a liver biopsy study, researchers at Cardiff University have developed a method of determining the onset of non-alcoholic steatohepatitis (NASH) through the analysis of lipids, metabolites and clinical markers in blood.",3,"A score based on MS (glutamate, isoleucine, glycine, lysophosphatidylcholine 16:0, phosphoethanolamine 40:6) and knowledge of AST, fasting insulin, and PNPLA3 genotype is significantly better than a score based on clinical or metabolic profiles alone in determining the risk of NASH.",1,exaggerates
18-11-006-1,A new study reveals that the progressive loss of lung function in asthma sufferers could be entirely independent of the effects of inflammation.,0,Bronchoconstriction without additional inflammation induces airway remodeling in patients with asthma.,3,downplays
16-11-003-1,"Scientists from the School of Pharmacy at Queen’s University Belfast and Almac Discovery Ltd have developed a new treatment for cancer which rather than attacking tumours directly, prevents the growth of new blood vessels in tumours, starving them of oxygen and nutrients, thereby preventing their growth.",3,FKBPL and its peptide derivative AD-01 have potent antiangiogenic activity.,3,same
25-155,"Surgical patients with a history of migraines have a greater risk of stroke and readmission to hospital, finds a study published by The BMJ today.",1,"Patients with migraine were at increased risk of perioperative ischemic stroke (adjusted odds ratio 1.75, 95% confidence interval 1.39 to 2.21) compared with patients without migraine.",1,same
29-041,Medical Research Council-funded University of Leicester study shows folinic acid can protect neurons in fruit flies,2,We show that an FiA-enriched diet begun at early to middle stages of adulthood prevents the degeneration of dopaminergic neurons observed in pink1 mutants.,3,downplays
22-027,"Antibiotics can still kill drug-resistant bacteria if they 'push' hard enough into bacterial cells, finds new UCL-led research funded by the Engineering and Physical Sciences Research Council.",2,"We examined the surface forces generated by four antibiotics; vancomycin, ristomycin, chloroeremomycin and oritavancin against drug-susceptible and drug-resistant targets on a cantilever and demonstrated significant differences in mechanical response when drug-resistant targets are challenged with different antibiotics although no significant differences were observed when using susceptible targets.",1,exaggerates
02-11-014-1,New research could help in the treatment of kidney disease,2,An HLA-DQA1 allele on chromosome 6p21 is most closely associated with idiopathic membranous nephropathy in persons of white ancestry,1,exaggerates
25-021,The UK’s failure to fortify flour with folic acid has caused around 2000 avoidable cases of,3,"Failure to implement folic acid fortification in the UK has caused, and continues to cause, avoidable terminations of pregnancy, stillbirths, neonatal deaths and permanent serious disability in surviving children.",3,same
14-11-015-1,"Group therapy helps MS sufferers cope with depression, study finds",3,Patients receiving treatment were less distressed and had less depression and anxiety.,1,exaggerates
26-022,Mom's high-fat diet may have a lasting impact on baby's gut,2,"Similar to the primate, independent of maternal body mass index, a maternal high-fat diet is associated with distinct changes in the neonatal gut microbiome at birth which persist through 4–6 weeks of age.",1,exaggerates
22-025,"Women with dementia have fewer visits to the GP, receive less health monitoring and take more potentially harmful medication than men with dementia, new UCL research reveals.",1,"People with dementia, in particular women, appear to receive less primary healthcare, but take more psychotropic medication that may negatively impact their physical health.",1,same
22-022,All three are early life factors which can be modified and the research highlights the possibility that prompt intervention could have an impact in curbing the growth in childhood overweight and obesity.,2,"Several potentially modifiable early life factors including smoking in pregnancy, skipping breakfast, and bedtime routines were important predictors of BMI development in the overweight and obese range, and high BMI growth was linked to worse psychosocial well-being.",1,exaggerates
02-11-027-1,"Researchers are one step closer to understanding how an individual’s genetic make-up predisposes them to Ankylosing Spondylitis (AS), a common auto-immune arthritis which causes pain and stiffness of the spine, and in serious cases, progressive fusion of the vertebrae and other affected joints.",1,"Here we report the identification of three variants in the RUNX3, LTBR-TNFRSF1A and IL12B regions convincingly associated with ankylosing spondylitis (P -8 in the combined discovery and replication datasets) and a further four loci at PTGER4, TBKBP1, ANTXR2 and CARD9 that show strong association across all our datasets (P -6 overall, with support in each of the three datasets studied).",1,same
25-171,A study published by The BMJ today finds no increased risks to newborn babies if their mothers have taken drugs to prevent or treat influenza during pregnancy.,0,This large multinational register study found no increased risks of adverse neonatal outcomes or congenital malformations associated with exposure to neuraminidase inhibitors during embryo-fetal life.,0,same
25-164,"Teen vaping acts as a ""one way bridge"" to future smoking among those who have never smoked before, and may not stop those who have smoked before from returning to it, concludes a small US study, published online in the journal Tobacco Control.",1,"Vaping as a risk factor for future smoking is a strong, scientifically-based rationale for restricting youth access to e-cigarettes.",1,same
29-029,"The first new asthma pill for nearly 20 years has the power to significantly reduce the severity of the condition, a study led by the University of Leicester has found.",3,Interpretation Fevipiprant reduces eosinophilic airway inflammation and is well tolerated in patients with persistent moderate-to-severe asthma and raised sputum eosinophil counts despite inhaled corticosteroid treatment.,3,same
25-157,"The antiretroviral drugs used to treat HIV infection might inadvertently be boosting gay/bisexual men's susceptibility to the bacteria responsible for syphilis, Treponema pallidum, conclude researchers in the journal Sexually Transmitted Infections.",2,HAART agents have the potential to alter the innate and acquired immune responses in ways that may enhance susceptibility to T. pallidum .,2,same
26-009,"To address this problem and to investigate the current understanding of chikungunya-dengue co-distribution, the study, led by researchers from the London School of Hygiene & Tropical Medicine, created global maps that represent the geographical spread of both viruses, identifying their current geographical limits, as well as countries at risk of future infection.",0,"Maps generated from the newly compiled lists of the geographic distribution of both pathogens and vectors represent the current geographical limits of chikungunya and dengue, as well as the countries/territories at risk of future incursion by both viruses.",0,same
26-012,"About half of obese individuals in a working population in Spain are metabolically healthy - they are obese but do not present metabolic abnormalities like disturbed insulin signaling or inflammation, according to a study published in the open access journal BMC Public Health.",0,The prevalence of individuals with a MHO phenotype in the working population is high.,0,same
25-088,"A period of controversy over the risks and benefits of statins, covered widely in the UK media, was followed by a temporary increase in the number of people stopping their statin treatment, finds a study in The BMJ today.",1,"A period of intense public discussion over the risks: benefit balance of statins, covered widely in the media, was followed by a transient rise in the proportion of people who stopped taking statins.",1,same
06-11-013-1,"Diseases of the immune system such as multiple sclerosis, rheumatoid arthritis and psoriasis could be treated by a gas produced naturally by the body, scientists at the University have found.",2,NO may therefore represent an important endogenous regulator to prevent overexpansion of Th17 cells and control of autoimmune diseases caused by environmental pollutants.,2,same
01-11-008-1,"Psychologists at the University of Birmingham have discovered that focussing on eating lunch and paying great attention to the food can reduce snacking in the afternoon, according to research published in the journal Appetite.",2,These results suggest that enhancing meal memory by paying attention to food while eating can reduce later intake and are consistent with the suggestion that memory plays an important role in appetite control.,2,same
04-028,"Older people newly prescribed sleeping pills like benzodiazepines and ‘Z-drugs’ have over double the odds of a hip fracture in the first two weeks compared with non-users, according to a new study by researchers at Cardiff University and King’s College London.",1,"There is strong evidence that both BNZ and Z-drugs are associated with an increased risk of hip fracture in the older person, and there is little difference between their respective risks.",1,same
08-11-008-1,"Eight genes which control levels of the main steroid produced by the adrenal gland, believed to play a role in ageing and longevity, have been uncovered by an international consortium of scientists, co-led by King’s College London.",3,"Several SNPs were associated with changes in gene expression levels, and the related genes are connected to biological pathways linking DHEAS with ageing.",1,exaggerates
25-106,"A study published by The BMJ today provides more details of an association between Zika virus infection in the womb and a condition known as arthrogryposis, which causes joint deformities at birth, particularly in the arms and legs.",1,"The arthrogryposis was unrelated to the abnormalities of the joints themselves, but was possibly of neurogenic origin, with chronic involvement of central and peripheral motor neurones leading to deformities as a result of fixed postures in utero.",3,downplays
29-037,"In a paper published in the journal Cell Death and Differentiation, the team discovered that a gene called ATF4 plays a key role in Parkinson’s disease, acting as a ‘switch’ for genes that control mitochondrial metabolism for neuron health.",3,Our findings show a central contribution of ATF4 signalling to PD that may represent a new therapeutic strategy.,3,same
10-11-008-1,Household smoke increases severity of bronchiolitis in babies,3,Low admission weight and householder tobacco smoking increased the risk of severe bronchiolitis in infants admitted to hospital.,3,same
04-029,"Community-led regeneration in deprived neighbourhoods can improve the mental health of residents, concludes research by Cardiff University.",2,These results show the targeted regeneration of deprived neighborhoods can improve mental health.,2,same
29-023,Researchers at the University of Leicester have solved the three-dimensional structure of a gene repression complex that is known to play a role in cancer,0,"An EM structure, supported by SAXS and crosslinking, reveals the architecture of the dimeric HDAC1:MTA1:RBBP4 assembly which forms the core of the NuRD complex.",0,same
25-098,"Children under the age of 6 are four times as likely to end up in hospital after contact with laundry pod detergent as children exposed to other types of detergent, finds research published online in the journal Injury Prevention.",1,"A greater effort should be made to appropriately educate the public about the dangers of laundry detergents, specifically pods, so a safe home environment can be established.",0,exaggerates
25-019,New study finds a link between frequent tests and overtreatment of the condition,1,"Compared with guideline recommended testing, excessive testing was associated with treatment intensification (odds ratio 1.35 (95% confidence interval 1.22 to 1.50)).",1,same
25-151,"A commercial brand of mouthwash that is readily available from supermarkets and pharmacies can help curb the growth of the bacteria responsible for gonorrhoea, reveals preliminary research published online in the journal Sexually Transmitted Infections.",2,"This data suggest Listerine, significantly reduces the amount of N. gonorrhoeae on the pharyngeal surface.",3,downplays
25-083,Even small increases in consumption could bring substantial health benefits,2,"This meta-analysis provides further evidence that whole grain intake is associated with a reduced risk of coronary heart disease, cardiovascular disease, and total cancer, and mortality from all causes, respiratory diseases, infectious diseases, diabetes, and all non-cardiovascular, non-cancer causes.",1,exaggerates
20-11-003-1,An experiment by researchers at the University of Warwick has found the first real evidence that men tend to make black-or-white judgements when women are more prone to see shades of grey in choices and decisions.,1,Men and women appear to categorize the same common objects in systematically different ways.,1,same
25-200,Regular chocolate consumption may be linked to lower risk of heart flutter,1,"Accumulating evidence indicates that moderate chocolate intake may be inversely associated with AF risk, although residual confounding cannot be ruled out.",1,same
01-11-003-1,However there was a concerning lack of understanding of the need for an ambulance for two scenarios; an older person slurring but not having drunk alcohol (stroke); and a four year-old with a high temperature and a stiff neck (meningitis).,1,"The majority would call for an ambulance appropriately when a real emergency occurred, and most inappropriate classification occurs when an ambulance is not required.",1,same
03-11-039-1,Unconscious learning could be the secret to speeding up learning a second language.,2,"It is concluded that grammatical form-meaning connections may be learned implicitly, but learning is constrained by the nature of the meaning involved.",2,same
26-026,"Higher BMI in mothers before pregnancy is associated with shorter telomere length - a biomarker for biological age - in newborns, according to a study published in the open access journal BMC Medicine that involved 743 mothers and their babies. The study by researchers at Hasselt University, Belgium is the first to report a strong association between mothers' BMI and telomere length in newborns.",1,Maternal pre-pregnancy BMI is associated with shorter newborn telomere lengths as reflected by cord blood and placental telomeres.,1,same
29-032,International team led by University of Leicester designed a new method to find RNA structures linked to cancer,0,"We developed a new strategy, footprinting of long 7-deazaguanine-substituted RNAs (FOLDeR), that allows the formation of G4s to be confirmed in long RNAs and under functional conditions.",0,same
25-114,"Women who drink 14 or more servings of alcohol a week are slightly more likely to have reduced fertility, suggests a study published by The BMJ today.",1,Consumption of less than 14 servings of alcohol per week seemed to have no discernible effect on fertility.,0,exaggerates
25-186,"Current use of knee replacement surgery for patients with osteoarthritis may have minimal effects on quality of life and is economically unattractive, concludes a study from the United States in The BMJ today.",2,Current practice of total knee replacement as performed in a recent US cohort of patients with knee osteoarthritis had minimal effects on quality of life and QALYs at the group level.,3,downplays
05-11-029-1,A new malaria vaccine has been created to target different forms of the disease and help those most at risk.,3,"MSP-1 hybrid is immunogenic in experimental animals using adjuvants suitable for human use, eliciting antibodies against epitopes from all three Block 2 serotypes.",3,same
06-11-015-1,"Obesity is an important contributor to premature death in women who have never smoked, especially among women in low income groups, according to research published on BMJ.com.",3,"Women who had never smoked and were not obese had the lowest mortality rates, regardless of their social position.",1,exaggerates
03-11-033-1,"A structural variation in a part of the brain may explain why some people are better than others at distinguishing real events from those they might have imagined or been told about, researchers have found.",2,The findings provide evidence that individual differences in introspective abilities like reality monitoring may be associated with specific structural variability in the PFC.,1,exaggerates
07-11-007-1,Major trial suggests common treatments for treating children with HIV equally effective,0,Good long-term outcomes were achieved with all treatments strategies.,0,same
04-016,A Cardiff University study has found that children using screen-based media devices at bedtime have over double the risk of inadequate sleep duration compared to children without access to such a device.,1,"Bedtime access to and use of a media device were significantly associated with the following: inadequate sleep quantity, poor sleep quality, and excessive daytime sleepiness.",1,same
12-11-012-1,"University of Manchester researchers, working with colleagues in Canada, have discovered how the antiviral drug lopinavir attacks HPV by switching on a natural viral defence system in infected cells.",3,These data are consistent with the toxicity of lopinavir against HPV-positive cervical carcinoma cells being related to its ability to block viral proteasome activation and induce an up-regulation of the antiviral protein RNASEL.,3,same
05-11-013-1,University scientists have shown that ‘particle traps’ dramatically reduce the negative effects of diesel fumes on the heart and circulation and might reduce heart attack risk.,3,"With a range of surrogate measures, the use of a particle trap prevents several adverse cardiovascular effects of exhaust inhalation in men.",3,same
22-029,"People who suffer long-term stress may also be more prone to obesity, according to research by scientists at UCL which involved examining hair samples for levels of cortisol, a hormone which regulates the body’s response to stress.",1,"Chronic exposure to elevated cortisol concentrations, assessed in hair, is associated with markers of adiposity and with the persistence of obesity over time.",1,same
04-012,Low birthweight linked to higher death rates from infancy through adolescence,1,"LBW is associated with infant and later child and adolescent mortality, with perinatal factors and congenital malformations explaining many of the deaths.",1,same
25-086,Fertility treatment boosts twin births and thought to be linked to higher abnormality rate,1,Birth defect risk in twins may be differential by use of fertility treatment.,1,same
13-11-010-1,Diet reverses Type 2 Diabetes,3,The abnormalities underlying type 2 diabetes are reversible by reducing dietary energy intake.,3,same
19-11-008-1,"Players of the game rock paper scissors subconsciously copy each other’s hand shapes, significantly increasing the chance of the game ending in a draw, according to new research.",3,"Specifically, the execution of either a rock or scissors gesture by the blind player was predictive of an imitative response by the sighted player.",1,exaggerates
12-11-023-1,New gene linked to familial motor neuron disease and common form of dementia,1,"This repeat expansion segregates perfectly with disease in the Finnish population, underlying 46.0% of familial ALS and 21.1% of sporadic ALS in that population.",3,downplays
25-193,"Exposure to various common childhood adversities - such as parental psychiatric disorder, parental substance abuse or a death in the family - is associated with a substantially increased risk of suicide in adolescence and young adulthood, finds a study published by The BMJ today.",1,"Childhood adversity is a risk factor for suicide in adolescence and young adulthood, particularly accumulated adversity.",1,same
22-009,"An immersive virtual reality therapy could help people with depression to be less critical and more compassionate towards themselves, reducing depressive symptoms, finds a new study from UCL and ICREA-University of Barcelona.",2,The results indicate that interventions using immersive virtual reality may have considerable clinical potential and that further development of these methods preparatory to a controlled trial is now warranted.,2,same
02-11-037-1,"New research, led by psychologists at the University of Bristol, has found that children who are familiar with a snack food will expect it to be more filling.",3,Our findings highlight the role of learning in shaping children’s beliefs about the postingestive effects of the consumption of foods; children who ate the foods more often expected them to deliver greater satiation.,3,same
06-11-004-1,"What our eyes can’t see, the brain fills in",3,We show further that the activity patterns in these regions are significantly related to those observed with feed-forward stimulation and that these effects are driven primarily by V1.,1,exaggerates
05-11-007-1,"Lowering cholesterol could help the body’s immune system fight viral infections, researchers have found.",2,These findings bring a new link between sterol metabolism and interferon antiviral response and support the idea of using host metabolic modifiers of innate immunity as a potential antiviral strategy.,1,exaggerates
12-11-008-1,Mobile phone use not related to increased brain cancer risk,0,The increased use of mobile phones between 1985 and 2003 has not led to a noticeable change in the incidence of brain cancer in England between 1998 and 2007.,0,same
18-11-005-1,"During pregnancy, a mother’s diet can alter the function of her child’s DNA",2,"Higher methylation of RXRA chr9:136355885+, but not of eNOS chr7:150315553+, was associated with lower maternal carbohydrate intake in early pregnancy, previously linked with higher neonatal adiposity in this population.",1,exaggerates
26-010,"Large areas of medically important genes fall within troublesome regions of the human genome, where it is currently difficult to obtain accurate sequence information, according to research published in the open access journal Genome Medicine. On average, one fifth of each of these medically important genes is challenging for today’s gene sequencing methods to decipher, and the information in these gene regions may be key to a patient’s diagnosis or treatment plan.",0,"We observe that the accuracy of a variant call depends on the genomic region, variant type, and read depth, and varies by analytical pipeline.",3,downplays
25-115,"Patients with cancer have heightened risks of unintentional and intentional injuries during the diagnostic process, reveal findings from a large study published by The BMJ today.",1,Patients with cancer have highly increased risks of both iatrogenic and non-iatrogenic injuries requiring inpatient care shortly before and after their diagnosis.,1,same
15-11-001-1,"An Oxford University study suggests that people living in countries with ‘free market’ regimes are more likely to become obese due to the stress of being exposed to economic insecurity. The researchers believe that the stress of living in a competitive social system without a strong welfare state could be causing people to overeat. According to the study published in the latest issue of the journal Economics and Human Biology, Americans and Britons are much more likely to be obese than Norwegians and Swedes.",2,"Economic insecurity, measured in several different ways, was almost twice as powerful, while the impact of inequality was weak, and went in the opposite direction.",1,exaggerates
05-11-017-1,University researchers have found that our brain can use other senses - such as touch - to help us understand spatial awareness.,2,"Taken together, these findings establish the PPA/RSC network as critical in modality-independent spatial computations and provide important evidence for a theory of high-level abstract spatial information processing in the human brain.",3,downplays
26-030,"The urine of pregnant women could be used to help identify lifestyle interventions that help maintain a healthy birth weight for their baby, according to new research published in BMC Medicine. Abnormal fetal growth and birth weight are well-established risk factors for chronic diseases later in life, including the development of type-2 diabetes and obesity.",2,Significant reproducible maternal urinary metabolic signatures of fetal growth and birth weight are identified for the first time and linked to modifiable lifestyle factors.,1,exaggerates
25-123,"Genetically modified enzymes used to create flavourings / aromas and boost the power of cleaning products and medicines, are “potent allergens” that immediately sensitise those occupationally exposed to them, concludes research published online in Occupational & Environmental Medicine.",3,Our data confirm the previous findings showing that genetically engineered enzymes are potent allergens eliciting immediate-type sensitisation.,3,same
29-025,"The safety of a controversial clot-busting drug has been investigated by researchers, who have shown a modified dosage could improve survival rates.",2,There were significantly fewer symptomatic intracerebral hemorrhages with low-dose alteplase.,1,exaggerates
14-11-022-1,A new technique which lets scientists ‘see’ our brain waves at work could revolutionise our understanding of the human body’s most complex organ and help transform the lives of people suffering from schizophrenia and ADHD.,3,This method results in RSNs with significant similarity in their spatial structure compared with RSNs derived independently using fMRI.,3,same
26-034,"Dietary magnesium found to be associated with reduced risk of heart disease, stroke and type-2 diabetes",2,"Increasing dietary magnesium intake is associated with a reduced risk of stroke, heart failure, diabetes, and all-cause mortality, but not CHD or total CVD.",1,exaggerates
22-020,"Telling small lies desensitises our brains to the associated negative emotions and may encourage us to tell bigger lies in future, reveals new UCL research funded by Wellcome and the Center for Advanced Hindsight.",2,The findings uncover a biological mechanism that supports a 'slippery slope': what begins as small acts of dishonesty can escalate into larger transgressions.,2,same
25-008,"The introduction of a more stringent test to assess eligibility for disability benefit in England may have taken a ""serious"" toll on the nation's mental health, concludes research published online in the Journal of Epidemiology & Community Health.",2,"This policy may have had serious adverse consequences for mental health in England, which could outweigh any benefits that arise from moving people off disability benefits.",2,same
25-133,"Publishing the patient death rates of individual surgeons in England is unlikely to pick up those whose mortality rates are above average, because the caseload varies so much, concludes the first analysis of its kind published in the online journal BMJ Open.",0,"At present, surgeons with increased mortality rates are unlikely to be detected.",0,same
02-11-013-1,"Vitamin D levels do not affect men’s chances of developing prostate cancer, according to new research from the University of Bristol published in the Journal of Cancer Causes and Control.",0,Published literature provides little evidence to support a major role of vitamin D in preventing prostate cancer or its progression.,0,same
20-11-001-1,Selective schools closures has been considered as a means of reducing transmission between children and hence reducing the number of cases at the peak of an epidemic but new research led by researchers at the University of Warwick shows that limited school closures are ineffective and that only significant widespread school closures would have real effect on the spread of a epidemic and the strain placed on hospital intensive care units.,2,"This leads us to believe that when a pandemic has severe implications for ICU capacity, only widespread school closures (with their associated costs and organizational challenges) are sufficient to mitigate the burden on the worst-affected hospitals.",3,downplays
07-11-039-1,"Researchers have identified a large number of areas in the human genetic code that are involved in regulating the way in which the liver functions, in a new study of over 61,000 people, published today in the journal Nature Genetics.",1,"We carried out a genome-wide association study in 61,089 individuals, identifying 42 loci associated with concentrations of liver enzymes in plasma, of which 32 are new associations (P = 10(-8) to P = 10(-190)).",1,same
06-11-005-1,Scientists at the University have discovered how a protein present in prostate cancer cells drives growth of the disease.,3,"Our in vitro, in vivo and clinical data support an important role for the MEK5 -ERK5 signalling pathway in invasive PCa, which represents a potential target for therapy in primary and metastatic PCa.",3,same
11-012,"Children and young people admitted to hospital with injuries related to self-harming, drugs or alcohol face an increased risk of premature death, according to new research.",1,Risks of suicide were significantly increased after all types of adversity-related injury except for girls who had violent injury.,1,same
05-11-031-1,"Near-death experiences are not paranormal but triggered by a change in normal brain function, according to researchers.",3,"Instead, near-death experiences are the manifestation of normal brain function gone awry, during a traumatic, and sometimes harmless, event.",3,same
12-11-018-1,"A protein molecule that ‘glues’ cells together and so has a key role in cancer is also responsible for many other important functions of cells, a new study has found.",3,We conclude that loss of E-cadherin in mouse ES cells leads to significant transcript alterations independently of ?-catenin/TCF transactivation.,3,same
25-147,School shootings less likely in states with background checks on gun purchases,1,"School shootings are less likely in states with BC laws, higher MHE and KEE, and with greater per cent urban population.",1,same
25-134,'Worried well' may be boosting their risk of heart disease,2,This finding corroborates and extends the understanding of anxiety in various forms as a risk factor for IHD.,1,exaggerates
12-11-024-1,"Antiviral drugs used to target the herpes virus could be effective at slowing the progression of Alzheimer’s disease (AD), a new study shows.",2,"Since antiviral agents reduce greatly Aβ and P-tau accumulation in HSV1-infected cells, they would be suitable for treating AD with great advantage unlike current AD therapies, only the virus, not the host cell, would be targeted.",3,downplays
25-020,"Teenage pregnancy, social deprivation, and previous live births or miscarriages at the time of an initial abortion are also linked with subsequent terminations",1,Post-termination contraception with implants and Depo-Provera® were associated with repeat termination 2–5 years after the first termination.,1,same
15-11-013-1,"The farther that human populations live from the equator, the bigger their brains, according to a new study by Oxford University.",1,"We demonstrate a significant positive relationship between absolute latitude and human orbital volume, an index of eyeball size.",1,same
05-11-016-1,University researchers have found that people with Type 2 diabetes from an affluent background had the same risk of dying as someone without the condition from a deprived area.,0,SES modifies the association between type 2 diabetes and mortality so that RR for mortality is lower among more deprived populations.,1,downplays
09-11-004-1,New approach to cancer vaccines proves successful in early studies,3,"We show here that a cDNA library of normal tissue, expressed from a highly immunogenic viral platform, cures established tumors of the same histological type from which the cDNA library was derived.",3,same
12-11-029-1,Genetic-screening trial could reduce drug side-effects,2,"Our work supports the strong evidence that individuals with TPMT variant homozygosity are at high risk of severe neutropenia, whereas TPMT heterozygotes are not at increased risk of ADRs at standard doses of azathioprine.",1,exaggerates
14-11-004-1,Scientists at The University of Nottingham have brought cancer cells back under normal control — by reactivating their cancer suppressor genes. The discovery could form a powerful new technology platform for the treatment of cancer of the breast and other cancers.,3,"After testing extracts from different sources, we found that axolotl oocyte extracts possess superior reprogramming ability, which reverses epigenetic silencing of tumour suppressor genes and tumorigenicity of breast cancer cells in a mouse xenograft model.",3,same
12-11-005-1,Chance of dying early 20% higher in north than south of England,1,Inequalities in all cause mortality in the north-south divide were severe and persistent over the four decades from 1965 to 2008.,1,same
25-131,"Receiving ultrasound after surgery to repair a fractured tibia (shinbone) does not accelerate healing or improve functional recovery compared with sham treatment, finds a trial of US patients published by The BMJ today.",0,Postoperative use of LIPUS after tibial fracture fixation does not accelerate radiographic healing and fails to improve functional recovery.,0,same
29-010,A team from the University of Leicester has for the first time published a detailed description of a protein linked to many types of cancer.,0,"Here, we establish at atomic resolution how T-STAR and Sam68 bind to RNA, revealing an unexpected mode of dimerization different from other members of the STAR family.",0,same
25-182,"Young men who are overweight or obese could run a higher risk of developing severe liver disease or liver cancer in later life, suggests research published online in the journal Gut.",1,"A high BMI in late adolescent men was associated with an increased risk of future severe liver disease, including HCC.",1,same
03-11-038-1,"New gene therapy methods accurately correct mutation in patient’s stem cells, bringing personalized cell therapies one step closer.",3,Genetic correction of human iPSCs restored the structure and function of A1AT in subsequently derived liver cells in vitro and in vivo.,3,same
25-052,'Ultra-processed' foods make up more than half of all calories in US diet,0,"All models incorporated survey sample weights and adjusted for age, sex, race/ethnicity, family income and educational attainment. ::: ::: Results Ultra-processed foods comprised 57.9% of energy intake, and contributed 89.7% of the energy intake from added sugars.",0,same
05-11-026-1,Why self-delusion produces winners,3,"Here we present an evolutionary model showing that, counterintuitively, overconfidence maximizes individual fitness and populations tend to become overconfident, as long as benefits from contested resources are sufficiently large compared with the cost of competition.",3,same
25-137,"Physiotherapy given to patients with simple ankle sprains does not benefit recovery when compared to basic self management of the injury at home, reveals a study published by The BMJ today.",0,"In a general population of patients seeking hospital based acute care for simple ankle sprains, there is no evidence to support a clinically important improvement in outcome with the addition of supervised physiotherapy to usual care, as provided in this protocol.",0,same
07-11-004-1,"Boys predominantly pass on flu to other boys and girls to girls, according to a new study of how swine flu spread in a primary school during the 2009 pandemic, published today in the journal Proceedings of the National Academy of Sciences. The results also suggest that flu transmission is most intensive between children of the same class, but that sitting next to an infected person does not significantly increase a child’s risk of catching flu. The data will help researchers to model how epidemics spread and how interventions such as school closures can help contain an outbreak.",3,"This analysis shows the extent to which clearly defined social networks affect influenza transmission, revealing strong between-place interactions with back-and-forth waves of transmission between the school, the community, and the household.",1,exaggerates
25-195,"Only one in five victims with serious injuries caused by suspected child abuse in England and Wales is treated at a designated major trauma centre, reveals research published online in Emergency Medicine Journal.",0,These data show that children with major trauma that is inflicted rather than accidental follow a different pathway through the trauma system.,1,downplays
25-057,SSRI antidepressants not associated with an increased risk of cardiovascular conditions,0,No significant associations were found between antidepressant class or individual drugs and risk of stroke or transient ischaemic attack.,0,same
12-11-016-1,Enzyme prevents fatal heart condition associated with athletes,3,We found that knockdown of MKK4 expression or inhibition of its kinase activity in neonatal rat cardiomyocytes (NRCMs) significantly reduced phenylephrine-induced Cx43 expression.,3,same
01-11-010-1,Childhood cancer survivors at greater risk in middle age,3,"Among a cohort of British childhood cancer survivors, the greatest excess risk associated with subsequent primary neoplasms at older than 40 years was for digestive and genitourinary neoplasms.",1,exaggerates
14-11-008-1,Researchers at The University of Nottingham discovered that the brains of children with Tourette syndrome (TS) develop in a unique way — which could suggest new methods of treating the condition.,1,These results provide evidence for compensatory brain reorganization that may underlie the increased self-regulation mechanisms that have been hypothesized to bring about the control of tics during adolescence.,2,downplays
11-003,"The itchy swelling that appears at the site of a mosquito bite isn't just an irritating nuisance - it also makes viral infections spread by the insects far worse, new research has found.",3,This study identifies facets of mosquito bite inflammation that are important determinants of the subsequent systemic course and clinical outcome of virus infection.,3,same
25-087,"A university degree is linked to a heightened risk of developing a brain tumour, suggests a large observational study, published online in the Journal of Epidemiology & Community Health.",1,We observed consistent associations between higher SEP and higher risk of glioma.,1,same
05-11-020-1,Researchers at the Universities of Edinburgh and Tokyo have found that building on existing knowledge activates a key set of genes in the brain.,3,"In experiments with rats, we found that the hippocampal-dependent learning of new paired associates is associated with a striking up-regulation of immediate early genes in the prelimbic region of the medial prefrontal cortex, and that pharmacological interventions targeted at that area can prevent both new learning and the recall of remotely and even recently consolidated information.",1,exaggerates
05-11-010-1,Blood test identifies more heart attacks,3,"In patients with suspected ACS, implementation of a sensitive troponin assay increased the diagnosis of MI and identified patients at high risk of recurrent MI and death.",3,same
02-11-008-1,Inherited wealth leads to sibling rivalry,3,"In households where land is inherited, the number of elder brothers reduces a man's agricultural productivity, marriage, and reproductive success, as resources diminish and competition increases with each additional sibling.",3,same
19-11-011-1,"Small bypass vessels which act as a ‘back-up system’ for the heart’s main arteries play a significant role in reducing the mortality of patients with coronary artery disease, according to new research.",3,Patients with a high collateralization have a 36% reduced mortality risk compared with patients with low collateralization.,1,exaggerates
19-11-009-1,"Men and women differ in the way they anticipate an unpleasant emotional experience, which influences the effectiveness with which that experience is committed to memory, according to new research.",1,These findings indicate that anticipatory processes influence the way in which women encode negative events into memory.,3,downplays
26-025,Mediterranean diet could lower the risk of cardiovascular disease in the UK,2,This diet has an important population health impact for the prevention of CVD.,3,downplays
13-11-005-1,"The gene, GFPT1, is crucial in causing a variation of Congenital Myasthenic Syndrome (CMS) which gained media attention recently with the plight of baby RB, who was at the centre of a “right-to-life” legal dispute.",3,"Using genetic linkage, we find 18 different biallelic mutations in the gene encoding glutamine-fructose-6-phosphate transaminase 1 (GFPT1) in 13 unrelated families with an autosomal recessive CMS.",1,exaggerates
08-11-022-1,"Children with severe therapy-resistant asthma (STRA) may have poorer lung function and worse symptoms compared to children with moderate asthma, due to lower levels of vitamin D in their blood, according to a study by researchers at King’s College London.",3,Lower vitamin D levels in children with STRA were associated with increased ASM mass and worse asthma control and lung function.,1,exaggerates
02-11-012-1,Depression following miscarriage can continue after healthy birth,2,"Generalised estimating equations indicated that the number of previous miscarriages/stillbirths significantly predicted symptoms of depression (β = 0.18, s.e. = 0.07, P<0.01) and anxiety (β = 0.14, s.e. = 0.05, P<0.01) in a subsequent pregnancy, independent of key psychosocial and obstetric factors.",1,exaggerates
04-014,Potential new treatment for cocaine addiction,3,"In particular, PD325901 persistently blocks cocaine-induced place preference and accelerates extinction following cocaine self-administration.",3,same
07-11-011-1,Study finds five new genetic variants linked to heart disease,1,"Replication in an independent sample of 21,408 cases and 19,185 controls identified five loci newly associated with CAD (P < 5 × 10 −8 in the combined discovery and replication analysis): LIPA on 10q23, PDGFD on 11q22, ADAMTS7-MORF4L1 on 15q25, a gene rich locus on 7q22 and KIAA1462 on 10p11.",1,same
22-030,"Evidence of chronic traumatic encephalopathy (CTE), a potential cause of dementia caused by repeated blows to the head, has been found in the brains of former association football (soccer) players examined at the UCL Queen Square Brain Bank.",0,Association football is the most popular sport in the world and the potential link between repetitive head impacts from playing football and CTE as indicated from our findings is of considerable public health interest.,1,downplays
11-11-006-1,Boys with absent fathers more likely to be young fathers,1,"The results show that father absence before age seven is associated with early reproduction, while father absence between ages 11 and 16 only is associated with delayed voice-breaking (a proxy for puberty), even after adjusting for other factors denoting childhood adversity.",1,same
25-033,"A tendency to become easily stressed during early adulthood is linked to a heightened risk of developing high blood pressure in later life, suggests a large study of military conscripts, published online in the journal Heart.",1,These findings suggest that low stress resilience may contribute to etiological pathways for hypertension and accounts for more cases among those with high BMI.,3,downplays
20-11-019-1,New research published in The Lancet (9 December 2011) shows no consistent decrease in the maltreatment of children across several countries over the last two decades.,0,"Comparisons of mean rates between countries showed five fold to tenfold differences in rates of agency indicators, but less than twofold variation in violent deaths or maltreatment-related injury, apart from high rates of violent child death in the USA.",1,downplays
04-017,"Smart phone apps could offer patients with type 2 diabetes a highly effective method of self-managing their condition, concludes a study by Cardiff University.",2,Apps may be an effective component to help control HbA 1c and could be considered as an adjuvant intervention to the standard self-management for patients with type 2 diabetes.,2,same
04-11-018-1,Combining radiotherapy and hormone therapy in patients with prostate cancer significantly improves men’s survival compared with hormone therapy treatment alone.,3,"The addition of RT to ADT improved overall survival at 7 years (74%, 95% CI 70–78 vs 66%, 60–70; hazard ratio [HR] 0·77, 95% CI 0·61–0·98, p=0·033).",3,same
25-097,Study raises concerns over unnecessary imaging after thyroid cancer,1,The marked rise in use of imaging tests after primary treatment of differentiated thyroid cancer has been associated with an increased treatment for recurrence.,1,same
05-11-036-1,Need for sleep lies in our genes,3,RNA interference knockdown experiments of the conserved ABCC9 homologue in Drosophila neurons renders flies sleepless during the first 3 h of the night.,3,same
25-061,Death of partner linked to heightened risk of irregular heartbeat for up to a year later,1,"The severely stressful life event of losing a partner was followed by a transiently increased risk of atrial fibrillation lasting for 1 year, especially for the least predicted losses.",1,same
25-070,"Smoking during pregnancy and being overweight before becoming pregnant account for a sizeable proportion -- around 40% -- of the persistent social divide in childhood obesity rates, finds research published online in the Archives of Disease in Childhood.",1,"Moreover, we identified specific early life risk factors, including maternal smoking during pregnancy and maternal pre-pregnancy overweight, that partially account for the social inequalities found in childhood overweight.",1,same
25-006,Childhood cancer survivors at heightened risk of several autoimmune diseases,1,Childhood cancer survivors are at increased risk for certain types of autoimmune diseases.,1,same
09-11-006-1,"A molecule which can stop the formation of long protein strands, known as amyloid fibrils, that cause joint pain in kidney dialysis patients has been identified by Leeds researchers.",2,Here we describe the identification of rifamycin SV as a potent inhibitor of β(2) microglobulin (β(2)m) fibrillogenesis when added during the lag time of assembly or early during fibril elongation.,3,downplays
07-11-012-1,"Scientists have discovered an essential protein that controls inflammation induced by ""tumour necrosis factor"" (TNF) – an important part of the body’s defences against infection and a driver of cancer-associated inflammation, according to research published in Nature today.",3,"We conclude that by enabling linear ubiquitination in the TNF receptor signalling complex, SHARPIN interferes with TNF-induced cell death and, thereby, prevents inflammation.",3,same
29-005,University of Leicester researchers reveal how light movement can reduce blood sugar and insulin levels,2,"Breaking up prolonged sitting with 5-min bouts of standing or walking at a self-perceived light intensity reduced postprandial glucose, insulin, and NEFA responses in women at high risk of type 2 diabetes.",3,downplays
25-063,Doctors describe a range of brain abnormalities associated with presumed Zika infection in the womb,1,Severe cerebral damage was found on imaging in most of the children in this case series with congenital infection presumably associated with the Zika virus.,1,same
04-006,Nanotechnology patches offer potentially “highly effective” vaccine against HIV,2,"Moreover, dendritic cell-mediated capture of particulate antigen in this form induced potent HIV-1-specific CD4(+) T-cell responses, as well as B-cell-mediated antibody production.",3,downplays
03-11-045-1,"Allergy experts at the University of Cambridge have convincing evidence that a new treatment for peanut allergies is effective, following a three-year trial.",3,There was a 1000-fold increase in the amount of peanut tolerated with a good safety profile.,3,same
25-042,"Parental anxiety and/or depression during pregnancy and before their child starts school is linked to a heightened risk of that child becoming a 'fussy' eater, finds research published online in the Archives of Disease in Childhood.",1,Maternal and paternal internalising problems were prospectively associated with fussy eating in preschoolers.,1,same
25-028,Swapping potatoes for other vegetables or whole grains might lower the risk,2,"A causal association cannot be assumed. what thiS paper addS Higher levels of potato consumption before pregnancy are associated with greater risk of GDM, and substitution of potatoes with other vegetables, legumes, or whole grain foods might lower the risk.",2,same
04-023,Researchers at Cardiff University have discovered that genetic variation is the reason why some immune systems overreact to viruses.,3,"Ifitm3 represents a checkpoint regulator of anti-viral immunity, which controls cytokine production to restrict viral pathogenesis.",3,same
11-11-005-1,"The research, published in the Journal of Health Economics, shows that while women spend less time travelling to and at work than men, commuting has a negative effect on women's mental health, while men are generally unaffected.",3,"Our results show that, even after these variables are considered, commuting has an important detrimental effect on the psychological health of women, but not men, and this result is robust to numerous different specifications.",3,same
17-11-002-1,New research from the University of Sheffield has revealed that a novel molecular mechanism that underlies deafness is caused by a mutation of a specific microRNA called miR-96.,3,"We conclude that miR-96 regulates the progression of the physiological and morphological differentiation of cochlear hair cells and, as such, coordinates one of the most distinctive functional refinements of the mammalian auditory system.",3,same
13-11-007-1,"Learning a foreign language literally changes the way we see the world, according to new research.",3,Results showed that those bilinguals who used English more frequently distinguished blue and light blue stimulus pairs less well than those who used Japanese more frequently.,1,exaggerates
26-007,"The study, conducted in England and published in the open access journal BMC Public Health, found that people who are heavier drinkers and live in low-income communities are more likely to combine such drinking with other health damaging behaviors than people in more affluent communities. These combinations do not just add to the dangers from alcohol consumption but effectively multiply the risks of ill health.",1,"Deprived increased/higher drinkers are more likely than affluent counterparts to consume alcohol as part of a suite of health challenging behaviours including smoking, excess weight and poor diet/exercise.",1,same
25-010,May improve blood vessel cell wall function and lower cholesterol,2,"The inclusion of walnuts in an ad libitum diet for 6 months, with or without dietary counseling to adjust calorie intake, significantly improved diet quality, endothelial function, total and LDL cholesterol, but had no effects on anthropometric measures, blood glucose level, and blood pressure",3,downplays
19-11-007-1,"However, this study shows that at least one vaccine preparation can moderate the severity of CMV infection, even in patients given immunosuppressive drugs and exposed to CMV in a transplanted organ.",3,"Although cytomegalovirus disease occurs in the context of suppressed cell-mediated immunity post-transplantation, humoral immunity has a role in reduction of cytomegalovirus viraemia.",3,same
29-038,"However, a study, led by Gerry McCann, Professor of Cardiac Imaging and Honorary Consultant Cardiologist from the University of Leicester Department of Cardiovascular Sciences, who conducted the research as part of a NIHR Fellowship, has shown the current approach is “highly inaccurate” and if followed may send thousands of patients to surgery before it is needed.",0,"MPR was associated with symptom-onset in initially asymptomatic patients with AS, but with moderate accuracy and was not superior to symptom-limited exercise testing.",1,downplays
22-017,"Older people are less willing to take risks for potential rewards and this may be due to declining levels of dopamine in the brain, finds a new UCL study of over 25,000 people funded by Wellcome.",2,"This Pavlovian bias has been linked to dopamine, suggesting that age-related decline in this neuromodulator could lead to the observed decrease in risk taking.",2,same
15-11-017-1,Stem cell approach primes immune system to fight cancer,3,"Given that CD141(+)XCR1(+) DC are present in peripheral blood in trace numbers that preclude their clinical application, the ability to generate a potentially unlimited source from iPS cells offers the possibility of harnessing their capacity for cross-priming of cytotoxic T lymphocytes for the induction of tumour-specific immune responses.",3,same
25-073,Most socioeconomically deprived 2-3 times as likely to poison themselves as least deprived,1,"Conclusions Adolescent poisonings, especially intentional poisonings, have increased substantially over time and remain associated with health inequalities.",1,same
22-002,"Concentrating attention on a visual task can render you momentarily 'deaf' to sounds at normal levels, reports a new UCL study funded by the Wellcome Trust",2,"A behavioral experiment revealed reduced tone detection sensitivity under high visual load, indicating that the reduction in neural responses was indeed associated with reduced awareness of the sounds.",3,downplays
14-11-025-1,But a second systematic review of research into childhood obesity and metabolic disease in adult life has shown there is little evidence of a direct link and suggests that treating obesity during childhood will remove any risk of lasting harm.,0,"Interestingly, where adult BMI was adjusted for, the data showed a weak negative association between childhood BMI and metabolic variables, with those at the lower end of the BMI range in childhood, but obese during adulthood at particular risk.",1,downplays
05-11-008-1,Researchers at the University of Edinburgh have pinpointed a protein that plays a part in how fat is stored in the body.,3,Our data define for the first time the novel and distinct depot-specific mechanisms driving healthier fat patterning and function as a result of reduced intra-adipose glucocorticoid levels.,3,same
01-11-021-1,"Retrieving a memory is crucial when trying to extinguish it completely, according to research published today (18 October) by University of Birmingham scientists in the journal Nature Communications.",3,Here we show that a similar strategy is equally effective in the disruption of appetitive pavlovian cue-food memories.,3,same
02-11-024-1,Dietary advice improves blood sugar control for recently diagnosed type 2 diabetes patients,3,The addition of an activity intervention conferred no additional benefit.,2,exaggerates
25-129,"Parental absence in early childhood as a result of death or relationship break-down is linked to a heightened risk of starting to smoke and drink alcohol before that child reaches his/her teens, indicates research published online in the Archives of Disease in Childhood.",1,"Parental absence was associated with early uptake of risky health behaviours in a large, nationally representative UK cohort.",1,same
02-11-011-1,Today’s children do engage in active play,3,"Promoting active play in children's leisure time may increase the physical activity of children, but interventions may need to be tailored according to gender.",2,exaggerates
27-001,"A study, published today in the journal Nature, suggests that the stem cells that make up our organs ‘know’ whether they are ‘male’ or ‘female’, and that this sexual identity could influence how they grow and behave.",2,"Together, our findings indicate that the plasticity of an adult somatic organ is reversibly controlled by its sexual identity, imparted by a new mechanism that may be active in more tissues than previously recognized.",3,downplays
08-11-011-1,"Scientists have identified a gene that appears to play a role in regulating how much alcohol people drink, in a study of over 47,000 people published today in Proceedings of the National Academy of Sciences.",2,SNP rs6943555 in autism susceptibility candidate 2 gene (AUTS2) was associated with alcohol consumption at genome-wide significance (P = 4 x 10(-8) to P = 4 x 10(-9)).,1,exaggerates
17-11-008-1,"Lowering phosphate intake in humans can reduce heart disease, according to research by experts at the University of Sheffield.",2,"A high-phosphate diet accelerates atherogenesis in apolipoprotein E(-/-) mice, whereas low phosphate intake induces insulin resistance.",3,downplays
29-011,University of Leicester discovery identifies harmful bacterial molecules in processed foods and how to prevent them from arising,0,"A low PAMP diet is associated with reduced levels of several cardiometabolic risk factors, while a high PAMP diet reverses these effects.",3,downplays
05-11-025-1,Researchers at the University have identified a number of genes in fat tissue that may lead us to retain fat unnecessarily in the body.,2,A focussed candidate gene enrichment strategy in the unique F and L model has identified novel adipose tissue-enriched genes contributing to obesity.,3,downplays
25-148,"The US public is largely unaware that the chemicals produced by a burning cigarette are much more harmful than the manufacturer's additives it contains, finds a study of more than 10,000 teens and adults, published online in the journal Tobacco Control.",0,Many people were unaware that burning the cigarette is the primary source of toxic constituents in cigarette smoke.,0,same
03-11-011-1,Middle aged diabetics can die six years earlier,2,"In addition to vascular disease, diabetes is associated with substantial premature death from several cancers, infectious diseases, external causes, intentional self-harm, and degenerative disorders, independent of several major risk factors.",1,exaggerates
04-11-005-1,Cystic fibrosis bacteria could help fightback against antibiotic resistance,2,The discovery of the potent activity of enacyloxins against drug-resistant bacteria and the gene cluster that directs their production provides an opportunity for engineered biosynthesis of innovative enacyloxin derivatives and highlights the potential of Bcc bacteria as an underexploited resource for antibiotic discovery.,3,downplays
02-11-042-1,"A programme of training and support for GPs, practice nurses and GP receptionists can substantially increase the identification of women experiencing domestic violence and their referral to specialist advocacy services, according to new research from the University of Bristol, published today in The Lancet.",2,A training and support programme targeted at primary care clinicians and administrative staff improved referral to specialist domestic violence agencies and recorded identification of women experiencing domestic violence.,3,downplays
03-11-025-1,"Scientists have discovered how a molecule that was first discovered in bacteria blocks a protein which causes breast cancer to develop and spread, reveals research published in Nature Chemistry this week.",3,"In cellular experiments, we show that thiostrepton can inhibit the binding of FOXM1 to genomic target sites.",3,same
02-11-035-1,"In the Moraxella study, this development has enabled the research team to correlate intricate, atomic level detail of UspA1 obtained by X-ray crystallography of isolated fragments of the protein with delicate and previously unobservable physical changes of the bacterial cell as it binds to and infects its target human cells.",1,"We show that the UspA1–fibronectin complex is formed between UspA1 head region and the 13th type-III domain of fibronectin and, using X-ray scattering, that the complex involves an angular association between these two proteins.",1,same
25-163,"A physically demanding job or work schedules outside normal office hours may lower a woman's ability to conceive, suggests research published online in Occupational & Environmental Medicine.",2,Our results provide insight into possible mechanisms linking these occupational exposures with decreased fecundity.,1,exaggerates
04-024,"In a small study published in Families Relationships and Society, researchers interviewed mother-grandmother pairs and found that community surveillance of pregnant women and infant feeding had significantly increased between the generations, with many of the new mothers reporting feeling watched, evaluated and judged.",0,"The paper argues that the moral maze of surveyed motherhood renders infant feeding a challenging, and challenged, space for women.",3,downplays
18-11-014-1,"Now a new study, involving researchers at the University of Southampton, has shown that charities and not for profit organisations can benefit from people’s nostalgic feelings, because it encourages them to donate more.",3,"By virtue of its capacity to increase empathy, nostalgia facilitates prosocial reactions.",3,same
25-058,"The sugar content of fruit drinks—including natural fruit juices and smoothies—is “unacceptably high,” with smoothies among the worst offenders, finds research published in the online journal BMJ Open.",0,The sugars content in FJJDS marketed to children in the UK is unacceptably high.,0,same
04-019,"The visual function and daily life of people whose sight can't be corrected with glasses or contact lenses can be significantly improved through home visits by rehabilitation specialists, concludes a study by Cardiff University.",2,The study provides preliminary evidence that a home visit-based visual rehabilitation intervention has a positive influence on vision-related functional outcomes.,3,downplays
17-11-012-1,"Sensitive, fine hairs which cover our bodies allow us to feel parasitic insects on our skin as well as creating a natural barrier to stop them biting us.",3,Our results show that fine body hair enhances the detection of ectoparasites through the combined effects of (i) increasing the parasite's search time and (ii) enhancing its detection.,3,same
20-11-002-1,"Research led by Warwick Medical School at the University of Warwick has found that Metformin, a drug treatment used to treat diabetes and also women with Polycystic Ovary syndrome (PCOS), may potentially provide protection against endometrial cancer.",2,In vitro invasion in ECC-1 cells was significantly attenuated by sera from PCOS women after 6 months of metformin treatment,3,downplays
06-11-019-1,Speaking and listening share large part of brain infrastructure,1,"These results indicate that the linguistic parts of the language system are used for both speaking and listening, but that the motor system does not seem to provide a crucial contribution to listening.",1,same
04-027,"By studying infected cells grown in a laboratory, the team found that a large number of CMV’s genes help it hide from the immune system by allowing it to destroy many of the proteins produced by the body during virus infection and preventing them from activating immune cells to destroy the virus.",3,US18 and US20 work in concert to suppress cell surface expression of the critical NKp30 ligand B7-H6 thus inhibiting NK cell activation.,3,same
25-001,"Women who undergo implant based female sterilization have a significantly heightened risk of reoperation following complications, suggests a large study published in The BMJ this week.",1,Patients undergoing hysteroscopic sterilization have a similar risk of unintended pregnancy but a more than 10-fold higher risk of undergoing reoperation compared with patients undergoing laparoscopic sterilization.,1,same
14-11-003-1,New research suggests eating vegetables gives you a healthy tan.,3,"Together our studies link skin carotenoid coloration to both perceived health and healthy diet, establishing carotenoid coloration as a valid cue to human health which is perceptible in a way that is relevant to mate choice,",1,exaggerates
11-004,"Having diabetes increases the risk of dying from the effects of a heart attack by around 50 per cent, a University of Leeds study has found.",3,"At index acute myocardial infarction, diabetes was common and associated with significant long-term excess mortality, over and above the effects of comorbidities, risk factors and cardiovascular treatments.",1,exaggerates
03-11-004-1,New British-led research shows that starting treatment of blood pressure with two medicines rather than the one produces better and faster results and fewer side effects – findings that could change clinical practice world-wide.,3,Patients given initial combination therapy had a 6·5 mm Hg (95% CI 5·3 to 7·7) greater reduction in mean systolic blood pressure than the monotherapy groups (p<0·0001).,1,exaggerates
25-135,"Latitude is strongly linked to the age at which symptoms of multiple sclerosis (MS) first start, reveals a large international study, published online in the Journal of Neurology Neurosurgery & Psychiatry.",1,An earlier AAO in higher latitude regions was found in this worldwide European-descent cohort and correlated inversely with variation in latitudinal UVR.,1,same
08-11-007-1,"Scientists have identified a single mutated gene that causes Hajdu-Cheney syndrome, a disorder of the bones causing progressive bone loss and osteoporosis (fragile bones).",3,"The Hajdu-Cheney syndrome mutations are predicted to lead to the premature truncation of NOTCH2 with either disruption or loss of the C-terminal proline-glutamate-serine-threonine-rich proteolytic recognition sequence, the absence of which has previously been shown to increase Notch signaling.",1,exaggerates
25-156,Needling twice weekly for 2 weeks reduced crying time significantly Acupuncture may be an effective treatment option for babies with infantile colic—those who cry for more than 3 hours a day on 3 or more days of the week—reveals research published online in Acupuncture in Medicine.,3,More infants receiving acupuncture cried Conclusions Acupuncture appears to reduce crying in infants with colic safely.,2,exaggerates
25-055,"Communicating the results of DNA tests has little or no impact on behaviour change, such as stopping smoking or increasing physical activity, finds a study published by The BMJ today.",0,Expectations that communicating DNA based risk estimates changes behaviour is not supported by existing evidence.,0,same
32-004,New ways to convert carbon dioxide (CO2) into methane gas for energy use are a step closer after scientists discovered how bacteria make a component that facilitates the process.,0,"Here we identify the proteins that catalyse the biosynthesis of coenzyme F430 from sirohydrochlorin, termed CfbA–CfbE, and demonstrate their activity.",0,same
05-11-021-1,University scientists have found that ultrafine particles produced when diesel burns are harmful to blood vessels.,3,Combustion-derived nanoparticulate appears to predominately mediate the adverse vascular effects of diesel exhaust inhalation.,2,exaggerates
07-11-008-1,"Huge decline in HIV rates in Zimbabwe driven by fear of infection, says study",3,"The behavioural changes associated with HIV reduction-mainly reductions in extramarital, commercial, and casual sexual relations, and associated reductions in partner concurrency-appear to have been stimulated primarily by increased awareness of AIDS deaths and secondarily by the country's economic deterioration.",1,exaggerates
11-11-002-1,"The study, by Alexandra Beauregard of LSE's Department of Management, found that even if options such a flexible working hours and help with childcare are available to employees, this does little to reduce stress unless there is positive endorsement from managers.",3,Data collected from public sector employees in the UK indicate that a supportive work-home culture is significantly associated with lower levels of psychosomatic strain among employees.,1,exaggerates
02-11-019-1,"How the toxic protein, amyloid, sets off a chain of events that leads to brain cell death during Alzheimer's disease is described in new detail in a study from the University of Bristol published today in Nature Neuroscience.",3,"We found that a signaling pathway involving caspase-3, Akt1 and glycogen synthase kinase-3β is an important mediator of this effect in rats and mice.",3,same
07-11-020-1,"Giving fluids rapidly through a drip into a vein (fluid resuscitation) as an emergency treatment for African children suffering with shock from severe infections does not save lives, according to a major clinical trial funded by the Medical Research Council (MRC).",3,Fluid boluses significantly increased 48-hour mortality in critically ill children with impaired perfusion in these resource-limited settings in Africa.,3,same
07-11-017-1,"Current UK procedures to screen new immigrants for tuberculosis (TB) fail to detect more than 70 per cent of cases of latent infection, according to a new study published in The Lancet Infectious Diseases.",0,National policy thus far would fail to detect 71% of individuals with latent infection.,0,same
25-035,"Taking benzodiazepines (widely used drugs to treat anxiety and insomnia) is not associated with an increased dementia risk in older adults, finds a study published by The BMJ today.",0,The risk of dementia is slightly higher in people with minimal exposure to benzodiazepines but not with the highest level of exposure.,1,downplays
08-11-023-1,Study shows acidic food and drink can damage teeth,2,"In this sample of adults, tooth wear was associated to a number of acidic dietary products and drinking habits.",1,exaggerates
04-003,"Published in the journal Cell Reports, a team from Cardiff University’s Systems Immunity Research Institute identify a molecule in the body – known as L-selectin - which directs the body’s killer T cells to the site of a virus.",3,"These results connect homing and a function of virus-specific CD8+ T cells to a single molecule, L-selectin.",1,exaggerates
20-11-004-1,"The happiest countries and happiest U.S. states tend to have the highest suicide rates, according to research from the UK’s University of Warwick, Hamilton College in New York and the Federal Reserve Bank of San Francisco.",1,We suggest in this paper that the level of others’ happiness may be a risk factor for suicide (although one's own happiness likely protects one from suicide).,2,downplays
29-020,People with Type 2 diabetes are being ‘let down’ because they are being forced to wait for further treatment when needed.,0,Strategies should be developed to increase the number of patients undergoing therapy intensification and to reduce the delay in intensifying therapy for suitable patients on basal insulin.,0,same
10-11-012-1,Research by the University of Liverpool has found that public disorder at football matches can be reduced when police adopt a policy of dialogue and facilitation rather than deterrence and force.,2,"The analysis suggests that the perceived legitimacy among fans of the way they were policed affected the internal dynamics, patterns of collective action and overall levels of ‘compliance’ among the fan group.",3,downplays
25-102,Likely to be many more pedestrian and motorcycle deaths in India than officially stated,1,Results We found that the distribution of deaths by types of road users reported in official tabulations differed substantially from the underlying police reports.,1,same
14-11-027-1,Bowel cancer screening proven to save lives,3,"Although there was the expected improvement in cancer stage at diagnosis, the proportion with left-sided cancers was higher than expected.",3,same
15-11-021-1,"Being told that a work of art is authentic or fake alters the brain’s response to the visual content of artwork, Oxford University academics have found.",3,"Using functional magnetic resonance imaging, viewing of artworks assigned as ‘copy’, rather than ‘authentic’, evoked stronger responses in frontopolar cortex (FPC) and right precuneus, regardless of whether the portrait was actually genuine.",3,same
25-180,"Taking opioids (strong prescription painkillers) together with benzodiazepines (widely used to treat anxiety and sleep problems) is associated with greater risk of opioid overdose, finds a study in The BMJ today.",1,"From 2001 to 2013, concurrent benzodiazepine/opioid use sharply increased in a large sample of privately insured patients in the US and significantly contributed to the overall population risk of opioid overdose.",1,same
25-172,Strong evidence supports the association between obesity and some major types of cancer,1,"Although the association of adiposity with cancer risk has been extensively studied, associations for only 11 cancers (oesophageal adenocarcinoma, multiple myeloma, and cancers of the gastric cardia, colon, rectum, biliary tract system, pancreas, breast, endometrium, ovary, and kidney) were supported by strong evidence.",1,same
25-197,"Therefore, the DASH diet may lower the risk of gout.",2,"Conversely, the Western diet is associated with a higher risk of gout.",1,exaggerates
01-11-002-1,"Immunity experts at the University of Birmingham have found biological evidence to suggest that bereavement lowers physical immunity, putting older people at risk of life-threatening infections.",3,"Neutrophil superoxide production was significantly reduced among the bereaved when challenged with E. coli ( p = 0.05), or phorbol 12-myristate 13-acetate ( p = 0.009).",1,exaggerates
07-11-018-1,Polypill halves predicted heart disease and stroke risk in international trial,3,This polypill achieved sizeable reductions in SBP and LDL-cholesterol but caused side effects in about 1 in 6 people.,3,same
26-019,"The dietary habits of rat fathers may affect their daughters' breast cancer risk, a study in 60 male rats and their offspring has found. The study is published in the open access journal Breast Cancer Research. Researchers at the University of Sao Paulo showed that the female offspring of male rats which had been fed a diet rich in animal fats had an increased risk of breast cancer. A diet that was rich in vegetable fats reduced the offspring's risk of breast cancer.",2,Our findings highlight the importance of paternal nutrition in affecting future generations’ risk of developing breast cancer.,3,downplays
25-040,"Membership of social groups, such as book clubs or church groups, after retirement is linked to a longer life, with the impact on health and wellbeing similar to that of regular exercise, suggests research published in the online journal BMJ Open.",3,"Theoretical implications for our understanding of the determinants of retiree quality of life and health, and practical implications for the support of people transitioning from a life of work to retirement are discussed.",3,same
25-108,"Circulating viral infections may explain temporal/geographical associations, say researchers",1,Season of birth and region of birth are independently and jointly associated with increased risk of developing CD during the first 15 years of life.,1,same
25-056,"Antibiotic resistance in children with urinary infections is high and could render some antibiotics ineffective as first-line treatments, warns a study published by The BMJ today.",0,"Routine use of antibiotics in primary care contributes to antimicrobial resistance in children, which can persist for up to six months after treatment.",3,downplays
09-11-003-1,Laughter really is the best medicine (for leg ulcers),3,"Low dose, high frequency ultrasound administered weekly for 12 weeks during dressing changes in addition to standard care did not increase ulcer healing rates, affect quality of life, or reduce ulcer recurrence.",0,exaggerates
03-11-026-1,Eating chocolate cuts risk of heart disease,3,Levels of chocolate consumption seem to be associated with a substantial reduction in the risk of cardiometabolic disorders.,1,exaggerates
06-11-014-1,A new University of Glasgow study has found that medication commonly prescribed for people with heart problems can put them at an increased risk of developing diabetes.,1,"In a pooled analysis of data from 5 statin trials, intensive-dose statin therapy was associated with an increased risk of new-onset diabetes compared with moderate-dose statin therapy.",1,same
25-198,"Early medical abortion using online telemedicine can offer an alternative to unsafe methods to end a pregnancy for women in countries where access to safe abortion is restricted, finds a study published by The BMJ today.",0,"At the time women requested help from WoW, 781 (78%) were Conclusions Self sourced medical abortion using online telemedicine can be highly effective, and outcomes compare favourably with in clinic protocols.",2,downplays
25-005,"This poor level of dental health is affecting performance and wellbeing, and the sport needs to tackle this head on as a matter of urgency, say the researchers.",3,"Oral health of professional footballers is poor, and this impacts on well-being and performance.",3,same
05-11-023-1,Scientists have provided the first direct biological evidence for a genetic contribution to people’s intelligence.,3,"Our results unequivocally confirm that a substantial proportion of individual differences in human intelligence is due to genetic variation, and are consistent with many genes of small effects underlying the additive genetic influences on intelligence.",3,same
25-072,"Methadone, the medicine used to help heroin addicts kick their habit, is the most common cause of unintentional fatal poisoning from prescribed drugs among UK toddlers, finds research published online in the Archives of Disease in Childhood.",0,Methadone is the most common pharmaceutical causing fatal poisoning and a common cause of intensive care unit admissions in young children in the UK.,0,same
04-013,"Now, using Diamond Light Source, the UK’s synchrotron science facility to shine intense super powerful X-rays into samples, a team from the University’s Systems Immunity Research Institute found the same killer T-cells that cause type 1 diabetes are strongly activated by some bacteria.",3,"Together, these data highlight how T cell cross-reactivity with pathogen-derived antigens might break self-tolerance to induce autoimmune disease.",3,same
14-11-006-1,"Morning after pill linked to increase in STIs, study shows",1,In contrast both the DD and DDD models provide consistent evidence that pharmacy EBC schemes are associated with higher teenage STI rates.,1,same
25-189,"Long term antibiotic use in early to mid life may be linked to a heightened risk of abnormal growths in the colon and rectum--known as polyps or colorectal adenomas -- which precede the development of most cases of bowel cancer, reveals research published online in the journal Gut.",1,Long-term antibiotic use in early-to-middle adulthood was associated with increased risk of colorectal adenoma.,1,same
06-11-018-1,Low income and poor diet linked to accelerated ageing,1,These data suggest lower socio-economic status and poor diet are relevant to accelerated biological ageing.,1,same
05-11-035-1,A protein linked to the immune system could play a key role in helping scientists understand how vCJD spreads throughout the body.,2,We show that PrPC-expression only on FDC is sufficient to sustain prion replication in the spleen.,3,downplays
10-11-009-1,Researchers at the University of Liverpool have found that anger used by managers in the construction industry has a positive impact and contributes to the success of a project.,3,"Drawing upon a series of semi-structured interviews with construction project managers (n = 19) from the UK, this study offers valuable insights into how anger is frequently enacted to help individuals ensure the progress of the project, be it in negotiations with other parties or affairs on site with operatives.",3,same
29-013,"General practitioner numbers appear to have a small but important influence on premature mortality rates in England, according to research by the University of Leicester.",2,Greater supply of primary care is associated with lower premature mortality even in a health system that has strong primary care (England).,1,exaggerates
26-003,"It may be possible to assess the risk of developing dementia by analyzing information gathered during routine visits to the family doctor, according to research published in the open access journal BMC Medicine.",1,"Routinely collected data predicts 5-year risk of recorded diagnosis of dementia for those aged 60–79, but not those aged 80+.",1,same
25-081,And finds female physicians earn significantly less than either white or black male colleagues,1,Whether these differences reflect disparities in job opportunities is important to determine.,1,same
03-11-002-1,Immune interaction optimises foetal nourishment during pregnancy,3,"Antigenic disparity between parental MHCs affects trophoblast-induced transformation of the uterine vasculature and, consequently, placental and fetal gowth.",3,same
25-154,"Replacing one daily portion with poultry or fish may lower risk, findings suggest",2,"Red meat intake, particularly unprocessed red meat, was associated with an increased risk of diverticulitis.",1,exaggerates
12-11-003-1,New research has provided fresh evidence that alcohol industry sponsorship of sport is associated with more hazardous drinking in sportspeople compared to non-alcohol sponsorship.,1,"Multivariate regression showed that receipt of alcohol industry sponsorship was predictive of higher AUDIT scores (β(adj) = 1.67, 95% confidence interval (CI): 0.56-2.78), but non-alcohol industry sponsorship and combinations of both were not (β(adj) = 0.18, 95% CI: -2.61 to 2.68; and β(adj) = 2.58, 95% CI: -0.60 to 5.76, respectively).",1,same
25-116,"In an effort to find out whether physical activity moderates the association between alcohol intake and death from all causes, and from cancer and cardiovascular disease, the researchers drew on responses to nationally representative health surveys carried out in England and Scotland for the years 1994, 1998, 1999, 2003, 2004 and 2006.",3,Meeting the current PA public health recommendations offsets some of the cancer and all-cause mortality risk associated with alcohol drinking.,3,same
10-11-010-1,Two-year-old children understand complex grammar,1,The results suggest that young 2-year-olds can associate transitive structures with causal (or externally caused) events and can use transitive structure to assign agent and patient roles correctly.,1,same
19-11-016-1,"Study of gene therapy developed at UCL and St. Jude Children’s Research Hospital offers first proof adults with haemophilia B benefit from treatment, reducing need for injections with clotting factor to prevent bleeds.",3,"Peripheral-vein infusion of scAAV2/8-LP1-hFIXco resulted in FIX transgene expression at levels sufficient to improve the bleeding phenotype, with few side effects.",3,same
22-019,"The research, funded by Wellcome and published in the American Journal of Psychiatry, suggests that a reduced risk of developing psychosis can be added to the list of social, economic and health advantages enjoyed by more affluent, older white British people living in rural England; a group typically known as ‘Middle England’.",1,"Excess rates were restricted to urban and deprived communities, suggesting that a threshold of socioenvironmental adversity may be necessary to increase incidence.",2,downplays
06-11-016-1,"The research, funded by the Biotechnology and Biological Sciences Research Council (BBSRC), Engineering and Physical Sciences Research Council (EPSRC) and the University of Glasgow and published in the journal Nature Materials, shows how a new nanoscale plastic can cheaply and easily solve a problem which has previously made the expansion of stem cells for therapeutic purposes impossible.",2,Here we identify a nanostructured surface that retains stem-cell phenotype and maintains stem-cell growth over eight weeks.,3,downplays
01-11-007-1,"Research findings published today (April 29) in the journal Science by Dr David Sansom and his team in the MRC Centre for Immune Regulation at Birmingham show how a protein, called CTLA-4, keeps the immune system damped down during day-to-day activities and prevents inappropriate aggressive behaviour from T cells, the 'command centre of our immune response'.",3,"These data reveal a mechanism of immune regulation in which CTLA-4 acts as an effector molecule to inhibit CD28 costimulation by the cell-extrinsic depletion of ligands, accounting for many of the known features of the CD28-CTLA-4 system.",3,same
25-085,Proportion likely to rise as population ages; major cause of disability and distress,1,This figure is likely to increase further in line with an ageing population.,1,same
25-065,Metal hip replacements implanted since 2006 more prone to failure,1,This device was found to have an unacceptably high revision rate.,0,exaggerates
25-150,"The likelihood of dying after emergency abdominal surgery to treat conditions such as appendicitis, may be up to seven times greater for a child in a poor country than for a child in a rich nation, suggests research published in the online journal BMJ Global Health.",1,Adjusted mortality in children following emergency abdominal surgery may be as high as 7 times greater in low-HDI and middle-HDI countries compared with high-HDI countries,1,same
03-11-020-1,Drug side effect linked with increased health risks for over 65s,1,The use of medications with anticholinergic activity increases the cumulative risk of cognitive impairment and mortality.,3,downplays
25-138,"Writing in The BMJ today, researchers describe a new calculator that has been developed to estimate the individualised chances of couples having a baby, both before and after first IVF treatment, and over multiple cycles.",0,This study provides an individualised estimate of a couple's cumulative chances of having a baby over a complete package of IVF both before treatment and after the first fresh embryo transfer.,0,same
07-11-028-1,Six new genetic variants linked to type 2 diabetes discovered in South Asians,1,"Our findings provide additional insight into mechanisms underlying T2D and show the potential for new discovery from genetic association studies in South Asians, a population with increased susceptibility to T2D.",1,same
25-023,Active and passive smoking linked to infertility and earlier menopause,1,Active smoking and SHS exposure are associated with increased risk of infertility and natural menopause occurring before the age of 50 years.,1,same
02-11-034-1,New research has found the transplantation of stem cells that reside in human veins can help in the recovery of a heart attack.,2,SVP transplantation produces long-term improvement of cardiac function through a novel paracrine mechanism involving the secretion of miR-132 and inhibition of its target genes.,3,downplays
25-109,"Indoor trampoline park injuries are an ""emerging public health concern,"" warn doctors in the journal Injury Prevention.",0,"Unlike domestic trampolines, where the majority of injuries occur from falling off, most trampoline-park injuries occur on the trampoline surface.",0,same
03-11-013-1,Research provides new insight into why poor diet during pregnancy negatively affects offspring’s long term health.,3,"Exposure to suboptimal nutrition during early development leads to epigenetic silencing at the enhancer region, which weakens the P2 promoter-enhancer interaction and results in a permanent reduction in Hnf4a expression.",3,same
05-11-001-1,Women who have had chlamydia are at greater risk of an ectopic pregnancy because of a lasting effect of the infection.,3,"Fallopian tube (FT) from women with EP exhibit altered expression of prokineticin receptors 1 and 2 (PROKR1 and PROKR2); smoking increases FT PROKR1, resulting in a microenvironment predisposed to EP.",3,same
25-074,"More than half of Europeans now think that e-cigarettes are harmful--a proportion that has nearly doubled in two years--show the latest results of a European Union (EU)-wide survey, published online in the journal Tobacco Control.",0,Ever use of e-cigarettes increased during 2012–2014.,0,same
25-099,"US police killed or injured an estimated 55, 400 people during legal stop and search incidents and arrests in 2012, reveals research published online in the journal Injury Prevention.",0,Excess per capita death rates among blacks and youth at police hands are reflections of excess exposure.,0,same
04-11-008-1,"Using the latest brain imaging techniques scientists from Cardiff University’s Brain Imaging Research Imaging Centre (CUBRIC) and University College London have identified a new link between impulsiveness and levels of GABA, a very common neurotransmitter, in a very specific part of the brain.",1,These findings help account for individual differences in self-control and thus clarify the relationship between GABA and a wide range of psychiatric disorders associated with impaired self-control.,1,same
14-11-016-1,"Dr Bruno Gran, a Clinical Associate Professor in the Division of Clinical Neurology in the School of Clinical Sciences, working in collaboration with Professor Paul Moynagh from the National University of Ireland, Maynooth, has discovered a synthetic chemical compound which inhibits the pro-inflammatory signals produced by the immune system in MS.",3,"These findings identify R(+)WIN55,212-2 as a novel regulator of TLR3 signaling to IRF3 activation and IFN-β expression and highlights a new mechanism that may be open to exploitation in the development of new therapeutics for the treatment of MS.",3,same
04-11-010-1,"Common genetic variants contribute to the risk of schizophrenia and bipolar disorder, an international research consortium has discovered.",3,"The combined stage 1 and 2 analysis yielded genome-wide significant associations with schizophrenia for seven loci, five of which are new (1p21.3, 2q32.3, 8p23.2, 8q21.3 and 10q24.32-q24.33) and two of which have been previously implicated (6p21.32-p22.1 and 18q21.2).",1,exaggerates
07-11-031-1,"Magnetic scanners could provide a less invasive, cheaper way to diagnose the causes of heart failure in some patients - News",2,"LGE-CMR is a safe, clinically effective, and potentially economical gatekeeper to CA",3,downplays
29-017,"Office workers can stave off health problems associated with sitting down all day by regularly exercising, a new study has found.",2,"In this national sample of English adults, being physically active was associated with a better health profile, even in those with concomitant high sedentary time.",1,exaggerates
02-11-022-1,"Gaining more than the recommended weight during pregnancy can put women at increased risk of becoming obese and developing related health problems, including high blood pressure, later in life.",2,"On the basis of estimates from random-effects multilevel models, prepregnancy weight was positively associated with all outcomes.",1,exaggerates
29-036,Statins could hold the key to eradicating one of the most preventable causes of hospital deaths after researchers uncovered a new role for the cholesterol-lowering pill.,2,Available evidence from observational and intervention studies suggest a beneficial effect of statin use on venous thromboembolism.,3,downplays
25-016,Newborns in intensive care exposed to thirdhand smoke residue,0,"Discussion THS appears to be ubiquitous, even in closely guarded healthcare settings.",0,same
14-11-026-1,Impact of injuries in the UK more than two and a half times higher than estimated,1,The use of disability weights derived from patient experiences combined with additional morbidity data on ED-treated patients and inpatients suggests that the absolute burden of injury is higher than previously estimated.,1,same
25-012,"Babies born in English NHS hospitals at the weekend have a slightly greater risk of death within the first seven days, compared with those born during the week, finds a study in The BMJ today.",1,"Study answer and limitations Performance across four of the seven measures was significantly worse for women admitted, and babies born, at weekends.",1,same
29-012,University of Leicester study shows possible link between red meat and heart disease,1,"TMAO was a univariate predictor of death and death/HF, and remained an independent predictor until adjusted for renal confounders.",1,same
25-139,But levels of physical fitness significantly worsened,0,High levels of inspiration to participate in new activities reported following London 2012 and positive associations with fitness are encouraging.,1,downplays
25-168,"Brainy teens may be less likely to smoke, but more likely to drink and use cannabis",1,"In a sample of over 6000 young people in England, high childhood academic at age 11 is associated with a reduced risk of cigarette smoking but an increased risk of drinking alcohol regularly and cannabis use.",1,same
25-120,"Growth in the use of e-cigarettes in England has been associated with a higher rate of successful attempts to quit smoking, reveals a study published by The BMJ today.",1,Prevalence of e-cigarette use in current smokers was used to predict rate of quit attempts.,1,same
13-11-002-1,Protective properties of green tea uncovered,2,"CAGTE which was depleted in flavan-3-ols, as shown by LC–MS analysis, protected dPC12 cells at concentration ranges of 0.3–10 g/ml and 0.03–0.125 g/ml for H2O2 and A(1–42), induced cytotoxicity, respectively.",3,downplays
12-11-019-1,"University of Manchester scientists, working with colleagues in Edinburgh and Australia, have provided the first direct biological evidence for a genetic contribution to people’s intelligence.",3,"Our results unequivocally confirm that a substantial proportion of individual differences in human intelligence is due to genetic variation, and are consistent with many genes of small effects underlying the additive genetic influences on intelligence.",3,same
29-024,"A team led by Martha Clokie, Professor of Microbiology at the University of Leicester’s Department of Infection, Immunity and Inflammation, demonstrated that bacteriophage combinations significantly reduce growth of C. difficile cells and proliferation in complex models, whilst retaining healthy gut by preventing destruction of beneficial bacteria caused by traditional antibiotic treatment.",3,"In a challenge model of the disease, phage treatment delayed the onset of symptoms by 33 h compared to the time of onset of symptoms in untreated animals.",3,same
33-005,"The Portable Eye Examination Kit (Peek) has real-world potential to transform global eye health, according to new research published in the journal JMIR mHealth uHealth.",0,The study demonstrated that the Peek Acuity smartphone test is capable of accurate and repeatable acuity measurements consistent with published data on the test-retest variability of acuities measured using 5-letter-per-line retroilluminated logMAR charts.,0,same
15-11-012-1,Coaching has a ‘significant result’ on SAT scores says Oxford study,3,We show a significant effect in score improvement for coached students over their uncoached peers in both the Math and Verbal subtests of the examination.,3,same
10-11-013-1,Scientists identify genes that may signal long life in naked mole-rats,2,Our results indicate that genes associated with oxidoreduction and mitochondria were expressed at higher relative levels in naked mole-rats.,1,exaggerates
02-11-001-1,"Girls who begin menstruating at an early age are at greater risk of depressive symptoms during their adolescence, according to new research by academics from the University of Bristol and the University of Cambridge.",3,Early maturing girls are at increased risk of depressive symptoms in adolescence and could be targeted by programmes aimed at early intervention and prevention.,3,same
22-004,Reducing toddlers’ portion sizes or number of eating occasions could potentially help to target weight gain in later life according to new research from UCL.,2,"FR and SR predict different eating variables with more food-responsive children eating more frequently, whereas less–satiety-responsive children eat more food on each eating occasion.",1,exaggerates
02-11-049-1,Scientists have discovered a new way to target cancer through manipulating a master switch responsible for cancer cell growth.,3,"Altered VEGF splicing was reversed by wild-type WT1, knockdown of SRSF1, or SRPK1 and inhibition of SRPK1, which prevented in vitro and in vivo angiogenesis and associated tumor growth.",3,same
18-11-013-1,"A new study, conducted by researchers at the University of Southampton, supports the claim that the introduction of breast cancer screening in the UK may have caused more harm than good.",2,This analysis supports the claim that the introduction of breast cancer screening might have caused net harm for up to 10 years after the start of screening.,2,same
14-11-010-1,Collisions of protein machines cause DNA replication derailment,3,"Here we show that in vivo, co-directional transcription can disrupt replication, leading to the involvement of replication restart proteins.",2,exaggerates
18-11-012-1,Patients who have undergone knee or hip replacement surgery could potentially double the life of their implant by taking readily available osteoporosis drugs called bisphosphonates.,2,"In patients undergoing lower limb arthroplasty, bisphosphonate use was associated with an almost twofold increase in implant survival time.",1,exaggerates
08-11-003-1,Children's genes influence response to education,3,Raw achievement shows moderate heritability (about 50%) and modest shared environmental influences (25%).,3,same
15-11-019-1,"‘Hyper-excitability’ in regions of the brain may underlie synaesthesia, an unusual condition where some people experience a ‘blending of the senses’, Oxford University researchers suggest.",2,"Using transcranial magnetic stimulation, we show that synesthetes display 3-fold lower phosphene thresholds than controls during stimulation of the primary visual cortex.",1,exaggerates
03-11-037-1,Scientists find mechanism that leads to drug resistance in bacteria causing melioidosis,3,Mutational analysis of wild-type B. pseudomallei demonstrated that ceftazidime resistance was due to deletion of a gene encoding a penicillin-binding protein 3 (BPSS1219) present within the region of genomic loss.,3,same
02-11-036-1,Smoking in films encourages teenagers to take a drag,3,This study provides evidence that adolescents in the UK and elsewhere who are exposed to smoking depictions in films are more likely to initiate smoking.,1,exaggerates
25-128,"Extending the cervical cancer screening interval beyond five years for women aged 40 and older who test negative for human papilloma virus (HPV) is safe, say researchers from the Netherlands in The BMJ this week.",3,"Long term incidences of cervical cancer and CIN3+ were low among HPV negative women in this study cohort, and supports an extension of the cervical screening interval beyond five years for women aged 40 years and older.",0,exaggerates
15-11-009-1,Painful periods increase sensitivity to pain throughout the month,1,"During menstruation, deactivation of brain regions in response to noxious stimulation was observed in control women but not in women with dysmenorrhoea.",1,same
11-006,Terminal cancer patients 'not getting adequate pain relief',0,The study provides the first detailed analysis of the relatively late onset and short duration of strong opioid treatment in patients with cancer before death in a representative UK cohort.,0,same
25-064,Loneliness and isolation linked to heightened risk of heart disease/stroke,1,Our findings suggest that deficiencies in social relationships are associated with an increased risk of developing CHD and stroke.,1,same
11-010,"The body’s peripheral nervous system could be capable of interpreting its environment and modulating pain, neuroscientists have established, after studying how rodents reacted to stimulation.",0,"Mechanistically, GABA depolarized the majority of sensory neuron somata, yet produced a net inhibitory effect on the nociceptive transmission due to the filtering effect at nociceptive fiber T-junctions.",3,downplays
25-169,"A diet rich in fruit and vegetables is linked to a significantly lower risk of developing chronic lung disease (COPD) in former and current smokers, finds research published online in the journal Thorax.",1,These results indicate that high consumption of fruits and vegetables is associated with reduced COPD incidence in both current and ex-smokers but not in never-smokers.,1,same
07-11-009-1,Mathematical models predict that some policy interventions might not be best employed at the start of an epidemic.,1,Mitigation of a severe influenza pandemic can be achieved using a range of interventions to reduce transmission.,2,downplays
27-003,"A European-wide study published today in the journal Neuroepidemiology has found that whilst older people with a higher level of education have better memory function, it does not protect them from cognitive decline as they age.",0,"We found weak evidence of a protective effect of education on memory change in most European samples, although there was a positive association with memory performance at individuals' baseline assessment.",3,downplays
17-11-004-1,New treatment can destroy prostate cancer from within,2,"The virus then infected neighboring cells but only proliferated and was cytotoxic in prostate tumor cells, resulting in the marked inhibition of tumor growth and reduction of pulmonary metastases.",3,downplays
26-031,"Light and moderate alcohol consumption of up to two drinks per day is associated with a lower risk of ischemic stroke but seems to have no effect on a person’s risk of hemorrhagic stroke, according to a study published in the open access journal BMC Medicine. High-to-heavy drinking was found to be associated with increased risk of all stroke types.",1,"Light and moderate alcohol consumption was inversely associated only with ischemic stroke, whereas heavy drinking was associated with increased risk of all stroke types with a stronger association for hemorrhagic strokes.",1,same
06-11-020-1,Stress in early life reduces life expectancy - and that of partners,3,"Our results clearly show that increased exposure to glucocorticoids early in life can markedly reduce adult life expectancy, and that pairing with such exposed partners carries an additional and substantial lifespan penalty.",3,same
25-105,"Volunteering in middle and older age is linked to good mental health/emotional wellbeing, finds a large study of British adults, published in the online journal BMJ Open.",1,We conclude that volunteering may be more meaningful for mental well-being at some points of time in the life course.,1,same
26-016,Email-based exercises could improve mental health long-term,2,Internet-based interventions are feasible for mental health promotion and should be available for people interested in improving their psychological well-being and lifestyle.,3,downplays
25-089,"Medical devices approved first in the European Union (EU) are associated with a greater rate of safety issues, finds a study published by The BMJ today.",1,Devices approved first in the EU are associated with an increased risk of post-marketing safety alerts and recalls.,1,same
25-034,Rising rates linked to economic development; adoption of Western lifestyle may be to blame,2,Patterns and trends in CRC incidence and mortality correlate with present human development levels and their incremental changes might reflect the adoption of more western lifestyles.,1,exaggerates
06-11-028-1,Clot-busting drugs given to patients who have diabetes and previously suffered a stroke aid their recovery from a second stroke a new study has revealed.,3,"Outcomes from thrombolysis are better than the controls among patients with DM, PS, or both.",1,exaggerates
06-11-027-1,"A traditional Christmas Day family walk could help reduce fat levels in the blood, according to scientists at the University of Glasgow.",1,"Thus, exercise-induced reductions in VLDL1 concentrations are mediated by increased catabolism, rather than reduced production, which may be facilitated by compositional changes to VLDL1 particles that increase their affinity for clearance from the circulation.",3,downplays
26-028,"Multidrug-resistant tuberculosis (TB) could become a serious public health threat in West Africa unless effective surveillance and control measures are implemented, according to a study published in the open access journal BMC Medicine. Researchers from the West-African Network of Excellence for TB, AIDS and Malaria (WANETAM) found the prevalence of multidrug-resistant tuberculosis (MDR-TB) to be unexpectedly high in eight West-African countries.",0,"West African drug-resistance prevalence poses a previously underestimated, yet serious public health threat, and our estimates obtained differ significantly from previous World Health Organisation (WHO) estimates.",0,same
19-11-010-1,Babies can distinguish painful stimuli as different from general touch from around 35-37 weeks gestation – just before an infant would normally be born – according to new research.,2,The results suggest that specific neural circuits necessary for discrimination between touch and nociception emerge from 35-37 weeks gestation in the human brain.,1,exaggerates
25-101,Shops openly flouting tobacco sales ban near schools in China,0,"We observed low enforcement of the regulation that bans tobacco retail sales near schools and high prevalence of tobacco displays that target children in Changsha, China.",0,same
25-075,"Offering DIY sampling kits for HIV using online dating apps and social media targeting gay men, successfully unearths previously undiagnosed cases of the infection, reveals an evaluation of the first large-scale dedicated service in the UK, published online in the journal Sexually Transmitted Infections.",0,This evaluation provides evidence to inform the potential roll-out of further online strategies to enhance community HIV testing.,0,same
26-017,"There is little awareness of the chemical components of cigarette smoke amongst US adults, even though many of them report having looked for relevant information. In a study published in the open access journal BMC Public Health, researchers from the University of North Carolina at Chapel Hill suggest that the Food and Drug Administration (FDA) expand its messaging activities so that information about these constituents reaches all segments of the US population, especially those most vulnerable to tobacco product use and its associated health risks.",0,"Results revealed that over one quarter of U.S. adults, and over one third of smokers, reported having looked for information about tobacco constituents in cigarette smoke; however, the vast majority was unaware of what constituents might actually be present.",0,same
14-11-017-1,New research into how the bilingual brain processes two very different languages has revealed that bilinguals' native language directly influences their comprehension of their second language.,3,"In two lexical decision tasks, Chinese-English bilinguals responded to English target words that were preceded by masked unrelated primes presented for 59 ms.",1,exaggerates
03-11-027-1,"Scientists have identified 29 new genetic variants linked to multiple sclerosis, providing key insights into the biology of a very debilitating neurological disease.",1,"In a collaborative GWAS involving 9,772 cases of European descent collected by 23 research groups working in 15 different countries, we have replicated almost all of the previously suggested associations and identified at least a further 29 novel susceptibility loci.",1,same
25-029,UK teens heavily exposed to alcohol and tobacco content in YouTube music videos,0,YouTube music videos deliver millions of gross impressions of alcohol and tobacco content.,0,same
04-11-016-1,"A life of crime starts to damage offenders’ health once they reach their 40s, new research has shown.",3,The findings suggest that high-rate chronic offending may in itself create the substrate for hospitalisation and registered disability.,2,exaggerates
25-175,"Palliative and end-of-life care are not being considered as core services by clinical commissioning groups (CCGs) in some parts of England, with a vast degree of variation across different services and regions, reveals an analysis published in BMJ Supportive and Palliative Care.",1,"However, information based on data that are more objective, for example, population and total budget for palliative care, demonstrate wide variations in commissioning.",1,same
15-11-027-1,Dementia costs Europe £165 billion a year,3,"In conclusion, dementia poses a significant economic burden to European health and social care systems, and society overall.",3,same
02-11-048-1,Babies born 32-36 weeks fare less well at school,1,Children born late-preterm are less likely to be successful in early school assessments than those born at term.,1,same
19-11-001-1,"There are no differences between heterosexuals and homosexuals or between women and men in terms of the brain systems regulating romantic love, according to new UCL research published in the latest issue of PLoS One.",0,We could therefore detect no difference in activation patterns between these groups.,0,same
05-11-009-1,University scientists have identified a protein crucial for maintaining the health and function of the segment of nerve fibres that controls transmission of messages within the brain.,3,"This causes AIS disintegration, impairment of motor learning and the abolition of the spontaneous tonic discharge typical of Purkinje cells.",3,same
14-11-001-1,"Direct experience of extreme weather events increases concern about climate change and willingness to engage in energy-saving behaviour, according to a new research paper published in the first edition of the journal Nature Climate Change this week.",3,"We show that those who report experience of flooding express more concern over climate change, see it as less uncertain and feel more confident that their actions will have an effect on climate change.",1,exaggerates
02-11-032-1,"A randomised clinical trial conducted by researchers from Oxford and Bristol Universities and published in the New England Journal of Medicine has shown that two drugs for breaking up the thick pleural fluid, when used together, improve drainage of the fluid from the chest.",3,Intrapleural t-PA-DNase therapy improved fluid drainage in patients with pleural infection and reduced the frequency of surgical referral and the duration of the hospital stay.,3,same
26-029,"Pessimism seems to be a strong risk factor for death from coronary heart disease (CHD), while optimism does not protect from it, according to a study published in the open access journal BMC Public Health that involved 2,267 middle aged and older Finnish men and women.",1,Pessimism seems to be a substantial risk factor for death from CHD,1,same
18-11-004-1,Brain scans of aggressive and antisocial teenage boys with conduct disorder (CD) have revealed differences in the structure of the developing brain that could link to their behaviour problems.,1,Brain structural abnormalities may contribute to the emergence of adolescent-onset as well as early-onset conduct disorder,2,downplays
04-018,"Stomach bleeds caused by aspirin are considerably less serious than the spontaneous bleeds that can occur in people not taking the drug, concludes a study led by Cardiff University.",1,"The majority of the adverse events caused by aspirin are GI bleeds, and there appears to be no valid evidence that the overall frequency of fatal GI bleeds is increased by aspirin.",0,exaggerates
02-11-043-1,"According to the University of Bristol study, funded by Arthritis Research UK and published in the journal Osteoarthritis and Cartilage, omega-3-rich diets fed to guinea pigs, which naturally develop osteoarthritis, reduced disease by 50 per cent compared to a standard diet.",3,Dietary n-3 reduced disease in OA-prone animals.,3,same
29-027,"Hospital admissions for a short-term and avoidable complication of diabetes have risen by 39 per cent in the last ten years, a new analysis has concluded.",0,"Over 10 years, hospital admissions in England for hypoglycaemia increased by 39% in absolute terms and by 14% considering the general increase in hospitalisation; however, accounting for diabetes prevalence, there was a reduction of admission rates.",0,same
26-020,"International collaborations across the EU are needed to monitor prescription drug abuse, identify its scope and develop targeted interventions, according to the first comparative study of prescription drug abuse in the European Union. The study, published in the open access journal BMC Psychiatry investigated nonmedical prescription drug use in five European countries - Denmark, Germany, Spain, Sweden and the UK.",0,"Nonmedical prescription drug use was reported across the five EU countries we studied, with opioids and sedatives being the most prevalent classes of prescription psychotherapeutics.",0,same
