Titulo,Subtitulo,Noticia,Categoria,Data,Autor,URL
"

Ana de 6 anos foi trazida pelo motorista da van e está procurando a família #boato 
","Boato – O motorista da van encontrou uma criança chamada Ana, de 6 anos. Ela está na Delegacia da Criança, chorando muito e procura pelos pais. Repassem a foto nos grupos. ",repassar criança encontrar procurar o família delegacia criança trazido motorista van tá chorar falir o nome ana e ano repassar pra achar pai telefonar encontrar falar geraldo,brasil,,"
Edgard Matsuki ",https://www.boatos.org/brasil/ana-6-anos-trazida-motorista-van-esta-procurando-familia.html
É #FAKE que vacina chinesa em testes no Brasil use células de fetos abortados,"Parceria de empresa da China com o Instituto Butantan, imunizante citado em mensagem falsa tem por base coronavírus cultivado em células de macaco e inativado.",mensagem o vacinar chinês o coronavírus testar brasil utilizar célula bebês abortar viralizado internet fake o coronavac desenvolvido empresar chino sinovac e fase teste brasil voluntário parceria o instituto butantan célula espécie macaco infectar sars-cov-2 inativado e humano feto abortar existir imunização d material replicar laboratório – técnico existente haver ano e amplamente aceito mundo científico – o casar coronavac buscar atestar o respostar imune voluntário o aplicação dose,saúde, 28/07/2020," Por Roberta Pennafort e Roney Domingos, CBN e G1 ",https://g1.globo.com/fato-ou-fake/coronavirus/noticia/2020/07/28/e-fake-que-vacina-chinesa-em-testes-no-brasil-use-celulas-de-fetos-abortados.ghtml
"Citada por Bolsonaro, auditoria do PSDB não encontrou fraude nas eleições  ",,o presidente jair bolsonaro publicar o rede social vídeo deputar federal carlos sampaio psdb-sp parir defender o adoção votar impresso o gravação o parlamentar tucano apresentar o resultar umar auditoria encomendar pelar sobrar o eleição o ficar claro pelar postagem bolsonaro o psdb encontrar nenhum fraudar o processar eleitoral d ano pleito o tse tribunal superior eleitoral aceitar pedir parir auditar o urna eletrônicas o tribunal conceder acesso o arquivo e programar o equipamento n eleição parir umar auditoria externo o entanto negar o solicitação parir formar umar comissão especial parir o análise o presidente tse época dia toffoli justificar o psdb apresentar nenhum indício fraudar,política,12/07/2021 07h55 ,Alessandra Monnerat,https://noticias.uol.com.br/ultimas-noticias/agencia-estado/2021/07/12/auditoria-do-psdb-em-2015-nao-apontou-fraude-na-eleicao.htm
É #FATO que foto mostra crianças estudando pelo rádio durante epidemia de pólio nos EUA em 1937,Imagem é autêntica e está disponível em bancos de imagens.,circular rede social foto preto e branco mostrar criança estudar o o rádio legendar o foto e aluno passar o aula remoto razão poliomielite chicago escola fechar e professorar passar o aula rádio o família e o escola viver novamente comedir ano letivo desafiador bater apertar peitar olhar foto e lembre-se passar fato o imagem realmente mostrar criança aula rádio cidade chicago o imagem disponível banco imagem getty images o legendar foto banco imagem criança ouvir aula rádio dever epidemiar paralisia infantil chicago o reabertura escola atrasar aluno receber cursar pré-estabelecido rádio acordar cronograma elaborar diretores escola aluno ouvir o transmissão escolar esquerdo o filar patricia smith e jack smith fileira trás chuck murray e jim murray,saúde, 05/02/2021," Por Roney Domingos, G1 ",https://g1.globo.com/fato-ou-fake/noticia/2021/02/05/e-fato-que-foto-mostra-criancas-estudando-pelo-radio-durante-epidemia-de-polio-nos-eua-em-1937.ghtml
Vídeo é tirado de contexto para dizer que brigadistas estariam causando incêndio no Pantanal,,vídeo mostrar verdade equipar instituto chico mendes conservação biodiversidade icmbio combater fogo técnico queimar controlar consistir queimar pequeno modo planejado e monitorado eliminar pastar secar servir combustível incêndio florestar,política,2020/09/17,Comprova,https://projetocomprova.com.br/publicações/video-e-tirado-de-contexto-para-dizer-que-brigadistas-estariam-causando-incendio-no-pantanal/
"

Papa Francisco propõe o fim do Brasil e criação da Pátria Grande Socialista #boato 
","Boato – Em discurso, o papa Francisco propôs o fim do Brasil e a criação de uma grande pátria socialista na América Latina com capital no Panamá. ",urgente papar propor brasil e criação patria discursar acabar brasil – capital panamá discursar papar propor brasil unificação pátrio socialista,entretenimento,18/02/2020,"
Edgard Matsuki ",https://www.boatos.org/religiao/papa-francisco-propoe-fim-do-brasil-criacao-patria-grande-socialista.html
É falso que governo federal cortará verbas do Carnaval  ,,mensagem espalhar rede social afirmar o presidente jair bolsonaro psl prometer liberar verba o carnaval d ano diverso postagens trazer foto bolsonaro e o seguinte explicação o cortar o saudar o educação e o segurança público priorizar o presidente querer carnaval gastar bolsar notícia circular o início ano o bolsonaro assinar decretar proibir prefeito repassar recurso o carnaval e o parar gay o intuito decisão acabar festa pensar primeiramente necessidade principal haver registrar o presidente declaração bloquear recurso financeiro o realização carnaval esclarecer o secretariar comunicação presidência,política,13/02/2019 04h00 ,Anita Grando Martins,https://noticias.uol.com.br/confere/ultimas-noticias/2019/02/13/e-falso-que-governo-federal-cortara-verbas-do-carnaval.htm
É #FAKE mensagem que lista cidades sem morte nem internação por Covid-19 após adoção de tratamento precoce,"De acordo com boletins divulgados pelas secretarias dos municípios que constam na lista falsa, há tanto internados quanto óbitos registrados em quase todas elas. Além disso, há prefeituras que negam ter 'kit Covid' para combater a doença.",lista cidade brasileiro compartilhar rede social mensagem município zeraram morte e internação covid-19 adoção tratamento precoce o doença fake o lista composto cidade o pequeno médio o internação e óbito proporcional o o habitante boletim divulgar secretariar saudar d cidade março haver paciente internar óbito registrar d abaixar divulgar secretariar búzio rj internar óbito horasengenheiro coelho sp internar governador valadares mg internar óbito horasgramado rs internar óbito horasipatinga mg óbito horasitajaí sc internar óbito horasitajubá mg internar óbito horasmaxaranguape rn internar pato minar mg internar óbito horasporto feliz sp internar óbito horasporto segurar ba internados/ óbito horasrancho queimar sc caso ativos horassão lourenço mg internar marçosorocaba sp internar óbito horastaquara rs óbito horasuberaba mg internar e óbito horar,saúde, 01/04/2021," Por Thaís Matos, G1 ",https://g1.globo.com/fato-ou-fake/coronavirus/noticia/2021/04/01/e-fake-mensagem-que-lista-cidades-com-zero-mortes-e-internacoes-por-covid-19-apos-adocao-de-tratamento-precoce.ghtml
É falso que repórter tenha falado em visitar filha de Bolsonaro na cadeia  ,,o vídeo o presidente jair bolsonaro irritar e ameaçar agredir repórter jornal o globo compartilhar twitter falso legendar sugerir bolsonaro provocar profissional atacar versão o jornalista visitar filho cadeia aconteceu.embora o legendar afirmar tratar provocação o o presidente o áudio permitir ouvir o frase visitar feira catedral presidente o convite homem pessoa seguir o presidente o episódio ocorrer durante visitar bolsonaro catedral metropolitano brasília n domingo,entretenimento,25/08/2020 00h31Atualizada em 26/08/2020 19h00 ,"Cloroquina foi adotada pela China, mas continua sem comprovação científica  ",https://noticias.uol.com.br/comprova/ultimas-noticias/2020/08/25/e-falso-que-reporter-tenha-falado-em-visitar-filha-de-bolsonaro-na-cadeia.htm
"

Ivermectina supera vacinas ao ter 83% de eficácia contra Covid-19 #boato 
",Boato – Estudo do Reino Unido mostra que ivermectina possui 83% de eficácia e é mais segura do que vacina contra Covid-19.,“ ivermectina superar vacinar eficácia o covid-19 revelar o ciência estudar reinar unir revelar o ivermectina promover taxar sobrevivência acima o coronavírus covid-19 superar vacinar covid-19 experimentar e perigoso induzir infecção e morte proteção ”,saúde,19/03/2021,"
Kyene Becker ",https://www.boatos.org/saude/ivermectina-supera-vacinas-83-eficacia-contra-covid-19.html
"

Vídeo mostra milagre do sol piscando em Medjugorje #boato 
","Boato – Em Medjugorje, na Bósnia e Herzegovina, Sol pisca no céu durante celebração religiosa. Fiéis dizem se tratar de um milagre.",urgente medjugorje sol piscar dia 2\09\2019 mensagem extraordinário senhor vidente mirjana dragicevic soldar dia setembro medjugorije querido filho rezar rezar o terçar dia coroar florir unir mãe s dor sofrimento desejo e esperançar apóstolo amor graça e amor filhar e pedir o oração … apóstolo amor o forçar oração realizar o coração intenso e cheio amor transformar o mundo filho rezar rezar rezar ” compartilhar inscreva-se apertar o sino notificação vídeo canal deixar o like e o comentário,entretenimento,17/09/2019,"
Kyene Becker ",https://www.boatos.org/religiao/video-milagre-do-sol-piscando-medjugorje.html
É #FAKE imagem que mostra Doria usando máscara com bandeira da China,"Circula nas redes sociais uma montagem que mostra o governador de São Paulo, João Doria, usando uma máscara estampada com a bandeira chinesa. Na verdade, a máscara que ele usava era preta.",circular rede social foto governador paulo joão doria psdb votar eleição municipal d domingo máscara estampar o bandeiro chino o imagem fake rede social o governador publicar vídeo o foto tirar durante caminhar o prefeito e candidatar o reeleição paulo brunir cova psdb e o mulher bia doria publicação o máscara político tucano preto bia doria postar rede social foto o o colégio eleitoral o maridar e o máscara doria preto,mundo, 15/11/2020," Por Laís Modelli, G1 ",https://g1.globo.com/fato-ou-fake/noticia/2020/11/15/e-fake-imagem-que-mostra-doria-usando-mascara-com-bandeira-da-china.ghtml
"
  Não há relação comprovada entre casos de paralisia facial e vacina da Pfizer contra covid-19","Em transmissão ao vivo feita no último dia 12 de dezembro no Facebook, o enfermeiro Anthony Ferrari Penza alerta que a vacina da Pfizer contra a covid-19 causa paralisia facial e choque anafilático. O vídeo teve 47 mil compartilhamentos até o momento. No entanto, essa afirmação é enganosa porque os casos de paralisia e alergias graves são numericamente baixos ao se considerar o total de pessoas que já tomaram a vacina sem ter qualquer tipo de reação adversa. Dados do ensaio clínico do imunizante apontam que somente quatro pessoas entre um pouco mais de 18.000 (ou 0,022%) desenvolveram paralisia facial, sem que fosse possível atribuí-la com certeza às vacinas.Envie-nos por WhatsApp Email",“ perigar perigar perigar vacinar covid causar paralisia facial avisar ” alertar o texto acompanhar ovídeo “ vir outro alertar população brasil ... cidadão vacinar pfizer paralisia bell ... vacinar existir pessoa defender pessoa chocar anafilático profissional saudar quase morrer cidadão paralisia bell imaginar vacinar pfizer coronavac o chino utilizar chino ... imaginar milhão e milhão e milhão brasileiro ” afirmar o enfermeiro vídeo o vídeo circular o brasil debater o vacinação o covid-19 deixar morto país e milhão infectar,brasil,22/12/2020 às 19:42,"AFP Brasil, AFP França",https://checamos.afp.com//nao-ha-relacao-comprovada-entre-casos-de-paralisia-facial-e-vacina-da-pfizer-contra-covid-19
É #FAKE que Gleisi Hoffmann tuitou faixa com frase 'residência livre de armas',A imagem fake passou a circular após decreto de Bolsonaro que facilita a posse de armas.,circular rede social post atribuir presidente pt senador gleisi hoffmann recomendar colocar faixar externar casar o frase residência livrar armar o informação fake o print passar o circular dia o presidente jair bolsonaro assinar o decretar facilitar o posse armar o assessoria pt informar o foto publicar perfil presidente o tuíte atribuir o gleisi montagem e corresponder contar oficial senador twitter verificar o pesquisar imagem publicar tuíte falsar levar o foto casar vítima homicídio e publicar jornal alagoa,política, 16/01/2019," Por Roney Domingos, G1 ",https://g1.globo.com/fato-ou-fake/noticia/2019/01/16/e-fake-que-gleisi-hoffmann-tuitou-faixa-com-frase-residencia-livre-de-armas.ghtml
"Em live, Bolsonaro mente sobre CoronaVac e apuração de votos  ",,defeso votar impresso o presidente jair bolsonaro apresentar suar live hoje informação falso sobrar o processar apuração resultar eleição pelar urna eletrônica bolsonaro o apuração feito dúzia pessoa o verdade o contagem feito máquina — o urna eletrônicas o presidente voltar o alegar falsamente o coronavac comprovação científico e fase experimental o falir presidente ignorar resultar pesquisar sobrar o eficácia e o efetividade vacinar aprovação parir emergencial anvisa agência nacional vigilância sanitário abaixar o o uol conferir checar,política,22/07/2021 21h16Atualizada em 22/07/2021 21h55 ,Juliana Arreguy e Beatriz Montesanti,https://noticias.uol.com.br/confere/ultimas-noticias/2021/07/22/em-live-bolsonaro-mente-sobre-contagem-de-votos-e-resultados-da-coronavac.htm
"

Kamala Harris usou seringa falsa para tomar vacina contra Covid-19 #boato 
","Boato – A vice-presidente eleita dos Estados Unidos, Kamala Harris, fingiu que tomou a vacina contra Covid-19. Ela tomou a injeção com uma seringa falsa.",kamala harris fingir tomar vacinar e tomar fingimento puro querer tomar farsa kamala harris vice-presidente eleito unir fingir tomar o vacinar o agulhar dobrar o tomar o vacinar tomar o trás d vídeo o viçar presidente fraudar eua kamala harris “ vacinar o kamala harris tomar tomar ” agulhar dobrável,mundo,03/01/2021,"
Edgard Matsuki ",https://www.boatos.org/mundo/kamala-harris-seringa-falsa-tomar-vacina-contra-covid-19.html
"

Jovem leva choque em celular carregando e morre eletrocutada, mostra vídeo #boato 
",Boato – Vídeo mostra o perigo de se usar o telefone celular com fone de ouvido enquanto ele está carregando. Menina levou choque com celular e morreu eletrocutada.,jovem morrer eletrocutada o o utilizar telefonar celular conectar tomar “ pai deixar filho utilizar o celular conectar tomar fatal”antes morrer o jovem divertir ouvir músico e brincar o aparelhar telefonar celular .ainda apurar ocorrer o fato e informações.adolescente morrer eletrocutada durante celular carregar tomar garoto morrer eletrocutado causar celular carregador tomar urgente mulher morrer eletrocutada o o utizar o celular conectar tomar,brasil,16/05/2019,"
Edgard Matsuki ",https://www.boatos.org/brasil/jovem-choque-celular-carregando-video.html
estranhar “ reptilíneo ” filmar atravessar umar estrar,,o dia março programar chamar “ tricotar ” redar tv exibir quadrar chamar “ márcio sensitivo ” n quadrar o autodenominado sensitivo márcio fernandes “ analisar ” vídeo taxar comer “ paranormal ” apresentador programar o vídeo umar mau resolução nitidamente ampliar e mencionar nenhum gravar conferir o abaixar o 40:25,entretenimento,11/04/2019,marco faustino,https://www.e-farsas.com/um-estranho-ser-reptilineo-foi-filmado-atravessando-uma-estrada-2.html
É #FAKE que diretor da OMS fez alerta em coletiva sobre máscaras importadas da China e da Índia infectadas pelo novo coronavírus,Vídeo de uma entrevista de Tedros Ghebreyesus tem circulado com legendas falsas.,circular rede social vídeo trecho entrevisto diretor-geral organização mundial saudar oms tedros ghebreyesus o legendar falir máscara fabricar índio e chino contaminar o coronavírus o vídeo original quase horar e duração coletiva imprensar diretor oms datar dia abril ocasião tedros ghebreyesus tratar diverso assunto relativo o o coronavírus o panorama atual pandemia mundo o esforçar oms distribuir máscara cirúrgico e equipamento proteção profissional país dificuldade adquiri-los o flexilibização isolamento país e o realização teste paciente internar hospital espalhar mundo trecho destacar mensagem falso conferir intervalar 54’51 ” e 55’53 ” vídeo original o diretor o o falar importância olhar vítima covid-19 pensar vidar perdido individualmente afirmar “ evitar tragédia vírus gente entender país desenvolvido chegar o conclusão errar conhecê-lo e problema e o gente alertar surpreender país rico o gente e acontecer ” frente lamentar “ centena milhar morte ” e concluir “ vidar precioso ”,saúde, 27/04/2020," Por Roberta Pennafort, CBN ",https://g1.globo.com/fato-ou-fake/coronavirus/noticia/2020/04/27/e-fake-que-diretor-da-oms-fez-alerta-em-coletiva-sobre-mascaras-importadas-da-china-e-da-india-infectadas-pelo-novo-coronavirus.ghtml
"
  No início do carnaval de 2020 ainda não havia casos registrados de covid-19 no Brasil ","Voltaram a circular nas redes sociais em 2021 publicações alegando que os governadores não cancelaram o carnaval de 2020, mesmo após o presidente Jair Bolsonaro ter decretado o estado de emergência no país devido ao novo coronavírus. As postagens, compartilhadas mais de 10 mil vezes desde abril do ano passado, também sugerem que, ao contrário de Bolsonaro, os governadores teriam “assumido o risco” da propagação da covid-19. Elas omitem, entretanto, que o decreto não determinava a suspensão de eventos e que, quando o carnaval começou, ainda não havia sido registrado nenhum caso da doença no Brasil. Envie-nos por WhatsApp Email",“ irresponsável bolsonaro decretar emergência dia fev/2020 dia carnaval governador assumir o riscar e cancelar o carnaval ” o texto publicação compartilhar facebook instagram e twitter o emergência citar publicação declarar portar n ° fevereiro ministrar saudar luiz henrique mandetta “ decorrência infecção humano coronavírus ” declaração emergência saudar público o texto portar estabelecer o centrar operação emergência saudar público coe-ncov mecanismo nacional gestão coordenar respostar emergência nacional e indicar competência haver nenhum trecho d portar referência o o cancelamento evento público privar território nacional,brasil,22/04/2021 às 22:59,AFP Brasil,https://checamos.afp.com//no-inicio-do-carnaval-de-2020-ainda-nao-havia-casos-registrados-de-covid-19-no-brasil
"

John Piper, pastor norte-americano, elogia Bolsonaro e o compara a Trump #boato 
","Boato – Em vídeo, pastor John Piper elogia Bolsonaro, o compara a Donald Trump e afirma que o diabo e a Globo querem impedir a mudança do Brasil. ",“ o sociedade acima elitista tomar contar sociedade e donald trump ninguém político o homem o respeitar negócio agressivo e o esquerdo perder o eleição claramente unir querer mudança e donald trump trazer mudança e crer unir e o brasil caminhar junto pra naturalmente e espiritualmente falar e lula e dilma bill e hillary clinton e o obama o brasil clamar mudança e deus mandar alguém frágil fraco deus mandar homem durão mensagem duro e falir o o coração pessoa o voz brasil deus abençoar ungir bolsonaro e o diabo o diabo tomar voz o voz mudança ah cristão ah donald trump cristão deus alguém cristão claro o bíblia falir o coração rei mão deus deus assírio bíblia mudar nação e deus bolsonaro mudar ideia geração brasil o funcionar horar mudança e bolsonaro apoiar trump vir mudança pastorar falir o brasil início falar bolsonaro e falar novamente e hum achar e matar bolsonaro o cristianismo – o galera cristão – vir juntar tonar pessoa idear pensar ah o corrupção matar o voz opinião escutar bolsonaro falar ler o falir traduzir o falir e donald trump e mim empolgar o mídia globo cnn mudança o corrupção permanecer e mudar algum s o martelar e bater destruir e deixar deus recriar brasileiro inteligente brasileiro inteligente e juntar tornar forte e crer o tá acontecer o bolsonaro unificar o nação e o diabo medo o esquerdo medo eclesiastes capítulo versículo o coração justar inclinar o deus conservador deus agressivo clamar mudança mandar joão batista enviar jesus enviar isaías enviar ezequiel e deus enviar trump e crer enviar bolsonaro amém ”,entretenimento,26/02/2020,"
Kyene Becker ",https://www.boatos.org/religiao/john-piper-pastor-elogia-bolsonaro-trump.html
"

Padre Marcelo Rossi grava áudio sobre situação do Brasil, Bolsonaro e comunismo #boato 
","Boato – Em áudio divulgado no WhatsApp, o padre Marcelo Rossi falou sobre a situação do Brasil e disse que só Bolsonaro pode salvar o país do comunismo. ",ouvir o padrar marcelo rossi falar o atual situação país e bolsonaro deixar repassar contatos falir compartilhar compartilhar o país mão …,entretenimento,28/07/2020,"
Edgard Matsuki ",https://www.boatos.org/religiao/padre-marcelo-rossi-grava-audio-brasil-bolsonaro-comunismo.html
Covid: Estudo belga não prova eficácia da cloroquina no tratamento precoce  ,,verdade estudar belga comprovar o eficácia hidroxicloroquina tratamento precoce covid-19 o afirmação feito deputar marcar feliciano republicanos-sp página facebook.o deputar compartilhar o link texto site conexão político estudar realizar bélgica 8.075 participante o pesquisar realmente existir apesar redução mortalidade covid-19 paciente medicar dose hidroxicloroquina insuficiente levar o mudança o recomendação drogar combater o o coronavírus o medicamentar continuar eficácia comprovar d o estudar analisar paciente diferente fase doença e receber o drogar início manifestação sintoma,mundo,02/09/2020 18h35 ,"Ao contrário do que disse, Bolsonaro assinou lei que prevê vacina 'à força'  ",https://noticias.uol.com.br/comprova/ultimas-noticias/2020/09/02/covid-estudo-belga-nao-prova-eficacia-da-cloroquina-no-tratamento-precoce.htm
"

Marcelo Freixo lamenta a morte de Elias Maluco em publicação no Twitter #boato 
","Boato – Após o anúncio da morte do traficante Elias Maluco, o deputado federal Marcelo Freixo lamentou a morte dele em publicação no Twitter. Ele disse que cobrará investigação, que o PSOL fará um funeral digno e tentou levantar a hashtag #SomosTodosEliasMaluco.",marcelo freixo receber tristeza o notícia morder amigar ídolo o traficante elias malucar irar cobrar rigoroso investigação o fato lavar morte cela presídio federal chão o psol providenciar funeral dignar familiar e amigo prestar e merecido homenagem o líder tráfico e comunidade complexo alemão somostodoseliasmaluco,política,23/09/2020,"
Edgard Matsuki ",https://www.boatos.org/politica/marcelo-freixo-lamenta-morte-elias-maluco-twitter.html
"

TSE vendeu a eleição em São Paulo para Boulos e a esquerda #boato 
",Boato – O TSE vendeu a eleição municipal em São Paulo para o candidato Guilherme Boulos e a esquerda. Foi por isso que houve atraso nas urnas.,"apostar achar normal o atrasar resultar urna divulgar o escândalo mundo suspeitar explicar o razão candidatar russomano declarar o seguinte frase “ pessoa o acontecer eleição ficar enojadas”.todos brasileiro ficar chocar e triste eleito guilherme boulos sp eleição municipal dever o expor abaixar o notícia mão investigar rádio e jornal o brasil e estrangeiro especificamente wall street journal of americas e o gazzeta delo sport e sair mídia provar colhido e confirmar fatos.fato comprovar otsevendeu o eleição o esquerdo candidato paulistano avisar s 13:00 dia novembro dia 1º turno reunião envolver o sr luísrobertobarroso único o presidente tse comparecer o preleção candidato o governador joão dório o sr luís inácio lula silvar supervisor esquerdo e o sr ronald rhovald representante patrocinador diebold candidato reservar permanecer isolamento lobby hotel o princípio contrariar candidato recusar o trocar o prefeitura municipal governar estadual 2022.a aceitação vir pagamento total prêmios us$ 70.000,00 candidatar bônus us$ 400.000,00 candidato e integrante total us$ 23.000.000,00 e milhão dólar empresar diebold d candidato aceitar o contratar o empresar diebold ano base prêmios candidato elite esquerdo o lula pt ciro pdt marcelo freixo psol e haddad pt.mesmo russomano recusar o aceitar o obrigar o presidente tse barroso o escolher o candidatar brunir cova russomano cair pesquisar notícia divulgar s 13:30 centrar imprensar e s 14:15 alterar o prognóstico 2º turno o situação resolvido o representante diebold ameaçar retirar patrocínio vitalício o o candidatar avaliar us$ 90.000.000,00 noventa milhão dólar o o longo carreira.assim combinou-se o derrotar durante o ‘ 2º turno ’ prorrogação morte súbito o apatia abater candidato titular eleitor absolutamente participar d negociação marcar falho simples candidato paulista voto o sr barroso presidente tse aplaudir o colaboração candidato paulistano o eleição municipal trazer equilíbrio paulo alto taxar desempregar jamais registrar n cidade agravar recente introdução bolsonarismo.garantiu o o sr mamãe falar apoiador kim kataguiri o candidatar facilitar o prefeitura gentileza passar mensagem o pessoa conhecer o sujeira rondar o política!seria verdade duvidar esquerdo viva?stf o fechar mesa ladrão",política,17/11/2020,"
Edgard Matsuki ",https://www.boatos.org/politica/tse-vendeu-eleicao-sao-paulo-para-boulos-esquerda.html
"

Gargarejo com água quente, sal e vinagre cura o coronavírus #boato 
","Boato – Fazer gargarejo com água quente, sal e vinagre pode curar o coronavírus. Antes de chegar até o pulmão, o vírus fica na garganta por até quatro dias, quando começam a tosse e dor na garganta. Com essa receita, ele é eliminado ali mesmo.",“ o corona vírus alcançar o pulmão permanecer garganta dia o o pessoa comedir o tossir e dor garganta tomar água e gargarejar água morno sal vinagrar o vírus eliminar espalhar informação salvar alguém informação ”,saúde,17/03/2020,"
Raiane Gonoli ",https://www.boatos.org/saude/gargarejo-agua-sal-vinagre-cura-coronavirus.html
"
  Não foram identificadas ligações entre Manuela D’Ávila e Adélio no dia da facada contra Bolsonaro","Publicações que asseguram que a ex-candidata à Vice-Presidência Manuela D’Ávila (PCdoB) ligou 18 vezes para Adélio Bispo no dia do atentado contra o então candidato à Presidência Jair Bolsonaro em Juiz de Fora (MG) foram compartilhadas mais de 20 mil vezes em redes sociais desde setembro de 2018. Mas a alegação, que voltou a circular em 2021, é falsa. À AFP, a Polícia Federal de Minas Gerais informou que as ligações “não foram comprovadas”.Envie-nos por WhatsApp Email",“ mulher ligar adélio dia esfaqueamento bolsonaro ” o texto sobrepor o imagem d’ávila publicação começar o circular adélio bispar esfaquear bolsonaro evento campanha juiz minar gerar setembro época d’ávila viçar chapar fernando haddad pt disputar palácio planalto o conteúdo voltar o compartilhar manuela d’ávila candidato o prefeito portar alegrar e novamente maio adélio bispar deter dia atentar setembro e submeter o inquérito policiar o o contrário alegar rede consulto o documento público relacionar o investigação localizar menção o o nome d’ávila,brasil,26/05/2021 às 22:05,AFP Brasil,https://checamos.afp.com//nao-foram-identificadas-ligacoes-entre-manuela-davila-e-adelio-no-dia-da-facada-contra-bolsonaro
Médico distorce informações sobre a covid-19 em vídeo,,haver evidência o máscara tornar o sangue ácido e consequentemente debilitar o imunológico e haver comprovação eficácia o coronavírus medicamento citar médico vídeo viralizou,saúde,2020/07/02,Comprova,https://projetocomprova.com.br/publicações/medico-distorce-informacoes-sobre-a-covid-19-em-video/
"

STF atende pedido de PT, PSOL, PCdoB, DEM e PSDB e proíbe hospitais militares de atenderem pacientes com Covid-19 #boato 
","Boato – PT, PSOL, PCdoB, DEM e PSDB pedem e STF acata pedido para proibir que hospitais militares atendam pacientes com Covid-19.",“ hospital militar começar o atender paciente covid o pandemia acabar o stf barrar pedir barrar pt psol pc b dem psdb acordar brasil ” “ o brasil enlouquecer tirar pé metralhar pé lacraia esbórnia ”,política,,"
Kyene Becker ",https://www.boatos.org/politica/stf-pedido-pt-psol-pcdob-dem-psdb-proibe-hospitais-militares-pacientes-covid-19.html
"

Luc Montagnier diz que todas as pessoas vacinadas morrerão em dois anos #boato 
",Boato – O vencedor do Prêmio Nobel Luc Montagnier afirmou que não há chance de sobrevivência para pessoas que receberam vacinas e que todos os vacinados morrerão em dois anos.,pessoa vacinar morrer ano o prêmio nobel luc montagnier confirmar haver chance sobrevivência pessoa receber vacinar entrevisto chocante o virologista mundo afirmar rodeio “ haver esperançar e nenhum tratamento vacinar dever preparar cremar corpo ” o gênio científico apoiar afirmação virologistas eminente estudar ingrediente vacinar “ morrer dever o o aumentar dependente anticorpo o ” pessoa receber o picar vibora magnetizar … o significar picar existir magneto cérebro e corpo controlar activação pleno g o cumprimentar profecia profeta daniel daniel balançar vidar arrependa-se pecar e volte-se o criador e filhar jesus cristo yahushua hamaschiach o único tirar d matrix diabólico e,saúde,27/05/2021,"
Edgard Matsuki ",https://www.boatos.org/saude/luc-montagnier-diz-todas-pessoas-vacinadas-morrerao-dois-anos.html
o nestlé doar caixa leite condensar parir o forçar armar,,o texto surgir o redar social o janeiro e mostrar umar notar divulgar pelar empresar nestlé afirmar irar doar caixa leite condensar parir o forçar armar agradecimento campanha marketing o nome produto o leite moço gratuitamente o país,entretenimento,30/01/2021,gilmar lopes,https://www.e-farsas.com/a-nestle-doou-8-mil-caixas-de-leite-condensado-para-as-forcas-armadas.html
"

Rodrigo Pacheco, presidente do Senado, acatou projeto do voto impresso e colocou para votação #boato 
","Boato – O presidente do Senado, Rodrigo Pacheco, acatou o projeto de voto impresso e abriu votação pública no site do Senado. Divulgue porque está acabando! ",versão o pres senado rodrigar pacheco acatar o projeto do”voto auditável”e colocar o site senado p consulto público n tá divulgar e o esquerdo tá votar p parecer q o brasileiro n querer p continuar o manipulação resultar eleição seguir precisar urgentemente mostrar o vontade votar ” ” perder suspeito enquete versão urgente o presidente senado federal rodrigar pacheco acatar o projeto “ votar impresso ” e o colocar o site senado parir consulto público divulgar e o bolsonaristas votar “ ” massa parir parecer o brasileiro querer e haver manipulação resultar o eleição precisar urgentemente mostrar o vontade votar “ ” parir desmascarar farsa clicar o link abaixar e seguir o instrução casar necessário cadastre-se id=132598 obs o votar impresso ganhar virar o jogar pessoal divulgar o o querer permitir o manipulação votar o eleição,política,03/07/2021,"
Carol Lira ",https://www.boatos.org/politica/rodrigo-pacheco-senado-acatou-voto-impresso.html
"

Irmão Fabio Schuartz e 22 missionários vão ser mortos no Afeganistão amanhã #boato 
","Boato – 22 missionários, incluindo o irmão Fabio Schuartz, vão ser mortos amanhã por afegãos islâmicos. Vamos orar por eles.",orar missionário condenar o morte d irmão fabio schuartz missionário cidade niterói rj morto amanhã afegão islâmico demorar e passar mensagem rápido pessoa orar também.pastor márcio batista niteroi postar pedir oração e tb repassar pessoa orar importar o religião orar humanar campar levar o palavra senhor,entretenimento,05/05/2019,"
Edgard Matsuki ",https://www.boatos.org/religiao/fabio-schuartz-22-missionarios-afeganistao.html
É# FAKE que Caxias do Sul não determinou distanciamento social e não registrou óbitos pela Covid-19,"Prefeitura fechou todo o comércio já em março. São 4 mortes e 143 casos confirmados, segundo a prefeitura.",circular rede social o população cidade gaúcho caxias sul submetido o medir isolamento social e ocorrer morte decorrência covid-19 oficiar prefeitura o cidade serrar gaúcho registrar óbito doença haver caso confirmar o decretar situação emergência contar coronavírus entanto publicar dia março determinar o fechamento “ absolutamente ” esclarecer o município “ informação rede social caxias sul falso o cidade ficar totalmente parar o dia abril ” o comunicar enviar cbn o cidade seguir o planar distanciamento traçar governar passar o governador eduardo leite autorizar o retomar setores restrição,brasil, 27/05/2020," Por Roberta Pennafort, CBN ",https://g1.globo.com/fato-ou-fake/coronavirus/noticia/2020/05/27/e-fake-que-caxias-do-sul-nao-determinou-distanciamento-social-e-nao-registrou-obitos-pela-covid-19.ghtml
"
  Vídeo de presos comemorando é de 2016, sem relação com a anulação de condenações de Lula","Uma sequência que mostra detentos supostamente cantando um jingle do ex-presidente Lula foi visualizada mais de 152 mil vezes nas redes sociais em algumas horas. As publicações afirmam que se trata da comemoração de presos após o ministro do Supremo Tribunal Federal Edson Fachin decidir, no último dia 8 de março, anular as decisões da 13ª Vara Federal de Curitiba em ações contra o ex-governante. Mas este vídeo é de julho de 2016 e no áudio original não há qualquer menção a Lula.Envie-nos por WhatsApp Email",“ presidiário comemorar decisão ministrar edson fachin stf anular condenação ex presidiário lula ” e “ amigo luladrão ficar feliz o decisão ministrar fachin ” legendar contido postagens o gravação visualizar dezena milhar facebook instagram e twitter vídeo diverso preso pular parecer cantar “ olê olê olê olá lula lula ” jingle comumente ouvir manifestação o ex-presidente governar o brasil o o versão original sequência julho quase ano decisão tomar ministrar supremo tribunal federal stf edson fachin e conter o canção pró-lula,brasil,9/03/2021 às 19:59,AFP Brasil,https://checamos.afp.com//video-de-presos-comemorando-e-de-2016-sem-relacao-com-anulacao-de-condenacoes-de-lula
,,vídeo divulgar facebook expor manifestação o stf supremo tribunal federal brasília omitir imprensar o globo divulgar sair g1 dia folhar s.paulo impedir o divulgação hoje manhã stf o stf jogar o polícia o o começar o concentrar frente o o stf expulsar ministro marrar contar o texto acompanhar o vídeo minuto vídeo mulher gritar mostrar o polícia militar atirar bomba efeito moral manifestante vestir e amarelar frente stf brasília alô policiar tomate machucar ninguém manifestante o o microfone,entretenimento,06/11/2019 04h01 ,Lucas Borges Teixeira,https://noticias.uol.com.br/confere/ultimas-noticias/2019/11/06/corrente-usa-video-antigo-para-simular-censura-do-stf.htm
"

Cabrini descobre fraude na compra de kits de Covid-19 em Macapá e discute com prefeita #boato 
",Boato – O jornalista Roberto Cabrini discutiu com a prefeita de Macapá após denunciar fraude na  compra de kits e de vacina contra a Covid-19. ,roberto cabrini desembarcar macapá pra reportagem o superfaturamento kit covid-19 olhar o reação prefeito dem enfim descobrir o “ fraudemia ” virar o brasil cabeça … roberto cabrini desembarcar macapá pra reportagem o superfaturamento kit covid-19 olhar o reação prefeito dem importante o e vidar brasil mostrar o político prefeito o governador deus justiçar assassino roberto cabrini macapá o prefeito comprar vacinar super faturadas infelizmente acontecer varios municipio calar vereador e tras corona virus comprar medicamento preço exorbitante acredite!roberto cabrini desembarcar macapá pra reportagem o superfaturamento kit covid-19 olhar o reação prefeito,saúde,17/04/2021,"
Carol Lira ",https://www.boatos.org/saude/cabrini-fraude-compra-kits-covid-19-macapa.html
Tuíte engana ao afirmar que sol mata o coronavírus,,tuíte referência o estimativo estudar basear modelo antigo criar vírus especialista ouvir estudar conclusão,saúde,2020/09/10,Comprova,https://projetocomprova.com.br/publicações/tuite-engana-ao-afirmar-que-sol-mata-o-coronavirus/
É #FAKE que ministros do STF não podem mudar voto durante julgamento,"Segundo o Supremo Tribunal Federal, mudanças podem, sim, ocorrer 'dentro do mesmo julgamento'. Especialista refuta argumento usado em mensagem falsa. Caso citado em boato é o mesmo de 2018, mas estava suspenso desde então após pedido de vista feito pelo ministro Gilmar Mendes.",circular rede social mensagem o ministro cármen lúcia cometer crime responsabilidade o o mudar o votar durante julgamento ex-juiz federal sergio morar casar triplex guarujá sessão dia março o ministro cármen lúcia mudar o votar proferir voto o o 2ª turma stf declarar o ex-juiz sergio morar agir parcialidade o o condenar o ex-presidente luiz inácio lula silvar casar triplex guarujá cármen lúcia justificar elemento juntar o o processar permitir análise fato mensagem falso circular web citar o artigo lei nº 1.079 abril definir crime responsabilidade e regular o respectivo processar julgamento descumprir o lei o artigo enquadrar crime responsabilidade ministro supremo tribunal federal o alteração exceto recurso o decisão votar proferir sessão tribunal,política, 02/04/2021," Por Thaís Matos, G1 ",https://g1.globo.com/fato-ou-fake/noticia/2021/04/02/e-fake-que-ministros-do-stf-nao-podem-mudar-voto-durante-julgamento.ghtml
"
  A matéria sobre queda em atendimento é anterior a pedido de Bolsonaro para filmar hospitais","Publicações compartilhadas mais de 8 mil vezes em redes sociais desde meados de junho asseguram que emissoras de TV passaram a mostrar uma redução na procura por atendimento de pacientes de COVID-19 no Brasil após o presidente Jair Bolsonaro pedir que seus apoiadores filmem hospitais públicos “para mostrar se os leitos estão ocupados ou não”. A reportagem usada para embasar a alegação foi exibida, no entanto, horas antes do presidente fazer o polêmico pedido. Desde então, diversas outras matérias retrataram grande ocupação em hospitais.Envie-nos por WhatsApp Email",“ o presidente pedir o filmar hospital e eis o milagre acontecer comedir o esvaziar pronto atendimento hospital campanha e leito uti supostamente lotar brasil ” umtuíte acompanhar reportagem vídeo tv globo quedo procurar atendimento hospital localizar cidade rir janeiro mensagem semelhante replicar milhar publicação facebook twitter e instagram o dia junho “ bolsonaro razão o pandemia político ” comentar usuário postagens “ olhar o motivar esquerdo querer o filmace sic e ficar acusar o presidente esquerdista ” escrever outro,brasil,18/06/2020 às 21:15,AFP Brasil,https://checamos.afp.com//materia-sobre-queda-em-atendimento-e-anterior-pedido-de-bolsonaro-para-filmar-hospitais
o verdade sobrar o “ fábula ” formigo vermelho e preto viralizou o rede social,,inúmero usários copiar e colar história perfil e obter expressivo compartilhamentos,entretenimento,5/10/20205,marco faustino,https://www.e-farsas.com/a-verdade-sobre-a-fabula-das-formigas-vermelhas-e-pretas-que-viralizou-nas-redes-sociais.html
Publicação mistura informações verdadeiras com dados imprecisos sobre meio ambiente no Brasil,,sequência tuítes lista brasileiro dever querer lacrar o temer ambientar impreciso e s defender político ambientar,política,2020/10/13,Comprova,https://projetocomprova.com.br/publicações/publicacao-mistura-informacoes-verdadeiras-com-dados-imprecisos-sobre-meio-ambiente-no-brasil/
É #FAKE que em Gana casais têm de se vestir de noivos para se divorciar ,"Mensagem falsa mostra noivos vestidos como no dia de casamento e atrás a inscrição 'sala de divórcio'. Imagem, porém, foi manipulada. Foto original mostra casamento realizado em 2009 em outro país africano: Uganda.",circular rede social post imagem noivo sentar o parede o inscrição sala divórcio golpe permitir juntar o imagem aparecer o legendar ganir vestir dia casamentar divorciar o imagem manipular e o mensagem fake o foto original inscrição parede feito uganda fotógrafo becky matthews e disponível agência alamy o descrição imagem citar casamentar coletivo igreja acampamento refugiar imagem agência mostrar o ocorrer n dia casamentar e divórcio detalhar reforçar o falsidade imagem o inscrição francês e o língua oficial ganir o inglês,mundo, 08/08/2019, Por G1 ,https://g1.globo.com/fato-ou-fake/noticia/2019/08/08/e-fake-que-em-gana-casais-tem-de-se-vestir-de-noivos-para-se-divorciar.ghtml
"

Vacina sem agulha está sendo aplicada no mundo todo, mostra vídeo #boato 
",Boato – Vídeo mostra pessoas sendo vacinadas com uma vacina sem agulha e denuncia grande farsa da vacinação contra a Covid-19.,“ tá o vacinar pfizer feito chino pessoa vacinar mentir agulhar pra outro agulhar pra farsa negar mentir né colocar o agulhar o agulhar pra seringar olhar tá o agulhar pra seringar pra pelar outro pra apertar achar o agulhar pra seringar e colocar o dedo … tá o dedo apertar ah o kamala olhadinha … o agulhar virar tirar … mostrar né mostrar câmera lento olhar ó … cadeira olhar mão d tirar o seringar e colocar cadeira pra virar tá tomar mentir pessoal ó … virar pessoal o obama clinton pessoal receber o vacinar mentir mentir ah agulhar receber o vacinar dedo pessoal pensar o gente besta ó o dedo ó vacinar mundo aplaudir ó o dedo d ó pra tá colocar o dedo vacinar ruim … o fauci o mandetta brasil tomar o vacinar esquerdar imprensar ficar dor braço direito mentir perna curto e outro receber o vacinar camisa e né ninguém tá tomar médico d recusar o tomar o alemanha fechar quase receber vacinar ninguém aparecer ninguém bobo né ”,saúde,20/01/2021,"
Kyene Becker ",https://www.boatos.org/saude/vacina-sem-agulha-sendo-aplicada-mundo-todo.html
"

Marcela Rodriguez, estudante brasileira, ganha segundo lugar em concurso de física nuclear #boato 
",Boato – Imagem mostra a estudante brasileira Marcela Rodriguez. Ela ganhou o segundo lugar em um concurso de física nuclear na Rússia.,marcela rodriguez estudante colegio homero itaquaquecetuba acabar ganhar o concurso físico nuclear rússia futebolista agir movimento feminista o ninguém importar … viral d itaqua parabém o,ciência,13/12/2019,"
Edgard Matsuki ",https://www.boatos.org/ciencia/marcela-rodriguez-estudante-brasileira-segundo-lugar-concurso-fisica-nuclear.html
incrível história medicinar realmente acontecer,há muito tempo circula na internet uma história sobre “um dos momentos mais incríveis da medicina” envolvendo a descoberta da insulina.,lembrar o o insulina basicamente hormônio produzir pâncreas e função metabolizar o glicose açúcar sangue produção energia atua “ chave ” abrir “ fechadura ” célula corpo o glicose e n geração energético haver algum disfunção produção insulina — produção insulina — o pessoa diagnosticar o famoso diabete mellitus o controlo glicose sanguíneo necessário realizar o reposição exógeno insulina aplicação diário hormônio,saúde,13/01/2020,marco faustino,https://www.e-farsas.com/um-dos-momentos-mais-incriveis-da-historia-da-medicina-realmente-aconteceu.html
É #FAKE que vídeo mostre primeira-ministra da Austrália fingindo tomar vacina contra Covid-19,"Quem aparece nas imagens, na verdade, é a premier de Queensland. E ela não finge tomar vacina contra coronavírus; até porque não há nenhuma aprovada ainda. Na verdade, vídeo editado mostra ela apenas repetindo a cena de tomar a dose contra gripe a pedido de fotógrafos e cinegrafistas.",circular rede social imagem mostrar o político receber vacinar legendar ministro austrália propaganda tomar o vacinar o covid distribuir chino tomar observar o capa protetora seringar retirar o mensagem totalmente fake o mulher aparecer vídeo o primeira-ministra austrália o premier queensland país o nome d annastacia palaszczuk d imagem tomar vacinar o coronavírus haver aprovar tomar verdade vacinar o gripar o vídeo circular editar receber o dosar rápido cinegrafistas e fotógrafo pedir encenar novamente o aplicação o fato registrar o trecho viralizado,mundo, 03/07/2020," Por Roney Domingos, G1 ",https://g1.globo.com/fato-ou-fake/coronavirus/noticia/2020/07/03/e-fake-que-video-mostre-primeira-ministra-da-australia-fingindo-tomar-vacina-contra-covid-19.ghtml
"

Papa Francisco pede que você amarre um pano branco na maçaneta da porta esta noite #boato 
","Boato – Para orar e se proteger do coronavírus, o papa Francisco pediu para que você amarre um pano branco na maçaneta da sua porta esta noite. Ele disse que pediu para Jesus para que a “praga vá embora”.",noite amarrar panar branco maçaneta portar o praga desaparecer o papar pedir passar o mensagem o fé hoje o praga pedir o o jesus oração senhor jesus unir irmão orar misericórdia permitir vírus lar colocar murar anjo tornar família e deixar palavra vivo salmo 91.10 o o praga vir o morar enviar anjo guardá-lo compartilhar ficar,entretenimento,03/04/2020,"
Edgard Matsuki ",https://www.boatos.org/religiao/papa-francisco-amarre-pano-branco-macaneta-porta-esta-noite.html
"

Bula da Pfizer proíbe sexo após vacina por causa de alterações no DNA #boato 
","Boato – Pfizer recomenda que pessoas não façam sexo após tomarem a vacina, pois ela altera o DNA e causa más-formações no feto.",“ documentar oficial estudo clínico pfizer mostrar o vacinar o covid-19 alterar o dna causar mrna injetado pessoa sexo e engravidar o criança nascer mau formação e dna corromper documentar pfizer ” “ ” assustador ” o pfizer informar tomar o vacinar ficar dia sexo pq casar engravidar o criança tera problema teratogênicos o q filhar nascer mostrar deformar mau formação ” “ ler o bulir pfizer sexo acabar féria d notícia ”,saúde,07/01/2021,"
Kyene Becker ",https://www.boatos.org/saude/pfizer-proibe-sexo-apos-vacina-por-causa-alteracoes-dna.html
"

Muçulmanos protestam sem máscaras contra Macron na França #boato 
","Boato – Na França, Macron não consegue controlar muçulmanos e eles organizam uma manifestação contra o presidente. ",“ protestar islâmico macron o propósito haver lockdown e obrigatório máscara n país vírus contaminar muçulmano ” “ vc pensar frança muçulmano ruir protestar o o membro hahahahaha vc fato ingênuo naooo tá mundo “ fechar ” terrorismo o passeata pra o macron aliás ínfieis caro o vc incluir infiel ”,mundo,04/11/2020,"
Kyene Becker ",https://www.boatos.org/mundo/muculmanos-protestam-sem-mascaras-contra-macron-franca.html
"

Maju Coutinho é afastada da Globo por causa de briga com Bolsonaro #boato 
",Boato – A apresentadora Maju Coutinho foi afastada do Jornal Hoje e da Globo por causa de brigas com o presidente Jair Bolsonaro.,maju coutinho afastar globo mexer o presidente bolsonaro o imperio – maju coutinho e afastar globoapós brigar bolsonaro maju coutinho afastar globo e equipar reagir maju coutinho criticar bolsonaro receber onda ataque redar e afastar globo,entretenimento,13/09/2020,"
Edgard Matsuki ",https://www.boatos.org/entretenimento/maju-coutinho-afastada-globo-causa-briga-bolsonaro.html
"

Lula Fylho, investigado em esquema de fraude na compra de máscaras, é filho do ex-presidente Lula #boato 
","Boato – O filho do ex-presidente Lula está envolvido em um esquema de desvio de dinheiro na compra de máscaras em São Luís (Maranhão). É Lula Fylho (Lulinha), secretário de saúde da cidade.",o orgulhar papar o lula lula fylho y biólogo empresário juntar m … elefante chegar o ficar emocionar seguir passo papar e o malandrar morar nobre cidade condomínio luxar o mansão d bonner botar pautar g1 matéria g1 bora bonner agilizar e olhar o figurar secretário saudar luís maranhão e comandar esquema desviar dinheiro comprar máscara proteção o covid hein o filhar lula,política,14/04/2021,"
Edgard Matsuki ",https://www.boatos.org/politica/lula-fylho-filho-ex-presidente-lula-esta-envolvido-esquema-fraude-compra-mascaras.html
"
  É falsa a mensagem sobre uma suposta produção de vacina pela Fiocruz com Israel","Uma mensagem que afirma que a Fiocruz estaria produzindo, em sigilo, o ingrediente farmacêutico ativo (IFA) e uma vacina, que já seria 100% nacional, e contaria com a supervisão de cientistas de Israel, foi compartilhada mais de 4,5 mil vezes nas redes sociais desde o último dia 19 de março. Além disso, o texto indica que só poderiam entrar na fábrica pessoas autorizadas pelo vice-presidente, o general Hamilton Mourão. À AFP, a Fiocruz e a assessoria do vice-presidente desmentiram essas alegações.Envie-nos por WhatsApp Email",postagens comedir indicar pronunciamento ministrar saudar eduardo pazuello “ revelar ” “ assinar e injetado bilião fundação fiocruz o produção vacinar brasileiro ” o texto circular facebook instagram e twitter seguir o “ brasil vacinar revelar fiocruz ... milhão semana maquinario e cientista vir israel estagiário ficar dia israel e funcionário recrutar universidade ” o mensagem “ manter sigilar o fiocruz produzir o ifa e o vacinar ” o “ golpe mestre ” e finalizar assinalar “ parque industrial américa latino fábrica vacinar diferente entrar autorizar general hamilton mourão ... pivfi-parque industrial vacinar supervisão cientista israel ”,brasil,1/04/2021 às 19:46,AFP Brasil,https://checamos.afp.com//e-falsa-mensagem-sobre-uma-suposta-producao-de-vacina-pela-fiocruz-com-israel
Fala de médicos sobre coronavírus perder força não tem apoio de órgãos de saúde,,falir médico italiano d o silvio berlusconi real respaldar científico e desautorizar autoridade sanitário itália,saúde,2020/06/04,Comprova,https://projetocomprova.com.br/publicações/fala-de-medicos-sobre-coronavirus-perder-forca-nao-tem-apoio-de-orgaos-de-saude/
"

Segunda Ponte, em Vitória (ES), está com rachadura enorme e prestes a cair #boato 
","Boato – Foto mostra que a Segunda Ponte, que fica entre as cidades de Vitória (ES) e Vila Velha (ES), está com uma rachadura gigante e pode cair a qualquer momento.",o rachadura aumentar pedir o amigo e familiar utilizar o pontar vila velha-es x vitória es prestar o cair e causar acidentar dimensão espírito santo notícia,brasil,16/05/2019,"
Edgard Matsuki ",https://www.boatos.org/brasil/segunda-ponte-vitoria-es-rachadura-cair.html
Jornal dos EUA não acusou Doria de receber propina da chinesa Sinovac  ,,reportagem jornal norte-americano the washington post afirmar o governador paulo joão doria psdb receber propinar laboratório chinês sinovac vídeo publicar youtube.o autor gravação citar o publicação fonte o matéria jornalístico abordar pagamento ilegal admitir dirigente farmacêutico o ex-oficial agência regulatória medicamento chino e haver menção o valorar indevido pago país tampouco o o governador doria,mundo,18/12/2020 11h59 ,"Do UOL, em São Paulo*",https://noticias.uol.com.br/comprova/ultimas-noticias/2020/12/18/jornal-dos-eua-nao-acusou-doria-de-receber-propina-da-chinesa-sinovac.htm
"Outdoor contra ""privilégios"" de pessoas com deficiência é ação de marketing  ",,notícia portal g1 outdoor curitiba o frase privilégio deficiente viralizou rede social n quinta-feira compartilhamentos recente notícia facebook explicar apesar gerar polêmica época dia seguinte revelar o pedir publicitário provocação campanha municipal direito pessoa deficiência prefeitura capital paraná.depois o notícia voltar o compartilhar o g1 atualizou o matéria original mostrar dia 1º dezembro o outdoor ganhar mensagem revoltar desrespeitar página facebook o entidade responsável campanha explicar esperar revoltar internet voz real lutar direito calar o o pessoa deficiência desrespeitar discriminar,entretenimento,05/12/2019 21h00 ,"Do UOL, em São Paulo",https://noticias.uol.com.br/comprova/ultimas-noticias/2019/12/05/outdoor-contra-privilegios-de-pessoas-com-deficiencia-e-acao-de-marketing.htm
hackers invadir o site xvideos e filmar usuário suar webcams,,e o hacker instalar script malicioso o gravar o ação usuário durante visitar o o site script coletado outro informação comer lista contatos messenger facebook contar email e umar senha acesso utilizar pelar vítima,entretenimento,18/06/2019,marco faustino,https://www.e-farsas.com/hackers-invadiram-o-site-xvideos-e-filmaram-usuarios-atraves-de-suas-webcams.html
verdade o “ homem-pateta ” vir incentivar criança o cometer suicídio,,identificar comer “ jonathan galindo ” suspeitar d personagem infantil disney parir atrair atenção e enviar vídeo técnico suicídio o “ portal r7 ” arquivar quantum o site “ revistar crescer“(arquivo atribuir história o alertar emitir o semana passar pelar polícia civil santo catarino parceria o tribunal justiçar,entretenimento,25/06/2020,marco faustino,https://www.e-farsas.com/sera-verdade-que-o-homem-pateta-vem-incentivando-criancas-a-cometer-suicidio.html
"

Fábio Júnior assume que é gay e choca fãs aos 65 anos #boato 
","Boato – O cantor Fábio Júnior resolveu assumir a sua homossexualidade. Aos 65 anos, ele publicou em sua rede social que é gay e disse estar feliz. Fãs ficaram chocados.",o ano fábio júnior assumir homossexualidade e choco fã “ feliz ” o cantor ano e pai filho fábio jr assumir n segunda-feira desejar e atração homem casar o cantor redar social o declaração “ hoje dia sair armário e assumir gay e feliz ” o cantor twitter esposo fernanda pascucci pronunciar o fechamento matéria,entretenimento,30/12/2018,"
Edgard Matsuki ",https://www.boatos.org/entretenimento/fabio-junior-assume-gay.html
Brasil não terá uma nova moeda lastreada em nióbio chamada 'DIM'  ,,produzir base postagem feito facebook vídeo publicar julho canal cristina daflon chicletinho youtube afirmar o brasil substituir o real dim o moeda lastreada nióbio entrar vigor novembro atar interventorial constituinte assinar chefe celio evangelista ferreiro nascimento o conteúdo falso.constitucionalmente o banco central bc o responsável exclusivo emissão moeda brasileiro o órgão negar taxativo o possibilidade mudança financeiro nacional,entretenimento,24/07/2020 17h11 ,"Do UOL, em São Paulo*",https://noticias.uol.com.br/comprova/ultimas-noticias/2020/07/24/brasil-nao-tera-uma-nova-moeda-lastreada-em-niobio-chamada-dim.htm
Post tira fala de Cármen Lúcia de contexto para dizer que Lula é inelegível  ,,montagem enganir o o descontextualizar frase pelar ministro supremo tribunal federal stf cármen lúcia referir lei complementar 135/2010 comer lei fichar limpo o época o ex-presidente lula pt presar condenar instância o operação lavar jato o entanto atualmente lula considerar elegível parir o condenação ex-presidente o âmbito lavar jato anular pelar ministrar edson fachin março d ano o decisão monocrática o ministrar entender o 13ª varar federal curitiba competência parir julgar o ex-presidente,política,30/07/2021 16h05 ,30/07/2021 16h05 ,https://noticias.uol.com.br/comprova/ultimas-noticias/2021/07/30/post-tira-fala-de-carmen-lucia-de-contexto-para-dizer-que-lula-e-inelegivel.htm
É #FAKE que governo federal decidiu demitir 396 mil servidores por fraude no auxílio emergencial,Há 7.236 servidores federais alvo de apuração da CGU. Nenhum deles foi demitido ainda. Punição só ocorre após investigação provar que servidor teve má-fé. ,circular rede social mensagem o governar federal decidir demitir 396.316 servidor público fraudar auxílio emergencial o controladoria-geral união – órgão controlo internar governar federal – afirmar sofrer punição suspensão advertência e o demissão o conduta irregular servidor público ficar comprovar condução processar administrativo disciplinar pad conformar determinar o lei nº 8.112/1990 o garantir o o servidor o direito amplo defeso e o o contraditório haver demissão d o mencionar mensagem 396.316 o total agente público civil militar e esfera estadual distrital e municipal receber pagamento relacionar o o maio incluir beneficiário auxílio emergencial e alvo cruzamento efetuados controladoria-geral união cgu,entretenimento, 27/07/2020," Por Roney Domingos, G1 ",https://g1.globo.com/fato-ou-fake/noticia/2020/07/27/e-fake-que-governo-federal-decidiu-demitir-396-mil-servidores-por-fraude-no-auxilio-emergencial.ghtml
chef francês processar sêmen humanar o sobremesa,,eis o o blog jornalista anna ramalhar arquivar,mundo,16/09/2020,marco faustino,https://www.e-farsas.com/chef-frances-foi-processado-por-usar-semen-humano-nas-sobremesas.html
"

Funcionário da Budweiser admite ter feito xixi na cerveja durante 12 anos #boato 
","Boato – Walter Powell, funcionário da cervejaria Budweiser, admitiu que, por 12 anos, fez xixi nos tanques de cerveja da fábrica.",o funcionário budweiser walter powell afirmar mijar tanque cervejar budweiser ano o ano walter querer esclarecer dúvida o sabor budweiser e afirmar haver década engarrafamento.walter explicar trabalhar budweiser brewery experience fort collins co o restante budweiser fabricar cidade livrar irritação “ roleta russo s amigo e pedir o budweiser e mim coitar ” entanto cervejar budweiser feito budweiser brewery experience modo beber o mijar walter …,mundo,07/07/2020,"
Edgard Matsuki ",https://www.boatos.org/mundo/funcionario-budweiser-admite-feito-xixi-cerveja-12-anos.html
"

Laila Ahmadi e Chen Horin recomendam limão e vitamina C contra o coronavírus #boato 
",Boato – A estudante Laila Ahmadi da Faculdade de Ciências Médicas de Zanjan (China) e o professor Chen Horin recomendam vitamina C e limão com água morna contra o coronavírus.,olá laila ahmadi chino estudante faculdade ciência médico universidade zanjan o vírus corona covd-19 chegar o país e haver dúvida país possuir nenhum kit equipamento diagnóstico sofisticado.por o vitaminar c natural fortalecer imunológico.atualmente o vírus conter vacinar tratamento específico infelizmente dever mutação genético o tornar perigoso doença causar fusão gene cobrar e morcegar e adquirir o capacidade infectar mamífero incluir humano importante conhecimento doença o professor chen horin ceo hospital militar pequim “ fatiar limão copar água morno salvar vida”.portanto indecentemente olhar n mensagem e passar pessoa limão quentar matar célula cancerígeno cortar o limão e colocar copar despejar água quentar e transforme-a água alcalino beber dia definitivamente beneficiar o o tratamento extrato destruir célula maligno e afeta célula saudáveis.segundo o ácido carboxílico suco limão regular o pressão alto proteger artéria estreito regular o circulação sanguíneo e reduzir o coagulação sangue ler o mensagem transfira-a o pessoa amo e cuidar saudar pessoal o professor chen horin observar receber mensagem o garantir salvar o vidar alguém … o trabalhar e esperar ajudar o desenvolvê-lo deus abençoe-nos,saúde,01/03/2020,"
Edgard Matsuki ",https://www.boatos.org/saude/laila-ahmadi-vitamina-c-chen-horin-limao-coronavirus.html
"

Padre Cléber (Kléber Oliveira) da TV Aparecida faz vídeo de apoio às manifestações de 15 de março #boato 
","Boato – O Padre Cléber (Kléber Oliveira), da TV Aparecida, fez um vídeo de apoio às manifestações de 15 de março. Em vídeo, o apresentador criticou a postura “mandatária” do Congresso Nacional e do STF sobre o país e questionou: “Como pode achar que o povo está errado em ir para as ruas protestar?”.",padrar representar palavra d ouvir o narrativo apresentador padrar cléber programar tv aparecido e tirar o conclusão achar valer o peno divulgar gente ouvir,entretenimento,,"
Raiane Gonoli ",https://www.boatos.org/religiao/padre-cleber-kleber-oliveira-video-manifestacoes-15-de-marco.html
É #FAKE que cientista foi assassinado nos EUA após descobrir vacina contra o novo coronavírus,Polícia diz que pesquisador foi morto por motivo passional; ele não fazia parte de grupos que trabalham na busca por uma vacina para a Covid-19.,circular semana rede mensagem o pesquisador chinês residente unir bing liu assassinar descobrir o vacinar o coronavírus formar ciência computação cingapura o cientista ano professor assistente faculdade medicinar universidade pittsburgh fato pesquisar importante o respeitar coronavírus e morto o tiro o motivar crime passional acordar o polícia e o focar trabalhar liu o desenvolvimento vacinar o estudar processo biológico vírus analisar modelo computacional o crime ocorrer residência pesquisador subúrbio pittsburgh dia o autor identificar o engenheiro software hao gu ano disparo gu carro e suicidar,ciência, 21/05/2020," Por Roberta Pennafort, CBN ",https://g1.globo.com/fato-ou-fake/coronavirus/noticia/2020/05/21/e-fake-que-cientista-foi-assassinado-nos-eua-apos-descobrir-vacina-contra-o-novo-coronavirus.ghtml
"

OMS reclassifica conceito de jovem, meia-idade e idoso #boato 
","OMS reclassifica conceito de jovem, meia-idade e idoso #boato",gente reclassificar olhar legal idade idoso oms reclassificar conceito jovem idoso anteriormente umar instituição inglesar friendly society act definir “ idoso ” indivíduo o ano .. evolução qualidade alimento atividades físico hoje praticar pelar pessoa e avançar pessoa escolher melhorar o alimentação o qualidade e aumentar o expectativa vidar pessoa o organização mundial saudar oms umar avaliação conceito jovem idade e velho .. idade o ano jovem o ano idade o ano idoso o ano idoso longo vidar ano parir alegria reclassificar idoso o provar jovem vivaaaaa vivo o juventude dia juventude,saúde,16/07/2021,"
Edgard Matsuki ",https://www.boatos.org/saude/oms-reclassifica-conceito-de-jovem-meia-idade-idoso.html
Alta de 52% em taxa extra não significa que conta de luz também subirá 52%  ,,"o aumentar o bandeiro vermelho patamar o julho significar o contar luzir aumentar o proporção comer algum político oposição o o presidente jair bolsonaro o rede social hoje o tarifar bandeiro vermelho passar r$ 6,24 parir r$ 9,49 kwh quilowatt-hora o prático representar impactar médio 8,12 o contar segundar calcular parir o folhar o economista andré braz responsável pelar elaboração índice inflação medir pelar fgv fundação getúlio varga o aumentar dever pressionar o inflação e levá-la parir teto meter",brasil,29/06/2021 17h16 ,Beatriz Montesanti,https://noticias.uol.com.br/confere/ultimas-noticias/2021/06/29/alta-de-52-em-taxa-extra-nao-significa-que-conta-de-luz-tambem-subira-52.htm
Post distorce dados sobre protocolos para uso de remédios contra covid  ,,enganoso o publicação feito facebook afirmar médico desmascarar governador e prefeito e o presidente certar cloroquina o legendar acompanhar vídeo gravar médico raissa soar trabalhar hospital navegante e prefeitura portar segurar bahia e defender o medicamentar o tratamento coronavírus base experiência pessoais.na filmagem o médico explicar o protocolo adotado prefeitura portar segurar o tratamento caso covid-19 medir recomendar o utilização ivermectina e nitazoxanida associar o o antibiótico azitromicina comedir infecção e casar piorar sintoma o hidroxicloroquina nenhum o médico desmascarar político referência o o presidente jair bolsonaro,saúde,05/06/2020 22h06 ,"Do UOL, em São Paulo",https://noticias.uol.com.br/comprova/ultimas-noticias/2020/06/05/post-distorce-dados-sobre-protocolos-para-uso-de-remedios-contra-covid.htm
"Talibã mata diversos homens fuzilados no Afeganistão em 2021, mostra vídeo #boato 
","Talibã mata diversos homens fuzilados no Afeganistão em 2021, mostra vídeo #boato",versão o talibã começar o “ julgamento ” coletivos o sentença forte versão cena forte vídeo mostrar membro talibã executar vário homem pelotão fuzilamento,entretenimento,21/08/2021,"
Carol Lira ",https://www.boatos.org/religiao/taliba-mata-homens-fuzilados-afeganistao.html
"

Dilma confunde Elvis Presley e John Lennon em foto no Cavern Club #boato 
","Boato – A ex-presidente Dilma Rousseff publicou uma foto próxima à estátua de John Lennon no Cavern Club, em Liverpool (Reino Unido). Na legenda, ela se referiu a Elvis Presley.",o cultural “ ex-presidenta ” realmente impressionante o cavern club ficar liverpool elvis pôr pé o estatuir john lennon … falar o palavra “ ” variar conformar o gênero “ pertinha ” existir “ dilmês ” errar imperdoável língua portuguesar … língua aprender,política,15/02/2019,"
Edgard Matsuki ",https://www.boatos.org/politica/dilma-confunde-elvis-ohn-lennon.html
"

Pix vai substituir TED e DOC, sistemas que vão acabar #boato 
","Boato – O novo sistema de transferências bancárias, o Pix vai substituir o TED e DOC. Esses sistemas vão ser extintos.",questionar apoiador o tenente o o pix achar pagamento banco central acabar ted e doc relacionar aviação civil … pix capitalista opressor chegar acabar o ted e o doc o pix substituir ultrapassar ted e doc … “ pagamento instantâneo entrar vigor novembro serviço gratuito e funcionar horar dia dia semana ”,entretenimento,,"
Edgard Matsuki ",https://www.boatos.org/tecnologia/pix-vai-substituir-ted-doc-sistemas-acabar.html
"

Embalagem de Glade prova que novo coronavírus (Covid-19) já existia em 2018 #boato 
","Boato – Novo coronavírus já existia desde 2018, surto de Covid-19 é “negócio da China” e a prova disso é que Glade e Lysol podem matar o vírus.","“ estranhar o glade lançar produto … informar rótulo eficaz coronavirus ” “ glade fabricar matar corona virus trancar casar o chino comprar o mundo o preço banana coronafakevirus ” “ oi amigar acabar comprar verdadeiro eliminador odorar entanto possuir peculiaridade matar 99,9 germe bactéria e vírus o chamar o atenção trás o produto especificar bactéria e vírus atacar entretanto haver especificamente o coronavírus o coronavírus humanar o ocorrer e o chamar o atenção produto fabricar novembro supostamente o coronavírus existir o senhor o vírus existir o acontecer o negócio morte causar coronavírus ”",saúde,16/03/2020,"
Kyene Becker ",https://www.boatos.org/saude/prova-covid-19-existia-2018-glade-mata-coronavirus.html
"

Israel não tem mortes por Covid-19 e usa limão e bicarbonato na cura do coronavírus #boato 
","Boato – Descobriram porque Israel não tem morte por Covid-19 (C-19). Lá estão usando uma mistura de limão, bicarbonato e água quente para matar o coronavírus.",israel morte c-19 super notícia … o curar o vírus c19 o maneiro eliminá-lo alcançar informação israel vírus causar morte o receitar simples limão bicarbonato misturar e beber chá quentar – o ação limão bicarbonato sódio quentar – matar imediatamente o vírus – elimina-o completamente corpo componente alcalinizar o imunológico o noite cair o tornar ácido e defeso o israel relaxar vírus mundo israel beber copar água quentar limão e bicarbonato sódio,mundo,02/04/2020,"
Edgard Matsuki ",https://www.boatos.org/mundo/israel-nao-tem-mortes-covid-19-usa-limao-bicarbonato-cura-coronavirus.html
"
  Os fios pretos dentro das máscaras não são parasitas, mas fibras têxteis inofensivas","Vídeos com experimentos que supostamente revelam que as máscaras contra covid-19 escondem parasitas em seu interior foram visualizados mais de 100 mil vezes em redes sociais ao menos desde o final de março. Nas gravações, compartilhadas em múltiplos idiomas, é possível ver pequenos fios pretos que, em alguns casos, se movem. No entanto, especialistas consultados pela AFP que recriaram os experimentos asseguraram que o que se vê não são organismos vivos, mas fibras que se aderem às máscaras e que se movem devido a correntes de ar ou por efeito da eletricidade estática.Envie-nos por WhatsApp Email",diferente vídeo circular facebook telegram twitter e youtube “ olhar o d máscara verme testar o corona ” alertar postagens versão detalhar equipamento proteção possuir espécie “ parasito ” denominar “ morgellons ” vídeo viralizados mostrar pessoa utilizar celular e microscópio ampliar o imagem máscara utilizar água quentar ouvapor d’água “ ativar ” suposto verme caso o resultar o o câmera terminar focar pequeno fio preto mover tecer máscara,brasil,19/04/2021 às 21:45,"Marion Dautry, AFP Belgrado",https://checamos.afp.com//os-fios-pretos-dentro-das-mascaras-nao-sao-parasitas-mas-fibras-texteis-inofensivas
"

FHC foi fundador do PT e oposição a Lula era apenas teatro #boato 
","Boato – FHC fundou o PT, nunca foi adversário de Lula, era “maconheiro da USP” e foi falso quando falou sobre reeleição. ",“ e pessoal gostar o fhc renovar voto fidelidade o o lula – bandido e canalha fhc fundador pt … revelar o ocultar trás “ richa ” político partidário ladrão … pt elite psdb e outro o pt burro e imbecil caro patriota crente deus e valorizador família amigo antigo voltar o unir forçar nação o pt elite apostar popularidade pt burro rincão e apostar intelectualidade caro caro reeleição o d … entender “ democrata ” … maconheiro usp o outro cachaceiro botecos abc o habib ’ s acertar criar coxa mortadela visão político bolchevique menchevique – lenin e trotsky unir novamente o stalin … rebolar o diabo e inimigo tornar amigo … voltar o desgraçar o país novamente ”,política,24/05/2021,"
Kyene Becker ",https://www.boatos.org/politica/fhc-foi-fundador-pt-oposicao-lula-apenas-teatro.html
o homem camiseta dilma o porteiro condomínio jair bolsonaro,"é verdade que o porteiro do condomínio onde o presidente tem casas, no rio de janeiro, foi flagrado em foto usando camiseta com a foto da dilma rousseff?",o imagem surgir rede social e diverso whatsapp outubro e rapidamente tornar viral web n homem vestir camiseta o foto ex-presidente dilma rousseff e acordar o texto o acompanhar d o porteiro denunciar o presidente jair bolsonaro investigação criminal o morte vereador marielle franco,política,31/10/2019,gilmar lopes,https://www.e-farsas.com/sera-que-o-homem-usando-camiseta-da-dilma-e-o-porteiro-do-condominio-de-jair-bolsonaro.html
estrear ‘ fake nóis ’ o fake news sobrar o tomar pino,,apresentar pelar biólogo e youtuber pirula e pelar criador e-farsas gilmar lopes o vídeo estrear canal fake nóis relembrar algum fake news absurdo envolver o famigerado tomar pinar,entretenimento,17/07/2019,gilmar lopes,https://www.e-farsas.com/estreia-do-fake-em-nois-com-as-fake-news-sobre-a-tomadas-de-3-pinos.html
"Fato ou Fake, mês a mês: os 12 temas que mais impulsionaram boatos no ano","Da tragédia de Brumadinho, passando pela crise na Venezuela e pelas queimadas na Amazônia, até as mortes em baile funk de Paraisópolis; veja a lista de mensagens checadas mais bombantes de 2019.",o ano marcar tragédia e desastre ambientar votação importante congresso e decisão emblemático judiciário e esperar avalanche mensagem falso acompanhar evento n retrospectivo o equipar fato fake lista temer – – impulsionar boato país e mostrar respectivo checagens realizar d mensagem falso destacar durante o ano feito checagens relembrar,entretenimento, 18/12/2019, Por G1 ,https://g1.globo.com/retrospectiva/2019/noticia/2019/12/18/fato-ou-fake-mes-a-mes-os-12-temas-que-mais-impulsionaram-boatos-no-ano.ghtml
"
  Agências de saúde dos EUA não descartaram uso de teste RT-PCR para detectar covid-19","Publicações que afirmam que autoridades sanitárias dos Estados Unidos estão revogando a autorização de uso de testes RT-PCR por serem imprecisos foram compartilhadas centenas de vezes nas redes sociais desde pelo menos 27 de julho. Mas isso é falso: uma das agências disse que não fez este anúncio e que o teste é considerado o “estandarte de ouro” para o diagnóstico da covid-19, enquanto outra indicou que uma mudança citada em algumas publicações não decorreu de um mau desempenho dos testes. Especialistas apoiaram as declarações de ambas as agências de saúde e disseram à AFP que as publicações viralizadas deturpam as declarações oficiais.Envie-nos por WhatsApp Email",“ órgão confesso ineficácia testar e pedir adoção método especificar diferenciar o sars-cov2 vírus família influenza alertar lançar suspeito sobrar caso e óbito covid ” umar mensagem publicar o twitter o facebook umar imagem o texto “ ano e mear cdc alertar parir ineficácia testar pcr parir diagnóstico covid ” compartilhar vezar afirmação similar viralizaram inglês e espanhol,mundo,5/08/2021 às 22:19,"Claire Savage, AFP Estados Unidos, AFP Argentina, AFP Brasil",https://checamos.afp.com//http%253A%252F%252Fdoc.afp.com%252F9KA9YF-1
Post usa vídeo antigo para acusar museu de exibir pornografia patrocinada com dinheiro público,,  vídeo postar usuário facebook o deputar estadual psl paraná criticar o entrar criança o exposição “ vestir arte o nu acervo público curitiba ” curitiba o conteúdo gravar e descontextualizado o parlamentar confundir o exposição outro e umar legendar afirmar o trabalhar pornografia patrocinar sic dinheiro público o mostrar pornográfico e receber recurso empresar privar o captar lei rouanet,política,2021-06-30,Comprova,https://projetocomprova.com.br/publicações/post-usa-video-antigo-para-acusar-museu-de-exibir-pornografia-patrocinada-com-dinheiro-publico/
É #FAKE que foto mostre governador do RS em teleférico e sem máscara em meio a pandemia,Imagem é antiga. Ela foi tirada em janeiro de 2019. Eduardo Leite fez um desmentido nas redes sociais.,circular rede social foto governador rir sul eduardo leite juntar o irmão espécie teleférico cidade turístico o legendar o entender o imagem registrar pandemia coronavírus governador turismo máscara 😷 e fechar comércio e moral o foto antigo tirar janeiro início chegar coronavírus o o brasil ocasião o governador eduardo leite e o irmão aproveitar passear atrações turístico parque chamar bondinhos aéreo canelar rs o fechar visitação o dia 1º abril,política, 23/04/2020, Por G1 ,https://g1.globo.com/fato-ou-fake/coronavirus/noticia/2020/04/23/e-fake-que-foto-mostre-governador-do-rs-em-teleferico-e-sem-mascara-em-meio-a-pandemia.ghtml
É #FAKE que foto mostre coração de pessoa após uso prolongado de máscara contra a Covid-19,"Registro é de 2017, quando médica da Turquia publicou foto no site 'Medzzy'. Ela diz que motivo da morte foi suicídio e não tem qualquer relação com a Covid-19.",circular rede social foto coração o predominância corar roxo e azul mensagem acompanhar o foto resultar prolongar máscara o covid-19 o foto verdade alguém prolongar máscara durante o pandemia covid-19 o registrar médico turco zekiye gözde trabalhar medicinar legal forense haver ano o foto publicar site medzzy trabalhar ancara capital turquia e explicar o o g1 o foto o covid-19 trata-se casar suicídio foto velho e o o covid-19 tirar o foto e casar suicídio afirmar o médico zekiye gözde,saúde, 01/09/2020," Por Gabriela Caesar, G1 ",https://g1.globo.com/fato-ou-fake/coronavirus/noticia/2020/09/01/e-fake-que-foto-mostre-coracao-de-pessoa-apos-uso-prolongado-de-mascara-contra-a-covid-19.ghtml
"

Bolsonaro aparece em foto com acusado de assassinar Marielle Franco #boato 
","Boato – Foto mostra o presidente Jair Bolsonaro e seu filho Eduardo Bolsonaro junto com Élcio Queiroz (Ronnie Lessa), preso sob a acusação de ser o assassino de Marielle Franco.",bolsonaro e filhar foto elcio acusar efetuar disparo marielle jair bolsonaro e ronnie lessa assassinar mariele franco bolsonaros foto o acusar o atirador o élcio embaixo esquerdo mandar matar mariele,política,13/03/2019,"
Edgard Matsuki ",https://www.boatos.org/politica/bolsonaro-foto-acusado-marielle.html
"

Embaixada do Brasil nos EUA tem Lula Livre nas paredes e sala Marielle Franco #boato 
",Boato – Descobrimos o motivo para Eduardo Bolsonaro ser indicado como novo embaixador do Brasil nos Estados Unidos. Embaixada em Washington tem Lula Livre nas paredes e sala Marielle Franco.,esparramar explicar visão brasileiro morar eua motivo presidente bolsonaro nomear eduardo bolsonaro embaixador brasil washington amigar família morar eua advogar e mts preciso embaixada brasileiro resolver assunto brasileiro advogar e comentar reduto pt funcionário reunião e espaçar dedicar o mariele franco reunião detestar o presidente e parede “ lula livrar ” o único pessoa bolsonaro confiar filhar eduardo o preciso faxinar n reduto e ninguém melhor acesso diretamente o presidente filhar faxineiro acabar reduto petista.disse tbem qdo manifestação brasil bolsonaro tbem e articular embaixada d sair dinheiro pagar o pelegada pra ficar cartaz “ lula livrar ” e abrigar o pessoal mst brasil manifesto entender o precisar confiar presidente e entender e deixar mimimi,política,28/07/2019,"
Edgard Matsuki ",https://www.boatos.org/politica/embaixada-brasil-eua-tem-lula-livre-marielle-franco.html
"

Fenômeno do equinócio nos afetará nos próximos 5 dias (em 2021) e trará calor #boato 
","Boato – Nos próximos cinco dias, em 2021, teremos um forte onda de calor causada pelo fenômeno do equinócio. É por causa dele que há altas temperaturas no Brasil.",atenção o fenômeno equinócio afetará dia permanecer e manter animar casar protegido especialmente o 11h as16h dia o temperatura flutuar e atingir grau celsius causar desidratação e insolação facilmente fenômeno dever o o fato o sol diretamente acima equador ficar hidratar consumir cercar litro líquido dia controlo pressão arterial sofrer insolação tomar banho frio o freqüente reduzir o carnar e aumentar frutar e legume o onda calor piar colocar velar utilizar casar exposto o velar derreter perigoso colocar baldar água sala e sala manter o temperatura o insolação apresentar sintoma indicativo desmaiar gravar e perigoso o falho órgão ativada verificar lábio e olho afundar desidratação divulgar o o elisa ler,ciência,01/02/2021,"
Edgard Matsuki ",https://www.boatos.org/ciencia/fenomeno-equinocio-proximos-5-dias-2021-trara-calor.html
"

Bolsonaro demitiu funcionários que ganhavam R$ 35 mil na empresa do trem-bala que nunca existiu #boato 
","Boato – Bolsonaro demitiu funcionários que ganhavam R$ 35 mil na empresa do trem-bala que nunca existiu, criada por Dilma em 2010 e que faria o trajeto Campinas (SP) e RJ. Por isso, o presidente é tão odiado pelos petistas.","o ex – presidente dilma criar empresar estatal administrar o trem balir o trajeto campino paulo e rir janeiro o projeto sair sequer papel existir o empresar estatal contratar funcionário concurso d funcionário contratar receber mensalmente cercar r$ 35.000,00 o empresar existir prejuízo o cofre público setenta milhão real r$ 70.000.000,00 e funcionário contratar demitir janeiro presidente bolsonaro acaso esquerdista especial petistas continuar tramar criminosamente destruir o governar bolsonaro",política,,"
Raiane Gonoli ",https://www.boatos.org/politica/bolsonaro-demitiu-funcionarios-empresa-trem-bala.html
Sacos achados com óleo em Pernambuco não indicam responsável por vazamento  ,,publicação circular rede social sugerir o vazamento óleo praia nordestino envolvimento empresar francês imagem verdadeiro contexto e levar o interpretação errar embalagem aparecer foto empresar mapa multinacional francês produzir luva látex e óleo o texto verificar o perguntar e lacron referência o o presidente frança emmanuel macron crítico o o presidente jair bolsonaro psl sequência o boatar afirmar o possibilidade ecoterrorismo confirmar nordeste brasileiro imagem mostrar embalagem plástico conter óleo encontrar areia cabo santo agostinho cidade recife pernambuco o marinho investigar responsável desastre ambiental esclarecer segunda-feira o mapa investigação saco plástico verdade reutilizado voluntário guardar o óleo encontrar praia o material citar embalagem luva proteção reutilizado colocar resíduo o marinho noto,brasil,25/10/2019 18h40 ,25/10/2019 18h40 ,https://noticias.uol.com.br/comprova/ultimas-noticias/2019/10/25/sacos-achados-com-oleo-em-pernambuco-nao-indicam-responsavel-por-vazamento.htm
"

Luana Araújo é contra o uso de máscaras no combate à Covid-19 #boato 
",Boato – Vídeo mostra que médica Luana Araújo é contra o uso de máscaras no combate à Covid-19. Ele defende que apenas sintomáticos usem máscaras cirúrgicas.,o palavra dr luana araújo máscara necessário luana araújo médico participar cpi circo idiota defender o máscara indivíduo assintomático cair o máscara doutorar farsante o doutorar luana araújo médica-cantora-lacradora estimação cpi o máscara imaginar o renan o aziz o randolfe e o doria descobrir “ negacionista ”,saúde,07/06/2021,"
Edgard Matsuki ",https://www.boatos.org/saude/luana-araujo-e-contra-o-uso-de-mascaras-no-combate-covid-19.html
o modelar nyakim gatwech entrar parir o livrar recorde o pelar escuro mundo,,o afirmação compartilhar o redar social o semana julho e parabenizar o modelar nyakim gatwech pelar o mulher o entrar parir o livrar guinness recordar graça o o tom pelar,entretenimento,19/07/2020,gilmar lopes,https://www.e-farsas.com/a-modelo-nyakim-gatwech-entrou-para-o-livro-dos-recordes-por-ter-a-pele-mais-escura-do-mundo.html
"

João Pedro Stédile, líder do MST, tem três fazendas no Paraguai confiscadas pela PF #boato 
","Boato – Polícia Federal confiscou três fazendas no Paraguai do João Pedro Stédile, líder do MST. Bens apreendidos equivalem a R$ 262,4 milhões. ","mst polícia federal e forçar tarefar confiscar fazenda paraguai líder mst e braço direito lula diário corrupção brasil o serviço nacional cadastrar e o forçar tarefar cooperação o polícia federal confiscar fazenda líder mst joão pedrar stedile avaliar aproximadamente milhão dólar cercar r$ 262,4 milhão fazenda fazenda ficar localizar paraguai e ficar localidade cerrar memby distrito yby yau concepción o contar empreendimento raiar metro porteiro acesso e o avaliar 17,4 milhão dólar r$ 67,1 milhão o fazenda ficar região imediação rir aquidaban e valer milhão dólar total r$ 61,7 milhão o fazenda ficar cidade tacuati san pedrar e valer milhão dólar r$ 131,2 milhão",política,,"
Carol Lira ",https://www.boatos.org/politica/joao-pedro-stedile-mst-fazendas-pf.html
"

Homem nunca pisou na lua porque tem tecnologia avançada e nunca voltou lá #boato 
","Boato – Ida do homem à lua é uma farsa, porque hoje a tecnologia é muito mais avançada e ele ainda não voltou ao satélite. ",“ o ano atro o homem pisar lua pq hj dia o tecnologia “ avançar ” nao acreditar n ” “ o homem pisar lua d época adiantar tecnologia ano seguinte … acordar ” “ chamar ignorante história o homem lua mim passar farsa o homem lua haver cinquenta ano o trás tecnologia pífio dia atuais prá passear pra lua semana chance chamar ignorante história o homem lua mim passar farsa o homem lua haver cinquenta ano o trás tecnologia pífio dia atuais prá passear pra lua semana chance ”,entretenimento,14/07/2019,"
Kyene Becker ",https://www.boatos.org/tecnologia/homem-nunca-pisou-lua-tecnologia-avancada.html
"Decisão de excluir Brasil do ""clube dos ricos"" não tem elo com a corrupção  ",,publicação facebook viralizou afirmar o real motivar adiamento entrar brasil ocde o decisão comissão antissuborno organização o cooperação e desenvolvimento econômico ocde enviar missão o o brasil acompanhar retrocesso combater corrupção foto publicação o presidente supremo tribunal federal stf dia toffoli o frase parabém toffoli brasil ficar ocde retrocesso combater corrupção fato entanto relacionar o cartar o governar unir o ingressar argentino e romênia — motivar o entendimento o entrar brasil ocde ocorrer — dia agostar vir o público outubro,brasil,17/10/2019 16h15 ,17/10/2019 16h15 ,https://noticias.uol.com.br/comprova/ultimas-noticias/2019/10/17/atraso-da-entrada-do-brasil-na-ocde-retrocessos-no-combate-a-corrupcao.htm
"

PUC está com inscrições abertas para quem está com sequelas respiratórias da Covid-19 #boato 
",Boato – A Fisioterapia da PUC abriu inscrições para um projeto que vai tratar pessoas que estão com sequelas respiratórias decorrentes da Covid-19. É só preencher um formulário.,o puc inscrição aberto pessoa sequela respiratório decorrente covid online e gratuito seguir o link id azkyjn2iakoec8mc61vpnbfg0segzgfkrxhxxehxsu9uqtc5szkwretsmfhcnzvgt1kyou0wvuzhni4u bacana atitude fisioterapia puc compartilhar alguém precisar encerrar inscrição o programar fisioterapia respiratório pessoa sequela covid-19 – puc-sp o atividade gratuito e online orientar e supervisionar prof renata escorcio e preceptor estágio hospitalar marcelo pierrotti e aplicar estudante 5º ano graduação fisioterapia puc-sp,saúde,19/04/2021,"
Edgard Matsuki ",https://www.boatos.org/saude/puc-com-inscricoes-abertas-sequelas-respiratorias-covid-19.html
"

Meteoro pode atingir a Terra e destruir a vida humana em outubro de 2019 #boato 
",Boato – Nasa afirma que meteoro FT3 se chocará com a Terra e pode acabar com a vida humana em outubro de 2019. ,atualmente profecia catástrofe natural e desastre caminhar direção o terra surgir frequência profeta recentemente andar circular rede social e congregação o profecia catástrofe natural o mundial direito o terremoto e enchente região planeta especulação cristão meteoro o planeta começar o surgir afinal o capaz causar impactar mundo d ânimo cristão aflorar o presentar notícia o setor rastreamento nasa declarar haver asteroide metro diâmetro e milhão tonelada percorrer trajeto o terra datar previsto o dia outubro o riscar catástrofe o chance atingir crosta terrestre pequeno casar o asteroide sair roto e conseguir adentrar planeta forçar destruição igual o 2.700 megatrons noção capacidade destrutivo o bomba jogar hiroshima japão possuir tornar o quilotrons,ciência,27/07/2019,"
Carol Lira ",https://www.boatos.org/ciencia/meteoro-terra-destruir-vida-humana-outubro.html
"

PL 3982/2020 prevê prisão para quem se negar a tomar a vacina contra Covid-19 #boato 
",Boato – PL 3982/2020 quer obrigar brasileiros a tomarem a vacina contra Covid-19 e prevê detenção e multa para quem se negar a tomar a imunização.,“ grave câmara votar pl3982/2020 “ disfarçadamente ” obrigar o tomar o vacinar covid cumprir incorrer crime tipificar artigo código penal peno – detenção o ano e multar pl dep wolney queiroz pdt-pe aceitar absurdo pl3982jamais entrar site câmara e votar e pressionar deputar ” “ o câmara federal votar o pl 3982/ obrigar o vacinação peno incorrer crime aceitar ” “ pl 3982/2020 andamento obrigar o vacinar peno reclusão inacreditável ”,saúde,02/09/2020,"
Kyene Becker ",https://www.boatos.org/saude/pl-3982-2020-prisao-quem-negar-tomar-vacina-covid-19.html
tse censurar o whatsapp parir impedir denúncia sobrar o urna eletrônica,,conferir abaixar o texto circular,política,1/10/20207,marco faustino,https://www.e-farsas.com/tse-censurou-o-whatsapp-para-impedir-denuncias-sobre-a-urna-eletronica.html
"

Caminhoneiros estão indo de São Paulo a Brasília para destituir os três poderes #boato 
","Boato – Às vésperas da manifestação a favor de Bolsonaro, caminhoneiros estão “quebrando o pau em São Paulo” e indo para Brasília destituir os três poderes e começar a intervenção militar.",o pau quebrar paulo mostrar o mandar brasil e político mero representante(pessoas filmar olhar mãe olhar filhar liderança capital interlocutor unatrans representar o caminhoneiro brasileiro transportador rodoviário carga brio sangue parar paulo e parar o brasil e brasília pra destituir corrupto chegar intervenção militar o cansar sustentar corrupto chegar pedir empregar procurar empregar patriota,brasil,24/05/2019,"
Edgard Matsuki ",https://www.boatos.org/brasil/caminhoneiros-indo-sao-paulo-brasilia.html
"

Teste de anticorpos feito por engenheiro após se vacinar prova que Coronavac não imuniza #boato 
",Boato – Teste sorológico de anticorpos feito por engenheiro comprova que a vacina Coronavac não gerou imunidade contra a Covid-19 após duas doses. ,“ pessoal senhor engenheiro e esposo tomar dose vacinar coronavac e dia exame laboratório fleury adquirir imunidade o vírus o o áudio falir o nome d e esposo ouvir atenção o mensagem … ”,saúde,17/05/2021,"
Kyene Becker ",https://www.boatos.org/saude/teste-feito-engenheiro-apos-vacinar-prova-coronavac-nao-imuniza.html
"

Light vai desligar energia elétrica no Rio de Janeiro na hora da final da Libertadores em 23/11 #boato 
",Boato – A Light enviou um comunicado informando que fará uma manutenção no dia 23 de novembro de 2019. A luz será desligada em todo Rio de Janeiro no horário da final da Libertadores entre Flamengo e River Plate.,o light – rj informar virtude trabalhar manutenção redar elétrica o energia desligar sábado 23/11/2019 o rir e região o 16:00hrs voltar o o normal 20:00 hrs desejar o consumidor excelente quinta-feira o light trabalhar população,entretenimento,22/11/2019,"
Edgard Matsuki ",https://www.boatos.org/esporte/light-desligar-energia-eletrica-rio-de-janeiro-23-11-final-libertadores.html
"

Gerson Camarotti pediu cassação do registro de médicos que receitam “antivirais” contra Covid-19 #boato 
","Boato – O jornalista Gerson Camarotti, da Globo News, pediu para que os conselhos de medicina cassem do registro de médicos que receitam “antivirais” contra a Covid-19.",safar pedir tirar crms médico salvar vidar fdp globo o gerson camarotti bocar maldita“preciso deixar registrar programar “ pautar ” d noite o jornalista gérson camarotti globo news exigir medicinar cassar registro médico tratar paciente covid drogar antiviral curar haver ano pediatro nitazoxanida vermífugo tratar diarréias rotavírus ação antiviral e êste ano trabalho provar inibir o entrar vírus covid célula humano antiviral hiv apesar curar o aids médico charlatães e jornalista globo news ordem federal medicinar médico continuar o tratar sintomaticamente virose reduzir o carga viral organismo drogar e atar político bolsonarista camarotti e atar médico!acredito charlatão cassar o registrar enquadrar jornalista pago franco atirador fake news e influenciar politicamente massa mídia s vacinar veicular barbaridade fakes o governar dirigir anvisa e laboratório o intenção globo o governar bode expiatório colocar o méxico acima brasil “ vacinar ” apesar fase voluntário e o brasil terminar o fase semana voluntário …,saúde,08/01/2021,"
Edgard Matsuki ",https://www.boatos.org/saude/gerson-camarotti-pediu-cassacao-registro-medicos-receitam-antivirais-contra-covid-19.html
"

Doria prorroga o lockdown até o dia 22 de abril de 2021 em São Paulo #boato 
","Boato – O governador de São Paulo, João Doria, anunciou que prorrogou o lockdown em São Paulo. Agora, quarentena vai de 8 a 22 de abril de 2021.",versão doria prorrogar quarentenar dia abril sp o governador paulo joão doria ampliar o quarentenar o d quarta-feira 8) o dia abril o medir seguir flexibilização e tomar conter o avançar coronavírus o determinação publicar diário oficial d terça-feira 7).transcrição e querer n o deixar claro o opinião público e o população estadode paulo o prorrogação quarentenar feito paulo dia dia o dia e abril voltar o repetir o quarentenar prosseguir o deabril dia o paulo conjuntar razão largamente exposto cientista médico e especialista,política,08/04/2021,"
Edgard Matsuki ",https://www.boatos.org/politica/doria-prorroga-lockdown-dia-22-abril-2021-sao-paulo.html
"

Governo de Pernambuco comprou 140 Jeep Renegade sem licitação para fazer bloqueios de quarentena #boato 
","Boato – O governo de Pernambuco fez a compra, sem licitação, de 140 Jeep Renegade para fazer bloqueios durante a quarentena do novo coronavírus. Compra foi feita no grupo Schwambach (Fiori).",o schwambach fiori vender jeep renegade licitação pra bloqueio quarentenar … esquematizar licitação … absurdo olhar carretar carro adesivado o secretário desenvolvimento economico brunir schwambach,política,14/05/2020,"
Edgard Matsuki ",https://www.boatos.org/politica/governo-pernambuco-comprou-140-jeep-renegade-sem-licitacao-bloqueios-quarentena.html
É #FAKE que chá de boldo combate a Covid-19 em três horas,"Especialistas explicam que chás hidratam e aliviam sintomas em casos leves, mas não são eficazes contra o vírus.",circular rede social mensagem o chá boldo combater o covid-19 horar haver estudar científico sustentar tesar medicamento ministrar pontual e experimental ambientar hospitalar paciente internar resultar promissor o coronavírus o chá boldo d chá alívio quadro leve doença acontecer infecção respiratório efeito terapêutico preventivo acordar médico entrevistar cbn,ciência, 15/05/2020," Por Roberta Pennafort, CBN ",https://g1.globo.com/fato-ou-fake/coronavirus/noticia/2020/05/15/e-fake-que-cha-de-boldo-combate-a-covid-19-em-tres-horas.ghtml
"
  Foto de multidão é de protesto contra armas de fogo em 2018, não de ato a favor de Trump","Uma imagem de uma multidão em Washington foi compartilhada centenas de vezes em redes sociais desde meados de dezembro como se mostrasse um protesto ao redor da Suprema Corte dos Estados Unidos exigindo um resultado “justo” para a eleição presidencial, vencida pelo democrata Joe Biden. Isso é falso. A imagem data, na verdade, de março de 2018 e foi feita durante um protesto contra armas de fogo, desencadeado por um massacre ocorrido em uma escola na Flórida um mês antes.Envie-nos por WhatsApp Email",“ milhar norte-americanos variar raça origem e localidade cercar o prédio supremo cortar capital país washington d.c pressionar resultar justar detalhar armar ” o texto acompanhar postagens compartilhar facebook twitter e instagram o dia dezembro “ o multidão americano cercar o stf … o ” escrever usuário o o compartilhar o imagem dia colégio eleitoral reunir formalizar o resultar eleição novembro encontrar confirmar o vitória democrata joe biden o atual presidente donald trump o conteúdo compartilhar tambémem inglês- reflete o retórico empregar trump serecusavaa reconhecer derrotar afirmar querecorreria supremo cortepara provar vencer eleição recurso aliar presidente sidonegadospelo tribunal,política,17/12/2020 às 19:23,AFP Brasil,https://checamos.afp.com//foto-de-multidao-e-de-protesto-contra-armas-de-fogo-em-2018-nao-de-ato-favor-de-trump
"
  Mortes por covid-19 não caíram “99,99%” no Amazonas após visita do ministro da Saúde","Publicações compartilhadas milhares de vezes em redes sociais desde o início de fevereiro asseguram que o número de mortes por covid-19 no Amazonas caiu em “99,99%” imediatamente após o ministro da Saúde, Eduardo Pazuello, visitar a capital do estado, Manaus. Isso é falso. Na verdade, a média de óbitos registrados por dia no Amazonas desde que Pazuello voltou da região, em 29 de janeiro, é superior à das primeiras semanas do ano, quando o estado começou a enfrentar uma dura segunda onda da pandemia de coronavírus.Envie-nos por WhatsApp Email","“ bomba o governar manaus o dia morrer pessoa amazona bolsonaro mandar o ministrar saudar manaus visitar hospital morrer pessoa covid-19 e hoje morrer pessoa covid-19 ” comedir o texto compartilhar facebook e twitter o o fevereiro “ bolsonaro olhar safadesa governador comunista dia haver redução 99,99 morte amazona pq ” continuar o mensagem começar o circular pazuello visitar manaus e janeiro lidar o colapso saudar cidade o início ano aumentar caso coronavírus sobrecarregar o redar hospitalar amazona e praticamente esgotar reservar oxigênio o tornar o brasileiro morte acumular proporcionalmente",brasil,11/02/2021 às 21:21,AFP Brasil,https://checamos.afp.com//mortes-por-covid-19-nao-cairam-9999-no-amazonas-apos-visita-do-ministro-da-saude
"

Cientistas descobrem que cocaína mata o coronavírus #boato 
",Boato – Cientistas de todo o mundo estão chocados com uma descoberta. A cocaína mata o coronavírus e isso já foi noticiado.,especialista afirmar eficaz o drogar cocaina pó o tratamento coronavírus realmente verdade crer lutar legalização cocaina drogar lícito conseguir cocaína matar o coronavírus enviar mensagem salvar traduzir “ cocaína matar corona virus inbox si quieres salvar ” notícia urgente cocaína matar o coronavírus cientista chocar o o descobrir o drogar combater o vírus traduzir “ breaking news cocaine kills corona virus scientists is shocked to discover that this drug can fight the virus ”,saúde,05/02/2020,"
Edgard Matsuki ",https://www.boatos.org/saude/cientistas-descobrem-cocaina-mata-coronavirus.html
verdade umar mulher morte cerebral ingerir litro molhar soja,"no primeiro dia deste ano, o site mega curioso publicou uma notícia muito curiosa, intitulada: “mulher tem morte cerebral após ingerir 1 litro de molho de soja“. contudo, será que esse caso realmente aconteceu? e se aconteceu, será que a mulher realmente morreu?",o texto publicar mega curioso praticamente resumir publicar fonte originar o texto o tabloide britânico “ daily mail ” dm apesar melhor parente nefasto daily express daily mirror e daily record passível verificação prévio repassar o publicar o dm basear texto vídeo youtube canal chamar “ chubbyemu “ publicar dia dezembro o canal pertencer o homem chamar bernard alegar professor clínico adjunto universidade illinois eua,saúde,7/01/20197,marco faustino,https://www.e-farsas.com/sera-verdade-que-uma-mulher-teve-morte-cerebral-apos-ingerir-1-litro-de-molho-de-soja.html
"

Talibã (Estado Islâmico) faz leilão de meninas cristãs no Afeganistão, mostra foto #boato 
","Talibã (Estado Islâmico) faz leilão de meninas cristãs no Afeganistão, mostra foto #boato",e gente comemorar o soldar deixar o talibã ai triste e desumano mundo perder o século xxi viver atrocidade d natureza o grupar islâmico talibã leilão menino praça público e levar pago o homem o comprar parir umar família e lar parir realizar o s e descarta-las comer lixar humanar o mundo preciso manifestar revolto o tribunal direito humano corte internacional direito humano o onu o otan e outro organismo defeso dignidade humano revoltante islâmico leiloar menino cristăs parir satisfação sexual homem valer ressaltar satisfazer o direito o quizer decapitá-las procurar pai leiloar pelar melhor ofertar o islamico permitir pedir compartilhar o mundo preciso d,entretenimento,23/08/2021,"
Edgard Matsuki ",https://www.boatos.org/religiao/taliba-estado-islamico-faz-leilao-de-meninas-cristas-no-afeganistao-foto.html
"

Reitor da UFRJ está foragido após roubar R$ 43 milhões e deixar museu pegar fogo #boato 
","Boato – O reitor da UFRJ Carlos Antônio Levi da Conceição, que disse que a direita precisava de um bom murro e uma boa bala, está foragido após roubar R$ 43 milhões.",lembrar reitor ufrj o merecer “ murro e balir ” e deixar o museu nacional fogo foragir .o carlos antônio levi conceição roubar milhão real … e o universidade federal rj entregar mosco destruir … e o museu morto entender lixo o governar bolsonaro continuar,brasil,12/05/2021,"
Edgard Matsuki ",https://www.boatos.org/brasil/reitor-ufrj-foragido-apos-roubar-r-43-milhoes-deixar-museu-pegar-fogo.html
"
  Esta mulher foi presa por discutir com funcionários e o vídeo mostra dois incidentes diferentes ","Um vídeo, visualizado centenas de milhares de vezes em redes sociais desde o final de março, supostamente mostra uma mulher contaminada com coronavírus sendo detida pela polícia australiana após ser vista cuspindo sobre produtos em um mercado. No entanto, a gravação viralizada reúne imagens de dois incidentes diferentes, envolvendo mulheres distintas.Envie-nos por WhatsApp Email",“ o covid-19 terrorismo chinês desestabilizar o economia ocidental austrália shopping chinês preso flagrar espirrar cuspir banana e comido o interessar espalhar o coronavirus ” questionar publicação compartilhar centena facebook o dia março o texto acompanhar vídeo início mulher máscara detido polícia supermercado mensagem inglês sobreposto “ nojento testar positivar covid-19 e preso cuspir frutar ” o gravação amplamente compartilhar facebook mostrar o supor o mulher cuspir produto mercar outro texto sobrepor s imagem o vídeo gravar “ woolworths ” chullora loja localizar periferia sidney austrália,saúde,13/04/2020 às 20:39,"AFP Austrália, AFP Brasil, Bruno Scelza",https://checamos.afp.com//esta-mulher-foi-presa-por-discutir-com-funcionarios-e-o-video-mostra-dois-incidentes-diferentes
É #FAKE que imagem mostre ministra da Holanda e que ela trabalhe de gari duas horas por dia antes de ir ao escritório,"Foto que circula em redes sociais mostra, na verdade, uma ministra da Alemanha. Ela se vestiu e atuou como gari apenas para comemorar o Dia da Mulher. Ministro da Saúde da Holanda é homem.",circular rede social foto mulher uniformar gari trabalhar coleta lixar legendar acompanhar o imagem holanda o ministro saudar trabalhar horar diariamente agente limpeza o o escritório o cargo ministrar saudar bem-estar e esporte holanda ocupar homem hugo jonge o mulher aparecer foto verdade franziska giffey ministro família idoso mulher e juventude alemanha o imagem feito março s véspera dia mulher,mundo, 17/10/2019, Por G1 ,https://g1.globo.com/fato-ou-fake/noticia/2019/10/17/e-fake-que-imagem-mostre-ministra-da-holanda-e-que-ela-trabalhe-de-gari-duas-horas-por-dia-antes-de-ir-ao-escritorio.ghtml
É #FAKE que vídeo em que soldado filma carro explodindo durante selfie tenha sido feito no Irã,"Vídeo, antigo, mostra explosão ocorrida na Síria. Imagens não têm nenhuma relação com a crise atual entre os Estados Unidos e o Irã, iniciada em janeiro.",circular rede social vídeo mostrar o soldar o o selfie acabar registrar o explosão carro militar comboiar mensagem circular web tratar episódio ocorrer irã viver crise unir o atacar ordenar trump matar o general iraniano qassem soleimani chefe unidade especial guardar revolucionário e homem poderoso país texto fake o vídeo antigo e anterior recente crise unir e irã n ano o vídeo registrar sírio acompanhar relato comboiar militar atingir minar terrestre valer deir ezzor,entretenimento, 14/01/2020, Por G1 ,https://g1.globo.com/fato-ou-fake/noticia/2020/01/14/e-fake-que-video-em-que-soldado-filma-carro-explodindo-durante-selfie-tenha-sido-feito-no-ira.ghtml
"
  Não há registro de que Palocci tenha dito que as urnas foram encomendadas para fraudar eleições","Publicações compartilhadas milhares de vezes em redes sociais alguns dias antes do segundo turno das eleições municipais de 2020 asseguram que o ex-ministro dos governos do PT Antônio Palocci afirmou que as urnas eletrônicas foram “encomendadas” para manipular eleições. No entanto, não há qualquer registro público de que Palocci tenha dado tal declaração, nem à mídia, nem na colaboração premiada que firmou no âmbito da Lava Jato. Ao AFP Checamos, o escritório responsável por sua defesa negou que o ex-ministro tenha feito tal denúncia.Envie-nos por WhatsApp Email",“ palocci afirmar eleição decidir cúpula urna encomendar fraudar eleição o o tse ” o texto publicação compartilhar facebook e instagram o dia novembro versão citar o frase “ inúmero ” ex-ministro fazenda governar luiz inácio lula silvar e ex-ministro-chefe casar civil governar dilma rousseff “ trazer doutor urna eletrônicas o brasil o objetivo fraudar eleição benefício esquerdo ” o conteúdo ganhar forçar dia turno eleição municipal novembro candidato esquerdo disputar o prefeitura importante capitar paulo recife e portar alegrar,brasil,27/11/2020 às 17:59,AFP Brasil,https://checamos.afp.com//nao-ha-registro-de-que-palocci-tenha-dito-que-urnas-foram-encomendadas-para-fraudar-eleicoes
"

Lista de lives de artistas de rock para os próximos dias vazou na internet #boato 
","Boato – Finalmente surgiu uma lista de lives de bandas e cantores de rock para os próximos dias. Lista tem shows do Metallica, Arctic Monkeys, Red Hot Chilli Peppers, Pearl Jam, entre outras atrações.",lives rock receber d nenhum link referência pesquisar e encontrar link atualizações pedir conferir casar alguém encontrar link e detalhe pedir partilhar abraçar e lets rock!!!lives 13/04 – metallica instagram – 21h 15/04 – arctic monkeys – 21h30 16/04 – justin pharrell e timbaland – 20hrs 16/04 – fatboy slim – 20:30h 17/04 – futurar islands 19hrs 17/04 – mac demarcar 19hrs 17/04 – king of leon – 20hrs 18/04 – vance joy – 15hrs 18/04 – father john misty – 16hrs 18/04 – the black keys – 16hrs 18/04 – sheryl crow – 17hrs 18/04 – red hot chilli peppers – 20hrs 18/04 – pearl jam – 21h 18/04 – chet faker – 22hrs 18/04 one world show lady gago elton john eddie veder billie eilish chris martin lizzo keith urban paul mccartney e assistir globalcitizen.org 19/04 – charlar bradley – 16hrs 19/04 – the weeknd – 18hrs 20/04 – erykah badu – 20h 20/04 – grizzly bear – 20hrs 20/04 – khruangbin – 20hrs 20/04 – john mayer – 21hrs 21/04 – joss stone – 16hrs 21/04 – maroon – 18hrs 21/04 – dave matthews band – 19hrs 22/04 – daft punk 24/04 – ben harper e jack johnson – 21hrs 25/04 – john butler trio – 17hrs 25/04 – alabama shakes – 20hrs 25/04 – lenny kravitz – 20hrs 26/04 – harry styles – 16hrs 26/04 – paul mccartney – 18hrs 30/04 – coldplay aproveitar galera rock,entretenimento,13/04/2020,"
Edgard Matsuki ",https://www.boatos.org/entretenimento/lista-lives-artistas-rock-proximos-dias-vazou-internet.html
É #FAKE que pai de Guilherme Boulos seja dono de mansão desocupada na Vila Mariana,"Antigo proprietário tem sobrenome Boulos, mas não está relacionado à família do candidato. Boato circulou também em 2018.",publicação rede social afirmar o pai candidatar prefeitura paulo guilherme boulos o infectologista marco boulos dono mansão desocupar vila mariano paulo o post atribuir o o infectologista casar ruir paula ney vila mariano o casar demolir verificar histórico google street view n endereçar atualmente haver casar e o empreendimento imobiliário haus mitrar boatar circular e desmentir diverso agência checagem época o agência público acesso o o registrar propriedade imóvel nome casal libanês philippe boulos e mono boulos o morte passar o herdeiro casal seme felipe e kátia boulos apesar o sobrenome nenhum d o família candidatar guilherme boulos afirmar vídeo,política, 29/11/2020," Por Isabela Aleixo, O Globo ",https://g1.globo.com/fato-ou-fake/noticia/2020/11/29/e-fake-que-pai-de-guilherme-boulos-seja-dono-de-mansao-desocupada-na-vila-mariana.ghtml
"

Paul McCartney morreu e foi substituído por sósia #boato 
","Boato – Ringo Starr, ex-baterista dos Beatles, revelou que Paul McCartney morreu em 1969 e foi substituído por um sósia.",ringo star afirmar paul mccartney morrer e substituir sósia,entretenimento,,"
Edgard Matsuki ",https://www.boatos.org/entretenimento/paul-mccartney-morreu-substituido.html
"

Papa Francisco disse “estou vacinado com sangue de Cristo” em oração #boato 
",Boato – O papa Francisco pediu a todos que repitam esta oração “estou vacinado com o sangue de Cristo: nenhum vírus pode tocar-me”.,o santo papar francisco pedir o repetir oração mentir “ vacinar o sangue cristo nenhum vírus tocar- ” compartilhar,entretenimento,08/03/2021,"
Edgard Matsuki ",https://www.boatos.org/religiao/papa-francisco-estou-vacinado-com-sangue-cristo-oracao.html
"

Termômetro infravermelho causa dano à glândula pineal ao medir temperatura na testa #boato 
","Boato – O termômetro infravermelho pode causar danos à glândula pineal ao medir a temperatura na testa e trazer problemas de saúde. Por isso, não deixe as pessoas medirem a sua temperatura. ",deixar medir temperatura testo ler mensagem enfermeiro australiano “ realmente preocupar começar o implementar protocolo e tarefar medir o temperatura pessoa o centrar testo armar termômetro puxar o gatilho esperar bipe e registrar o temperatura pedir desculpar pessoa prosseguir dúzia repente percepção dessensibilizar o o direcionarmos cabeça e causar problema saudar potenciar o o raiar infravermelho o glândula pineal começar o medir o temperatura pulsar acabar preciso o testo frio o pulsar e resultar diferir grau caso o shopping center e pessoa filar medir o temperatura funcionário obviamente médico e devidamente instruir realizar procedimento corretamente ficar chocar chegar o e o armar testo e o redirecionei punho falar firmeza e o o funcionário termômetro infravermelho o testo alguém especialmente bebês e criança pequeno d requerer conhecimento básico ler corretamente o temperatura alguém colocar termômetro punho cotovelar precisar e prejudicial perturbador mim observar criança acostumar o objeto armar o testo e reação negativo adulto normal e aceitável profissional médico recuso-me o visar diretamente o glândula pineal localizar diretamente centrar testo raiar infravermelho entanto o pessoa concordar passar o o dia glândula pineal protegido crucial saudar e futurar ”,saúde,13/08/2020,"
Raiane Gonoli ",https://www.boatos.org/saude/termometro-infravermelho-dano-glandula-pineal-medir-temperatura-testa.html
"

Vídeo mostra Venezuela em guerra civil no ano de 2021 #boato 
",Boato – Vídeo de 2021 mostra que a Venezuela está em guerra civil. A esquerda brasileira não fala nada e grande imprensa não divulga.,o venezuela guerra civil o direito saudar e fome aguentar nenhum esquerdo o imprensar divulgar o socialismo comunismo pensar voce filho neto e bisneto acontecimento mostrar o brasil caminhar rumar cubar e venezuela refletir e mudar.observem o canhão água preceder motociclista responsável abater pessoa observar armar fogo mão manifestante entanto recuar e atacar coquetéis molotov achar criativo memes e piar venezuela 🇻 🇪 guerra civil palavra esquerdo brasileiro especialmente pt psol e pdt,mundo,27/03/2021,"
Edgard Matsuki ",https://www.boatos.org/mundo/video-mostra-venezuela-guerra-civil-2021.html
"

Paula Rousseff, filha de Dilma, será condenada na Justiça Federal #boato 
","Boato – Filha da ex-presidente Dilma Rousseff, Paula Rousseff vai ser condenada na Justiça Federal por usar carros oficiais blindados (com motoristas e seguranças) para realizar atividades diárias.",“ … dilma rousseff conseguir explicar vantagem pago dinheiro público família semana passar dilma rousseff noto imprensar procurar explicar regalia ilegal dinheiro público privilegiar filho genro e neto mostrar reportagem publicar istoé privilégio concedido família petista alvo investigação pedir dem o solicitar o o ministério público e o o gabinete segurança institucional gsi apurar liberar suaa últim edição istoé revelar paula rousseff filho ex-presidente e rafael covolo maridar disposição frota carro oficiar representação blindar e autorizar o circular placar frio e staff formar profissional motorista e segurança … ”,política,,"
Kyene Becker ",https://www.boatos.org/politica/paula-rousseff-filha-dilma-condenada.html
"

Coca-Cola está dando frigobar para quem entrar em site e compartilhar link no WhatsApp #boato 
",Boato – Coca-Cola está dando um frigobar grátis para as pessoas que entrarem em um site e compartilharem um link com amigos no WhatsApp.,conquistar frigobar coca-cola clicar “ ” e seguir instrução restar frigobaresenviar responder o perguntar – coca-cola preferir normal light responder o perguntar – colocar frigobar cozinhar responder o perguntar – criar o bebido coca-cola farmácia oficinaseu frigobar exclusivo coca-cola ja pronto enviar seguir indicação compartilhar ofertar con contatos e whatsapp completar o barrir inferior compartilhar enviar frigobar coca-cola dia 0%100,entretenimento,02/07/2020,"
Edgard Matsuki ",https://www.boatos.org/tecnologia/coca-cola-dando-frigobar-entrar-site-compartilhar-link-whatsapp.html
"

Mobilização do dia 15/03 na internet deixa poderosos do Congresso e Judiciário preocupados #boato 
",Boato – Uma mobilização está tomando vulto na internet e poderosos do Congresso e Judiciário já estão preocupadíssimos com o dia 15/03.,mobilização tomar vulto internet 15/03 poderoso congresso e judiciário preocupado mobilização comedir o tomar vulto internet o anteceder o revolução francês o esclarecer clamar justiçar haver enorme movimentação internet reunir milhão pessoa avenida paulista e capitar demissão o classe político legislativa(congresso nacional e judiciária(stf dia 15/03 e-mail convocação começar o circular e lidar centena milhar pessoa importante repassar contatos o guerra o mau político e juiz e o degradação nação começar subestimar o esclarecer comedir o sair inércia e zonar confortar lutar brasil melhor fato ” governante ” brasil falir corte despesa – cortar despesa – o aumento imposto o campeão mundial imposto o história mostrar governante cair e perder cabeça exatamente nenhum governante falir reduzir mordomia gabinete secretário adjunto assessorar suporte burocrático respectivo carro motorista 14º e 15º salário etc repúblico redução deputar federar estadual e senador e gabinete profissionalizando-os país sério acabar mordomia câmara senado judiciário e ministério almoço opíparo digestivo e libação acabar centena instituto público e fundação público servir e funcionário e administrador 2º e 3º … escalão empregar redução drástico quantidade vereador e redução salário vereador diminuir gasto câmara municipal e assembleia estadual acabar o financiamento o viver quotização associar e imaginação o exigir conseguir verba atividades aliás o suficiente acabar o distribuição carro o presidente assessorar etc câmara junto etc acabar motorista particular h dia o agravamento horar extraordinário servir excelência filho e família e ex-famílias acabar o renovação sistemático frota carro colocar chapar identificação carro permitir modo algum carro oficiar serviço particular levar e trazer familiar e filho s escola o o mercar o comprar etc levantamento e minucioso ocupar cargo político central e o o real patrimônio governante político e judiciário corrupto urgência reformar necessário e manter preso corrupto condenar passar o brasil o limpar caber o esclarecer mobilização massa e ruir vandalismo black blocs o sociedade manifestar o insatisfação junto mostrar brasil o esclarecer realmente mudar o rumar história urna difícil motivo óbvio encaminhar mensagem contatos cair computador político votar eleição,política,,"
Edgard Matsuki ",https://www.boatos.org/politica/mobilizacao-dia-15-03-internet-deixa-poderosos-congresso-judiciario-preocupados.html
"

Jô Soares revela os podres da TV Globo em vídeo de 2019 #boato 
",Boato – Vídeo mostra Jô Soares falando que TV Globo mantém lista negra de artistas proibidos de aparecer em comerciais em 2019. ,“ jô soar revelar podre globo … ” “ jô soar revelar podre redar globo o apresentador revelar o o globolixo funcionário ” “ jô soar manifesto mostrar podre globo apesar verdade dever desmascarar o caro escondido ” “ deus … conhecer o globo acabar conhecê-la ”,entretenimento,29/11/2019,"
Kyene Becker ",https://www.boatos.org/entretenimento/jo-soares-podres-tv-globo-video-2019.html
É #FAKE que estudo feito em 2005 comprova eficácia da cloroquina contra a Covid-19,"Doença só surgiu no fim do ano passado. Há 15 anos, o medicamento se mostrou eficaz contra o Sars-CoV-1, outro vírus, e somente em laboratório. Como doença foi extinta rapidamente, testes em humanos não progrediram.",circular rede social o cloroquina curar o covid-19 o informação falso basear trabalhar pesquisador atlanta unir e montreal canadá divulgar journal of virology publicação especializar o pesquisar concluir o cloroquina ação o sars-cov o vírus causador síndrome respiratório agudo identificar trata-se coronavírus o provocar o covid-19 – ganhar nomenclatura diferente o eficácia cloroquina atestar cientista laboratório fase pré-clínica humano considerar segurar e eficiente e aprovar utilização população remédio passar fase,ciência, 21/08/2020," Por Roberta Pennafort, CBN ",https://g1.globo.com/fato-ou-fake/coronavirus/noticia/2020/08/21/e-fake-que-estudo-feito-em-2005-comprova-eficacia-da-cloroquina-contra-a-covid-19.ghtml
"

Rodrigo Maia diz, no Twitter, que desviar dinheiro do fundão eleitoral é prejudicial à democracia #boato 
","Boato – Em post no Twitter, Rodrigo Maia afirma que desviar dinheiro do fundão eleitoral prejudica a democracia e deve ser evitado, mesmo que custe vidas.",rodrigar “ desviar o dinheiro fundão eleitoral prejudicial o democracia dever manter pilar intacto custar o vidar brasileiro ” fundãoedemocracia,política,06/04/2020,"
Kyene Becker ",https://www.boatos.org/politica/rodrigo-maia-twitter-desviar-fundao-eleitoral-prejudicial-democracia.html
É #FATO que Exército levou remédios para internados com Covid no RS e SC,Operação buscou medicamentos da fronteira com o Uruguai. Ministério da Saúde confirma a compra para auxiliar estados com baixo estoque.,"mensagem circulação rede social relatar operação exército levar medicamento importar uruguai ministério saudar paciente internar o covid hospital santo catarino e rir sul o mensagem fato o ministério saudar confirmar adquirir parceria empresar uruguaio 54.867 unidade medicamento auxílio intubação paciente uti encontrar gravar grave covid-19 o reforçar entregar sexta-feira s secretariar saudar rir sul e santo catarino estoque medicamento 48.867 unidade propofol priaxim e unidade dexmedetomidina o aquisição custar o o ministério saudar us$ 298,5",saúde, 20/07/2020," Por Roney Domingos, G1 ",https://g1.globo.com/fato-ou-fake/coronavirus/noticia/2020/07/20/e-fato-que-exercito-levou-remedios-para-internados-com-covid-no-rs-e-sc.ghtml
"

Beto Preto, secretário de Saúde do Paraná, escreve mensagem sobre pico da pandemia #boato 
","Boato – Beto Preto, secretário de Saúde do Paraná, escreveu uma mensagem em que aponta que os próximos 30 dias serão do “pico da pandemia do coronavírus” e pede prudência.",mensagem secretariar paraná betar preto irmão amigo familiar enfim – especialista afirmar o amanhã mínimo dia difícil dor perda e remédio diminuir – realizar sério e cuidadoso o isolamento social conversar amigo familiar jovem etc o contágio gigantesco e ar … tossir … espirrar … sola sapato … .sacolas supermercado … embalagem etc junto vencer vírus passar precisar passar perda e sofrimento campanha o compartilhar e enviar mensagem amigo e familiar dia o taxar isolamento social brasil junto forte … esquecer enviar mensagem rede social … cuidar higiene pessoal … lavar mão e evitar tocar rostir fé deus esperar d passar voltar melhorar … preciso mudar e mundo mensagem secretário saudar betar preto chegar o o picar,saúde,18/06/2020,"
Edgard Matsuki ",https://www.boatos.org/saude/beto-preto-secretario-saude-parana-escreve-mensagem-pico-pandemia.html
Ministério da Saúde não está telefonando para oferecer álcool gel e máscara  ,,morador paulo receber dia ligação pessoa passar integrante ministério saudar oferecer álcool gel e máscara pessoa situação riscar dever o o coronavírus.o ministério saudar entanto afirmar telefonema falso,saúde,26/03/2020 16h34Atualizada em 04/06/2020 20h50 ,"Do UOL, em São Paulo",https://noticias.uol.com.br/confere/ultimas-noticias/2020/03/26/ministerio-da-saude-nao-esta-ligando-para-oferecer-alcool-gel-e-mascaras.htm
"

José Sarney fez discurso na ONU falando inglês com forte sotaque #boato 
","Boato – Em reunião da ONU do ano de 1985, José Sarney discursou em inglês e envergonhou brasileiros por conta de sotaque forte.",“ o sarney o discursar onu inglês e o gente passar vergonha ” “ cansar o dilma onu o sarney ”,política,15/10/2019,"
Kyene Becker ",https://www.boatos.org/politica/jose-sarney-discurso-onu-falando-ingles.html
"

Caminhoneiros farão greve em apoio a Bolsonaro e reforma da Previdência #boato 
","Boato – No dia 26/05, os caminhoneiros brasileiros vão se juntar ao presidente Jair Bolsonaro e realizar uma greve em apoio à reforma da Previdência.",“ caminhoneiros ” junto e dia juntar brasileiro caminhoneiros unir junto diverso movimento n dia apoiar bolsonaro caminhoneiros ” “ greve ” o o presidente ” paralisação dia 26/05/2018 greve caminhoneiros forastf greve caminhoneiros dia 26/05/2019 stf senador deputar greve dia 26/05/2019 caminhoneiros aderir,política,20/05/2019,"
Edgard Matsuki ",https://www.boatos.org/politica/caminhoneiros-greve-apoio-bolsonaro.html
"

British Airways faliu, vai fechar e funcionários gravaram vídeo de despedida #boato 
",Boato – Companhia aérea British Airways encerrou atividades e funcionários gravaram vídeo de despedida para clientes.,“ british airways o o mundo inacreditável companhia aéreo lucrar ano triste verdade ”,mundo,06/07/2020,"
Kyene Becker ",https://www.boatos.org/mundo/british-airways-faliu-funcionarios-video-despedida.html
"

Luciano Hang diz que quem não votou em Bolsonaro deixa produtos da Havan com mau cheiro #boato 
","Boato – O dono da Havan, Luciano Hang, disse que quem não votou em Bolsonaro (petistas) não deveria entrar nas loas, pois deixa os produtos com mau cheiro. A declaração foi dada após o rompimento de contrato publicitário com a Globo.",“ gostar bolsonaro dever entrar loja deixar cheirar produto exposto ” palavra luciano hang dono havan romper contratar publicitário o globo ”,política,25/11/2019,"
Raiane Gonoli ",https://www.boatos.org/politica/luciano-hang-quem-nao-votou-bolsonaro-deixa-produtos-mau-cheiro.html
Reportagem de TV italiana sobre vírus criado em laboratório chinês não tem relação com a covid-19,,o reportagem verdade falir cientista criar versão híbrido coronavírus morcegar chino ano e basear estudar revisto científico nature março o periódico esclarecer haver evidência experimentar o pandemia atual e análise posterior pesquisador afirmar o sars-cov-2 fabricar laboratório produzir propositalmente,saúde,2020/03/31,Comprova,https://projetocomprova.com.br/publicações/reportagem-de-tv-italiana-sobre-virus-criado-em-laboratorio-chines-nao-tem-relacao-com-a-covid-19/
RN quer multar em até R$ 25 mil quem compartilhar fake news sobre covid-19  ,,decretar publicar o governar rir norte estipular multar compartilhar notícia falso referente covid-19 o doença causar coronavírus o mínimo multar r$ pessoa físico o r$ pessoa jurídicas).o prorrogar maio medir restritivo contar pandemia e estabelecer n decretar medir o divulgação proposital desinformação,saúde,05/05/2020 16h18 ,"Do UOL, em São Paulo",https://noticias.uol.com.br/politica/ultimas-noticias/2020/05/05/compartilhar-fake-news-sobre-coronavirus-pode-dar-multa-de-r-25-mil-no-rn.htm
É #FAKE que Lula foi convidado a falar na ONU após repercussão de discurso de Bolsonaro,"Ex-presidente foi chamado para participar de um seminário virtual que teve apenas o apoio da relatoria especial das Nações Unidas para o Direito à Educação, segundo o Instituto Lula. E convite foi anterior a pronunciamento de Bolsonaro. Ou seja, não há nenhuma relação entre os dois, como diz mensagem falsa.",circular rede social mensagem o ex-presidente luiz inácio lula silvar convidar o falar organização nação unir o discursar presidente jair bolsonaro abertura 75ª assembleia entidade n semana considerar fiasco lula fato convidar evento apoiar relatoria onu o instituto lula o falir bolsonaro ocorrido terça-feira o ex-presidente discursar abertura seminário virtual “ educação e sociedade querer ” e discorrer experiência presidência campar educação lula destacar feito governar setor o aumentar aluno pobre universidade e o abertura escola técnico e profissionalizantes o ex-ministro educação lula fernando haddad chamar o tomar evento virtual mesa “ político e mecanismo garantir educação qualidade igualitário e inclusivo ”,política, 25/09/2020," Por Roberta Pennafort, G1 ",https://g1.globo.com/fato-ou-fake/noticia/2020/09/25/e-fake-que-lula-foi-convidado-a-falar-na-onu-apos-repercussao-de-discurso-de-bolsonaro.ghtml
"
  Vídeo viralizado omite o tema abordado por Lula, que era a criação de uma frente ampla","Publicações compartilhadas mais de 76 mil vezes nas redes sociais citam uma frase do ex-presidente Lula sobre “não enganar o povo mais uma vez”, dita em uma entrevista concedida ao jornal El País no último dia 7 de outubro. Os vídeos, contudo, não mostram a fala completa do líder petista: ao abordar a criação de uma frente ampla em oposição ao presidente Bolsonaro, Lula disse que isto só faria sentido se fosse para “devolver os direitos ao povo trabalhador”.Envie-nos por WhatsApp Email",“ lula afirmar ‘ enganar o ’ ufa ” e “ ‘ idade viver experiência e enganar o ’ assumir lula entrevisto o o el pai o cachaceiro enganir ninguém ” legendar acompanhar vídeo e memes postagens compartilhar milhar facebook dia o declaração ex-presidente viralizou instagram twitter e youtube alcançar milhar interações horar dia outubro o ex-presidente lula 2003-2011 participar entrevisto vídeo o jornal el país abordar temer eleição unir e brasil o ficar presar e o criação frente amplo o atual presidente jair bolsonaro,brasil,9/10/2020 às 17:06,AFP Brasil,https://checamos.afp.com//video-viralizado-omite-o-tema-abordado-por-lula-que-era-criacao-de-uma-frente-ampla
"
  Não é verdade que Fauci sabia há 15 anos que a hidroxicloroquina “cura” o coronavírus","Publicações compartilhadas dezenas de vezes desde maio de 2020 asseguram que o principal especialista em doenças infecciosas dos Estados Unidos, Anthony Fauci, sabe há 15 anos que a cloroquina, ou a hidroxicloroquina, são um tratamento efetivo contra os coronavírus, e citam um artigo acadêmico de 2005 como prova. O estudo no qual as postagens se baseiam foi realizado apenas com a cloroquina e em laboratório, não em humanos. Além disso, a revista na qual foi publicado não tem a ver com Fauci nem com o instituto de saúde que ele comanda desde 1984.Envie-nos por WhatsApp Email",“ fauci aprovar o hidroxicloroquina haver ano curar coronavírus ” o título publicação compartilhar facebook explicar o atual conselheiro o pandemia covid-19 unir anthony fauci supostamente conhecer o eficácia cloroquina e hidroxicloroquina tratamento coronavírus e ocultar o texto justificar “ o virology journal o publicação oficial instituto nacional saudar dr fauci publicar o artigo sucesso agostar o cabeçalho prepare-se “ o cloroquina potente inibidor infecção e disseminação coronavírus sars ” “ significar claro o dr fauci foto haver ano o cloroquina e o hidroxicloroquina derivar suave hcq tratar casar atual coronavírus ‘ terapêutico ’ prevenir caso futuro ‘ profiláticos ’ o hcq funcionar curar e vacinar palavra drogar maravilhoso o coronavírus ” continuar o postagem,saúde,11/08/2020 às 20:45,AFP Austrália,https://checamos.afp.com//nao-e-verdade-que-fauci-sabia-ha-15-anos-que-hidroxicloroquina-cura-o-coronavirus
"

Rui Costa demitiu Dra. Raíssa Soares por causa de vídeo sobre cloroquina #boato 
","Boato – Médica Raíssa Soares foi demitida pelo governador Rui Costa, em Porto Seguro (BA), após gravar vídeo sobre cloroquina.",“ o governador petista ruir costa mandar demitir dr raissa soar chamar vídeo bolsonaro – e haver acreditar haver boicotar o o governar e o o medicamentar presenciar hoje o patrocínio governador genocídio vestir país ” “ o dia 30/06 o dr raissa soar médico prestar atendimento hospital eduardo magalhães portar segurar gravar vídeo explicar o situação caótico saudar município e apelar o presidente bolsonaro ajudar o presidente bolsonaro falar o o telefonar dr raissa e atender o o pedir enviar medicação o município entretanto agradar o direção hospital e o governador bahia ruir costa infelizmente hoje receber o notícia o dr raissa demitir buscar socorrer medicação hidroxicloroquina paciente olhar chatear situação assemelhar o o governar chinês médico alertar o população início pandemia coronavírus chino prender médico denunciar o perigar vírus acontecer brasil perseguição prisão e demissão cadê o ministério público ”,política,02/07/2020,"
Kyene Becker ",https://www.boatos.org/politica/rui-costa-demitiu-dra-raissa-soares-video-cloroquina.html
É #FAKE que promotores em ato pró-Dilma em 2016 são do RJ e agora investigam Flávio Bolsonaro,Imagem que circula em redes sociais é de promotores de Minas Gerais. ,circular rede social imagem manifestante camiseta mp e o golpe o mensagem pessoa foto favorável ex-presidente dilma rousseff promotor justiçar rir janeiro investigar o senador eleito flávio bolsonaro psl-rj o imagem circulação realmente retratar integrante ministério público rir janeiro ministério público minar gerar o equipar fato fake procurar o assessoria ministério público minar gerar indicar o promotor walter freitas promotor foto registrar março esclarecer o foto referir s manifestação ocorrido minar gerar época impeachment ex-presidente dilma roussef e pessoa retratar promotor e procurador minar gerar manifestação desprovido caráter partidário e exercício liberdade expressão conformar analisar corregedoria nacional ministério público freitas,política, 21/01/2019," Por Roney Domingos e Hellen Guimarães, G1 e O Globo ",https://g1.globo.com/fato-ou-fake/noticia/2019/01/21/e-fake-que-promotores-em-ato-pro-dilma-em-2016-sao-do-rj-e-agora-investigam-flavio-bolsonaro.ghtml
"
  A foto de Carlos Bolsonaro na frente de vários celulares é, na verdade, uma montagem","Uma fotografia compartilhada milhares de vezes nas redes sociais desde o último dia 27 de maio mostra o filho do presidente Jair Bolsonaro e vereador licenciado do Rio de Janeiro, Carlos Bolsonaro, supostamente administrando vários celulares em uma mesa. A imagem, contudo, foi manipulada digitalmente e, originalmente, é de uma mulher trabalhando nas chamadas “click farms” na China.Envie-nos por WhatsApp Email",“ o o bolsonaro o ” legendar publicação compartilhar facebook acompanhar foto carlos bolsonaro o filhar presidente jair bolsonaro celular administrando-os “ palácio planalto residência d ” “ gente desmontar o brinquedoteca d menino cê mau sic ” e “ sera o alexandre moraes foto carluxo exército robô ” comentário postagens usuário desconfiar imagem demonstrar indignação fato página divulgar “ fake news ” “ bolsonaro e filho foto ta parecer montagem … sic ” “ fake entrar jogar ” e “ propagar fake crime compartilhar e criminoso o perguntar … espalhar fake ”,brasil,29/05/2020 às 17:46,AFP Brasil,https://checamos.afp.com//foto-de-carlos-bolsonaro-na-frente-de-varios-celulares-e-na-verdade-uma-montagem
É falso que Ford vai deixar de produzir veículos de passageiros globalmente,,tuíte ex-ministro educação governar bolsonaro esconder o empresar decidir aumentar investimento continuar produzir carro país vizinho argentino e uruguai,política,2021/01/15,Comprova,https://projetocomprova.com.br/publicações/e-falso-que-ford-vai-deixar-de-produzir-veiculos-de-passageiros-globalmente/
É #FAKE que transporte de urnas em Fortaleza aponte fraude eleitoral,Vídeo que circula nas redes mostra urna no fundo de uma caminhonete. A substituição de urnas defeituosas ao longo do dia da eleição é procedimento padrão da Justiça Eleitoral.,circular rede social vídeo mostrar urna eletrônica fundir caminhonete imagem mulher afirmar o urna transportar fraudar o texto acompanhar o vídeo afirmar descobrir o máfia urna adulterar e pessoa responsável transportar urna cabo eleitoral sarto candidatar pdt prefeitura fortalezar o tribunal regional eleitoral cear tre-ce entanto o acontecer substituição urna eletrônica procedimento padrão justiçar eleitoral durante o dia eleição urna defeituoso substituir,política, 29/11/2020," Por Isabela Aleixo, O Globo ",https://g1.globo.com/fato-ou-fake/noticia/2020/11/29/e-fake-que-transporte-de-urnas-em-fortaleza-aponte-fraude-eleitoral.ghtml
Vídeo da campanha de Russomanno usa informação falsa em ataque a Boulos  ,,vídeo circular whatsapp e postar campanha celso russomanno republicano perfil o selar propaganda eleitoral feito associação falso o adversário guilherme boulos psol e prédio irregularmente ocupar desabar centrar paulo 2018.o vídeo ligar o candidatar psolista o o edifício wilton paes almeida largar paissandu desabar madrugar 1º maio d ano incêndio o tragédia deixar morto e desaparecido,política,30/10/2020 21h15 ,"Colaboração para o UOL, em São Paulo",https://noticias.uol.com.br/confere/ultimas-noticias/2020/10/30/video-da-campanha-de-russomanno-usa-informacao-falsa-em-ataque-a-boulos.htm
É #FAKE que voto é facultativo nesta eleição para todos os eleitores com mais de 60 anos em razão da pandemia,"Voto só é facultativo para analfabetos, para quem tem mais de 70 anos e para maiores de 16 e menores de 18 anos, segundo a Constituição.",post compartilhar whatsapp e facebook “ n ano virtude pandemia covid-19 o eleitor ano ficar isentar punição previsto código eleitoral graça o o projeto lei 3833/20 ” diferentemente afirmar o post o constituição federal prever artigo o votar obrigatório ano e facultativo analfabeto ano e e ano ano o o votar n domingo o projeto lei citar realmente apresentar câmara deputar deputar federal pompeu mattos pdt-rs dia julho todavia aguardar despachar presidente casar rodrigar maio dem-rj o proposto sequer analisar algum comissão legislativo e previsão votar,política, 14/11/2020," Por Léo Arcoverde, GloboNews ",https://g1.globo.com/fato-ou-fake/noticia/2020/11/14/e-fake-que-voto-e-facultativo-nesta-eleicao-para-quem-tem-mais-de-60-anos-em-razao-da-pandemia.ghtml
"
  Imagem feita na Lituânia em 2020 circula como se fosse de manifestantes pró-Bolsonaro em 2021","A fotografia de um comboio em que se vê motociclistas e pessoas em parapentes acompanhada da alegação de que se trata de apoiadores do presidente Jair Bolsonaro saindo de Porto Velho foi compartilhada mais de 18 mil vezes nas redes sociais desde o último dia 7 de maio. Mas isso é falso. Com registros que datam de agosto de 2020, a imagem é de manifestantes na Lituânia durante um ato em apoio aos reformistas de Belarus.Envie-nos por WhatsApp Email","“ hj motoqueiro sair portar velho ro p bolsonaro,,,,inauguração pontar abunã ligar o acre ” afirmar legendar postagens somar interações facebook instagram e twitter foto circular inglês o afirmação feito áfrico sul protestar o violência agricultor país maio jair bolsonaro realmente participar inauguração pontar abunã ligar acre e rondônia durante o andar motocicleta acompanhar empresário luciano hang",brasil,10/05/2021 às 20:55,"Tendai Dube, AFP África do Sul, AFP Brasil",https://checamos.afp.com//imagem-feita-na-lituania-em-2020-circula-como-se-fosse-de-manifestantes-pro-bolsonaro-em-2021
"

Pessoas estão se contaminando em casa por não usar máscara para limpar compras de mercado #boato 
",Boato – Pessoas estão se infectando com o novo coronavírus em casa porque estão higienizando alimentos comprados no mercado sem máscara de proteção. ,“ pessoal receber mensagem amigo sentir pessoa infectar e garantir isolar e o único contaminar d “ familia prestar atenção n mensagem haver reunião trabalhar c equipar medicos q estao assessorar o cesar avisar q mta gente ta o covid seguinte qdo receber o feirar casar qdo comprar mercar e chegar casar retirar o máscara limpar produto o vírus q produto contaminar vc entao o lembrar o limpeza produto o máscara e retira-la qdo terminar o higienizacao ”,saúde,12/05/2020,"
Kyene Becker ",https://www.boatos.org/saude/nao-usar-mascara-limpar-compras-mercado-pegar-coronavirus.html
"

Compartilhe mensagem para fazer bypass do Facebook e fugir de novo algoritmo #boato 
",Boato – Compartilhe um alerta sobre novo algoritmo do Facebook para fazer o bypass e pode enviar mensagens para mais de 25 pessoas.,finalmente conseguir o o bypass perguntar ridículo amigo e permissão postagens ignorar posts funcionar dica contornar o facebook … perfil totalmente postagens pessoa vir o algoritmo facebook escolher pessoa – cercar – postagens manter o dedo d postagem e clicar “ copiar ” o página “ o mentir ” tocar o dedo campar vaziar clicar colar contornar o olá e velho amigo olá olá,entretenimento,31/10/2020,"
Edgard Matsuki ",https://www.boatos.org/tecnologia/compartilhe-text-bypass-algoritmo-facebook.html
"Coronavírus na Espanha: após pico de mortes, 4 passos ao ""desconfinamento""  ",,dia quarentenar rígido sábado maio espanhol sair s ruir exercício passar direção o o desconfinamento acontecer semana repleto notícia o emergência decretar março o alto hospitalar superar o contágio dia seguir horar 2.570 curar e 1.147 positivo coronavírus símbolo guerra o doença o hospital campanha montar pavilhão evento ifema madri desativado curar 3.750 paciente covid-19 o morto diário abaixar casar país o necrotério improvisar pistar patinação gelar capital deixar necessário condição normal único pessoa ano costumar circular ruir barcelona viver haver década horar manhã quase voltar algum festa hoje entanto n sábado ensolarado escrever texto despertador ecoar o raio sol horário permitir ano exercício o o ar livrar s horar e s contar turno especial e horar e s família criança dono ruir e horar,saúde,03/05/2020 04h00 ,Adriana Setti,https://www.uol.com.br/nossa/noticias/redacao/2020/05/03/coronavirus-na-espanha-apos-pico-de-mortes-4-passos-a-nova-normalidade.htm
"Trump e Melania foram vacinados contra Covid-19 em janeiro, diz assessor","Eles receberam primeira dose quando ainda estavam na Casa Branca, mas não foi divulgado qual imunizante foi aplicado. Ex-presidente e ex-primeira dama tiveram a doença em outubro de 2020; Trump chegou a ser hospitalizado. ",o ex-presidente unir donald trump e mulher melania vacinar covid-19 janeiro assessor imprensar n segunda-feira 1º receber o dosar casar branco divulgar época informar o vacinar receber – laboratório pfizer moderno – o casal tomar o dosar trump melania covid-19 outubro o ex-presidente chegar o hospitalizar e o ex-primeira-dama sintoma leve e tratar casar o filhar casal baron o doença receber alto trump imune doença o corretar contaminar e covid-19,saúde, 01/03/2021 19h36 , Por G1 ,https://g1.globo.com/mundo/noticia/2021/03/01/trump-e-melania-foram-vacinados-contra-covid-19-em-janeiro-diz-assessor.ghtml
Relator quer permitir saques mensais do FGTS a quem teve salário reduzido  ,,o relator medir provisório autorizar o sacar emergencial r$ 1.045 fgts fundir garantir serviço deputar marcel van hattem novo-rs propor mudança texto trabalhador redução salário suspensão contratar trabalhar direito sacar recurso contar fgts complementar o render texto relator o trabalhador sacar mensalmente equivalente o o necessário recompor salário redução suspensão contratar o sacar correspondente o o salário trabalhador saque mensal fgts seriar permitir durar o redução salário o suspensão contratar trabalhar o governar criar o sacar emergencial fgts apoiar trabalhador n crise causar pandemia coronavírus mp sacar r$ 1.045 fundir acordar calendário seguir o datar nascimento trabalhador,saúde,29/07/2020 14h09 ,Antonio Temóteo,https://economia.uol.com.br/noticias/redacao/2020/07/29/fgts-completar-renda-salario-reduzido-contrato-suspenso.htm
"Alcolumbre retira de pauta, e MP que flexibiliza regras trabalhistas na pandemia perderá validade",Texto passou pela Câmara e precisaria ser aprovado também pelo Senado até o próximo dia 19. Alcolumbre disse que Casa não votará proposta; não houve consenso entre parlamentares.,o presidente senado davi alcolumbre dem-ap decidir n quarta-feira retirar pautar votação casar o medir provisório editar presidente jair bolsonaro flexibilizar regrar trabalhista durante o pandemia coronavírus alcolumbre o texto pautar perder validade dia medir provisório forçar lei publicar diário oficial união precisar aprovar dia virar lei definitivo o mp chegar o aprovar câmara deputar o aval senado perder o efeito alcolumbre decidir retirar o medir pautar votação constatar haver acordar líder partidário o votação projeto,política, 15/07/2020 21h57 ," Por Gustavo Garcia, G1 — Brasília ",https://g1.globo.com/politica/noticia/2020/07/15/alcolumbre-retira-de-pauta-e-mp-sobre-regras-trabalhistas-durante-pandemia-perdera-validade.ghtml
Bolsonaro diz que 'namora' Patriota e quer ser 'autoridade no partido'  ,,"O presidente Jair Bolsonaro (sem partido) disse que deve decidir o seu futuro partido até o mês que vem, mas adiantou que ""namora com um tal de Patriota"" e que deseja ser ""autoridade"" na nova sigla, durante entrevista ao ""Brasil Urgente"", da TV Bandeirantes, na tarde de hoje.""Eu pretendo definir o meu futuro partido em março, mas estou namorando alguns partidos, dentre eles, um tal de Patriota. Agora, eu não posso ir para um partido e não ser autoridade nesse partido. No PSL, eu não era autoridade"", reclamou ele. ""Eu prefiro partido menor, mas o que acontece? Vou conversar [primeiro] com alguns deputados, uns 30, com quem eu tenho contato, que trabalham comigo, para decidir sozinho. Eu vou conversar com eles antes para a gente disputar as eleições"", completou, em seguida. Bolsonaro admitiu que o Patriota, com quem diz estar namorando, e ""não noivo ainda"", tem pouco espaço na televisão e poucos recursos para campanhas. ""O Patriota tem dez segundos de televisão. E fundo partidário praticamente não existe"", ressaltou.",política,08/02/2021 18h11 ,08/02/2021 18h11 ,https://noticias.uol.com.br/politica/ultimas-noticias/2021/02/08/bolsonaro-diz-que-namora-patriota-e-quer-ser-autoridade-no-partido.htm
Mortes por covid-19 na Europa entre maiores de 80 anos cai para seu nível mais baixo  ,,o proporção morte covid-19 europa idoso ano cair o início pandemia representar graça vacinação hoje o diretor regional oms hans kluge o tendência pessoa ano distanciar tendência observar faixar etário o consequência proporção vacinação n alto riscar afirmar hans kluge coletiva imprensar online atenas o seção europa organização mundial saudar início abril registrar o caso preocupante aumentar rápido e contínuo sinal alertar indicar o transmissão diminuir país acrescentar,saúde,15/04/2021 13h23 ,15/04/2021 13h23 ,https://noticias.uol.com.br/saude/ultimas-noticias/afp/2021/04/15/mortes-por-covid-na-europa-entre-maiores-de-80-anos-em-seu-nivel-mais-baixo.htm
A luta para remover do TikTok vídeo de suicídio que viralizou,"As imagens foram vistas por crianças, que se disseram traumatizadas pelo que assistiram.",o site compartilhamento vídeo tiktok retirar ar imagem mostrar homem suicidar o vídeo circular plataforma haver dia surgir originalmente facebook e compartilhar twitter e instagram o tiktok popular jovem — e vestir imagem e ficar traumatizar o app prometer suspender contar reproduzir o vídeo,política, 08/09/2020 13h57 , Por BBC ,https://g1.globo.com/economia/tecnologia/noticia/2020/09/08/a-luta-para-remover-do-tiktok-video-de-suicidio-que-viralizou.ghtml
Maduro suspende toque de recolher fronteiriço por Covid-19 e flexibiliza lockdown,"Desde junho, o presidente da Venezuela aplica um esquema de sete dias de confinamento radical alternados com sete dias de flexibilização.",o presidente venezuelano nicolás madurar anunciar n domingo suspender o tocar recolher impor município fronteiriço o brasil e o colômbio pandemia e flexibilizar quarentenar vigorar dezembro madurar aplicar junho esquema chamar dia confinamento radical obrigar o fechamento comércio exceto supermercado farmácia e estabelecimento considerar essencial alternar dia flexibilização permitir abertura d estabelecimento o retomar janeiro forçar disciplinar e consciência acrescentar pandemia e falso promessa o ninguém o venezuela celebrar domingo eleição legislativo e dia candidato organizar comício multitudinário o distanciamento social inexistente e presente máscara obrigatório,saúde, 29/11/2020 21h24 , Por France Presse ,https://g1.globo.com/bemestar/coronavirus/noticia/2020/11/29/maduro-suspende-toque-de-recolher-fronteirico-por-covid-19-e-flexibiliza-lockdown.ghtml
"Coronavírus: covid-19 já mata mais por dia que a tuberculose, doença infecciosa mais letal do mundo  ",,"o morto dia covid-19 o médio diário morto tuberculose o doença infeccioso letal mundo quarta-feira 1º abril 4,6 morto centrar europeu prevenção e controlo doença ecdc sigla inglês compilar plataforma the world on datar universidade oxford reinar unir n quinta-feira abril haver ultrapassar o marcar morto dia o organização mundial saudar oms o tuberculose matar cercar 1,5 milhão pessoa mundo 4,1 dia disponível precisar ressalvar entanto o covid-19 doença e real letalidade o o pandemia",saúde,02/04/2020 13h29 ,Luis Barrucho,https://noticias.uol.com.br/saude/ultimas-noticias/bbc/2020/04/02/coronavirus-covid-19-ja-mata-mais-por-dia-que-a-tuberculose-doenca-infecciosa-mais-letal-do-planeta.htm
Reportagem do UOL sobre dossiê antifascista recebe prêmio Patrícia Acioli  ,,o reportagem colunista rubens valente uol ação sigiloso governar mirar professorar e policiar antifascista premiar o colocação 9ª edição prêmio patrício acioli direito humano o honrar concedido amaerj associação magistrado rir janeiro o coluna revelar o existência produção dossiê listava servidor público o d ligar o o movimentar policiar antifascismo professorar e ex-secretário nacional o divulgação e o proporção tomar casar o ministério justiçar acionado stf supremo tribunal federal o o analisar o decidir ordenar o encerramento trabalhar levantar informação cidadão justificativo aceitável,política,11/11/2020 17h58 ,Do UOL,https://economia.uol.com.br/noticias/redacao/2020/11/11/reportagem-do-uol-sobre-dossie-antifascista-recebe-premio-patricia-acioli.htm
Trump acusa FDA de reduzir velocidade dos testes de vacina para covid-19  ,,washington reuters o presidente unir donald trump acusar n sábado membro profundar órgão vigilância sanitário food and drug administration fda fornecer evidência trabalhar retardar o testar vacinar covid-19 eleição presidencial novembro postagem twitter trump o profundar fda tornar difícil empresar farmacêutico inscrever pessoa ensaio clínico testar vacinar e terapia o coronavírus o comentário vir o reuters publicar matéria exclusivo quinta-feira alto funcionário fda renunciar o administração trump aprovar vacinar mostrar seguro e eficaz obviamente esperar adiar o respostar novembro concentrar velocidade e salvar vidar escrever trump marcar o comissário fda stephen hahn tuíte,saúde,22/08/2020 14h28 ,22/08/2020 14h28 ,https://noticias.uol.com.br/ultimas-noticias/reuters/2020/08/22/trump-acusa-fda-de-reduzir-velocidade-dos-testes-de-vacina-para-covid-19.htm
Escola de Campinas suspende aulas após surto de covid; MP pede explicação  ,,"O MP-SP (Ministério Público de São Paulo) pediu explicações a dois colégios de Campinas (SP) após ambos suspenderem as aulas presenciais devido a casos de covid-19 entre alunos e funcionários. De acordo com o pedido do promotor Rodrigo Augusto de Oliveira, o Instituto Educacional Jaime Kratz, o Colégio Farroupilha e a Diretoria de Ensino devem informar em até 10 dias detalhes sobre as transmissões e os protocolos de segurança sanitária adotados pelas escolas para prevenção à disseminação do coronavírus. O promotor solicitou ainda que a Vigilância Sanitária faça uma vistoria nas duas escolas, com envio do respectivo relatório ao MP.",saúde,03/02/2021 09h35Atualizada em 03/02/2021 15h10 ,03/02/2021 09h35Atualizada em 03/02/2021 15h10 ,https://noticias.uol.com.br/saude/ultimas-noticias/redacao/2021/02/03/escola-de-campinas-suspende-aulas-apos-surto-de-covid-mp-cobra-explicacoes.htm
Portugal é estimulado a buscar ajuda internacional conforme mortes por covid-19 batem recorde  ,,o governar portugal estimular o transferir paciente covid-19 país n terça-feira conformar morte doença atingir alto recordar e o fornecimento oxigênio hospital região lisboa falhar contar excessivo fatalidade covid-19 horar chegar o o recordar trazer o total país 653.878 caso e 11.012 morte o país o médio semanal caso e morte milhão pessoa acordar o ourworldindata.org o hospital município amador transferir paciente unidade saudar capital noite terça-feira o pressão oxigênio suficiente paciente noto instituição,saúde,26/01/2021 21h12 ,26/01/2021 21h12 ,https://noticias.uol.com.br/ultimas-noticias/reuters/2021/01/26/portugal-e-estimulado-a-buscar-ajuda-internacional-conforme-mortes-por-covid-19-batem-recorde.htm
Cinco fatos que explicam as eleições municipais deste ano  ,,o dia eleição municipal brasil terminar atípico atrasar apuração e resultar lido presidente tribunal superior eleitoral tse problema resultar avançar esquerdo e centrar turno capitar e o derretimento candidato colar o jair bolsonaro principal turno eleição brasil tribunal superior eleitoral tse passar problema durante o horário votação eleitor enfrentar instabilidade o aplicativo e-título o atrapalhar justificativo e o verificação seções eleitoral e novamente horar apuração o divulgação resultar ficar paralisar,política,16/11/2020 04h00Atualizada em 16/11/2020 08h19 ,Carolina Marins,https://noticias.uol.com.br/eleicoes/2020/11/16/cinco-fatos-que-explicam-as-eleicoes-municipais-deste-ano.htm
EUA registram 1.813 mortes causadas pelo coronavírus em 24 horas  ,,o morte causar coronavírus horar unir subir 1.813 hoje o cifrar registrar 1.894 o elevar o total vítima fatal país o 84.059 informação calcular e publicar universidade johns hopkins o país o afetado mundo morte e caso covid-19 e registrar 1.389.935 infectar acordar o centrar baltimore membro família morream decorrência covid-19 unir intervalar dia,saúde,13/05/2020 22h12 ,13/05/2020 22h12 ,https://noticias.uol.com.br/ultimas-noticias/afp/2020/05/13/eua-registra-1813-mortes-por-coronavirus-em-24-horas.htm
Falta de vacinas afeta aplicação da 2ª dose contra Covid em 7 capitais ,Maioria enfrenta esvaziamento no estoque da CoronaVac. Teresina interrompe totalmente a campanha de imunização contra a pandemia.,problema estoque secretariar estadual saudar interromper o aplicação dosar vacinar o covid capitar teresina interromper o vacinação dose vacinar fortalezar interromper o aplicação dose o coronavac o aplicação dosar o vacinar astrazeneca continuar o dosar imunizante d laboratório suspenso portar alegrar o aplicação dosar coronavac suspenso o aplicação dosar o imunizante astrazeneca continuar,saúde, 30/04/2021 17h51 , Por G1 ,https://g1.globo.com/bemestar/vacina/noticia/2021/04/30/falta-de-vacinas-afeta-aplicacao-da-2a-dose-contra-covid-em-6-capitais.ghtml
"Em meio à pandemia, Papa diz que vida é medida pelo amor  ",,celebração domingo ramo início semana santo o papar francisco prestar solidariedade novamente o sofrer e pandemia coronavírus sars-cov-2 e afirmar n o vidar medir amor hoje drama pandemia desmoronar expectativa trair sentir abandonar prender coração jesus o coragem abrir o coração o o amor sentir o consolar deus sustentar o pontífice durante o missar basílica pedrar realizar o presença fiel francisco afirmar pessoa mundo amar o deus e o permanecer o restar passar o drama passar levar o levar o sério o sério o perder trivial o redescobrir o vidar inútil servir o vidar medir amor explicar o santo padrar pedir durante período isolamento domiciliar fiel lembrar sentir encurralar encontrar beco sair luzir sair deus responder lembremo-nos o propagação covid-19 doença provocar coronavírus obrigar o vaticano o realizar mudança drástico semana santo habitualmente reunir milhar pessoa n domingo abrir celebração fiel participar missar ramo mão praça pedrar entanto francisco presidir o cerimônia cardeal diácono e religioso corar reduzir o basílica decorar oliveira e plantar n cenário jorge bergoglio destacar o importância oração atenção o o e permanecer crucifixo medir amor deus deus servir o vidar pedir o graça viver servir procurar contatar sofrer e necessitar pensar n apelar homiliar o papar alusão o o sofrimento interior viver milhar pessoa parecer beco sair e solidão jesus experimentar o abandonar total o situação estranho o solidário conosco mim ti temer declarar,saúde,05/04/2020 09h51 ,05/04/2020 09h51 ,https://noticias.uol.com.br/ultimas-noticias/ansa/2020/04/05/em-meio-a-pandemia-papa-diz-que-vida-e-medida-pelo-amor.htm
Deputado sugere receber à bala presos que ganharem indulto de Natal  ,,o deputar federal licenciar rogério pena mendonça mdb sc sugerir preso receber indultar natal recebido balir o o deixar presídio pena rede social publicar o imagem pistola glock ler o mensagem vir o mim contemplar indultar natal e luzir enviar publicação o parlamentar escrever solução receber casar visitante inesperado indultar natal,política,22/12/2020 19h56 ,André Borges,https://noticias.uol.com.br/ultimas-noticias/agencia-estado/2020/12/22/deputado-sugere-receber-a-bala-presos-que-ganharem-indulto-de-natal.htm
Mortalidade em UTIs públicas para covid-19 é o dobro de hospitais privados  ,,"paciente internar uti unidade terapia intensivo covid-19 o dobrar taxar mortalidade hospital público comparação privar projeto utis brasileiro produzir amib associação medicinar intensivo brasileiro informação colhido 13.941 paciente tratar o coronavírus o taxar mortalidade unidade privar ficar 19,5 hospital público chegar o 38,5 — o índice referente o sair uti 1º março o maio período registrar filar esperar terapia intensivo indicador levantamento ajudar o entender o motivar mortalidade alto pessoa o doença o principal d referente o demorar acesso o serviço aumentar o gravidade paciente chegar tratamento leito terapia intensivo serviço público marcador indicar o gravidade paciente o o chegar uti escorar sofa critério pontuação base avaliação diverso parâmetro paciente casar utis público escorar médio paciente chegar ficar 5,7 quase o dobrar 3,1 paciente redar privar casar d índice gravar",saúde,21/06/2020 04h00 ,Carlos Madeiro,https://noticias.uol.com.br/saude/ultimas-noticias/redacao/2020/06/21/mortalidade-em-utis-publicas-para-covid-19-e-o-dobro-de-hospitais-privados.htm
Litoral de SP: Casos de dengue dificultam trabalho de médicos na pandemia  ,,bastar infecção coronavírus lotar hospital paulo cidade baixar santista litoral paulista caso dengue e chikungunya dificultar o dia o dia médico e enfermeiro unidade saudar o problema principal comedir triagem paciente chegar o posto saudar sintoma dengue e chikungunya transmitir picar insetos família gênero aedes semelhante o sintoma covid-19 doença causar mal-estar febre dor cabeça e dor corpo diretor pronto-socorro municipal cubatão o médico felipe mendes contar comum caso dengue e chikungunya crescer durante o principalmente causar chuva frequente produzir água parar determinar locar mosquito reproduzir,saúde,29/03/2021 04h00 ,Leonardo Martins ,https://noticias.uol.com.br/saude/ultimas-noticias/redacao/2021/03/29/dengue-chikungunya-pandemia-baixada-santista.htm
"Reino Unido deve ter pico de mortes em 'duas ou três semanas', diz governo  ",,sir patrick vallance o principal consultor científico governar reinar unir o país preparar lidar aumentar morte coronavírus o d semana achar semana difícil e aumentar adicional durante coletiva imprensar governar observar o efeito caso comunidade esperar medir vigor causar quedo acentuar infelizmente morte esperar haver diminuição gradual picar vallance prever o vírus atingir o picar semana d acreditar haver lento diminuição morte o reinar unir registrar morte covid-19,saúde,13/04/2020 15h13 ,13/04/2020 15h13 ,https://noticias.uol.com.br/internacional/ultimas-noticias/2020/04/13/reino-unido-deve-ter-pico-de-mortes-em-duas-ou-tres-semanas-diz-governo.htm
Polícia argentina detém 200 pessoas que violaram ordem de isolamento  ,,o polícia argentino prender hoje pessoa violar o ordem isolamento preventivo e obrigatório evitar o propagação coronavírus província buenos aires haver denúncia pessoa fugir quarentenar d o o pessoa detido resistir s autoridade,saúde,20/03/2020 20h15 ,20/03/2020 20h15 ,https://noticias.uol.com.br/internacional/ultimas-noticias/2020/03/20/policia-argentina-detem-200-pessoas-que-violaram-ordem-de-isolamento.htm
Jair Bolsonaro confunde bagunça com atividade  ,,bolsonaro o presidente incompreendido bolsonaro conhecer omisso pensar o capitão revela-se capaz quase exceto decidir pagar o contar render cidadão render brasil e bicar voltar o bolsar família o idear financiar o bondade o maldade congelamento aposentadoria ano receber cartão vermelhar bolsonaro manifestou-se rede social e cercadinho alvorar tropeçar óbvio o o passear twitter postar o auxílio emergencial durar — infelizmente demagogo e comunista o presidente escrever referia-se decertar demagogia e o o comunismo pautar o reação mercar financeiro o rapaziada mercar enxergar ciclismo orçamentário idear bancar o bolsar família beiço precatório e tungando pedaço orçamentar fundeb fundir educacional submeter s regrar teto gasto o governar apresentar nenhum cortar gastar calote e pedalar fiscal bolsonaro avaliar merecer crítico mercar preferir ouvir sugestão lamentar o imprensar apresentar opção atender o milhão desassistir deixar receber o auxílio emergencial janeiro,política,29/09/2020 21h11 ,29/09/2020 21h11 ,https://noticias.uol.com.br/colunas/josias-de-souza/2020/09/29/jair-bolsonaro-confunde-bagunca-com-atividade.htm
Lula diz que Bolsonaro deveria tomar uma sopa feita de cloroquina  ,,o ex-presidente luiz inácio lula silvar sugerir hoje twitter o presidente jair bolsonaro dever tomar sopa feito cloroquina remédio defender governar combater o o coronavírus comprovação científico eficácia tratamento covid-19 virar quantidade remédio o bolsonaro receber eua dever cloroquina comprar sopa e tomar remédio cientista dever impichado o quantidade sandice falir ... escrever lula menção o milhão dose hidroxicloroquina — derivar cloroquina — o brasil receber unir segunda-feira o ministério exterior demonstração solidariedade país lutar o pandemia,saúde,04/06/2020 12h40Atualizada em 06/06/2020 06h14 ,04/06/2020 12h40Atualizada em 06/06/2020 06h14 ,https://noticias.uol.com.br/politica/ultimas-noticias/2020/06/04/lula-diz-que-bolsonaro-deveria-tomar-uma-sopa-feita-de-cloroquina.htm
Casais que enfrentam juntos doenças crônicas,Estudo mostra como marido e mulher lidam com o desafio de formas diferentes,“ riqueza e pobreza saudar e doença ” conhecer voto matrimoniar proferi-los auge juventude diferente enfrentar desafio enfermidade velhice o mostrar estudar realizar universidade michigan pesquisador mergulhar milhar norte-americanos acima ano regularmente entrevistar período compreender e linha investigação o considerar doença administração associar o controlo taxar e o reduzir o riscar cardiovascular diabete e hipertensão o abranger demandar tratamento específico artrite câncer membro casal algum problema necessitar cuidar distinto o cenário chamar “ condição discordante ” o lista incluir medicamento o dieta alimentar especial remédio e exercício o controlo dor n casar dificuldade diário lidar limitação saudar e cônjuge cobrar preço o o longo crescer sintoma depressão o pesquisar detectar marido sair sintoma depressivo grave esposo mulher e homem apresentar quadro grave o depressão agravar o passar ano o psiquiatro courtney polenick liderar o trabalhar precisar atentar intervir o “ o situação complexo o manejar doença diferir o outro janela evitar condição mental piorar ” sugestão o casal procurar atuar conjuntar time apoiar cuidador e familiar estimular mudança estilar vidar objetivo o médico idoso diabete cozinhar e o maridar tratamento câncer próstata restrição alimentar cardápio saudável unir tornar meter bem-estar mulher costumar assumir o liderança manter o saudar físico e mental par o situação complicar enfrentar enfermidade gravar fragilizar acabar o o marido – o levar o apresentar quadrar estresse “ lembrete enfatizar o importância o casal e redar suportar informar o parceiro parceiro e acompanhar atenção o pessoa sair dia o dia ” acrescentar o estudar publicar comedir dezembro “ journals of gerontology seriar b psychological sciences and social sciences ”,ciência, 04/02/2020 06h00 , Rio de Janeiro ,https://g1.globo.com/bemestar/blog/longevidade-modo-de-usar/post/2020/02/04/casais-que-enfrentam-juntos-doencas-cronicas.ghtml
Bruno Covas engrossa coro contra o racismo e destaca desigualdade no Brasil  ,,o prefeito paulo brunir cova psdb-sp engrossar o corar o racismo mundo o assassinato ex-segurança george floyd policial branco minneapolis semana passar mobilizar personalidade e autoridade mundo tornar temer cova lembrar assassinato menino joão pedrar rir janeiro jovem ano morto polícia operação gonçalo maio,saúde,03/06/2020 15h26 ,03/06/2020 15h26 ,https://noticias.uol.com.br/videos/2020/06/03/bruno-covas-engrossa-coro-contra-o-racismo-e-destaca-desigualdade-no-brasil.htm
Comissão do Senado pede a ministra informações sobre rebanhos no Pantanal  ,,"A comissão do Senado que acompanha as ações de enfrentamento às queimadas no Pantanal pediu hoje que a ministra da Agricultura, Tereza Cristina, preste informações sobre rebanhos no bioma. Um requerimento nesse sentido foi apresentado pelo presidente do colegiado, senador Wellington Fagundes (PL-MT), e aprovado pela manhã. O requerimento não fala em convite ou convocação, ou seja, que a ministra fale à comissão em videoconferência ou presencialmente. Ela já participou de audiência com os senadores em 9 de outubro. Na ocasião, defendeu que o boi é o ""bombeiro do Pantanal"" e que, se tivesse mais gado no bioma, os incêndios poderiam ser menores do que os deste ano, situação que classificou como ""desastre"". O pedido de hoje pede que a ministra forneça dados sobre a evolução do rebanho bovino no Pantanal, de 1991 até 2020, nos municípios mato-grossenses de Barão de Melgaço, Cáceres, Poconé, Nossa Senhora do Livramento e Santo Antônio de Leverger.",política,30/10/2020 10h39 ,Luciana Amaral,https://noticias.uol.com.br/meio-ambiente/ultimas-noticias/redacao/2020/10/30/comissao-do-senado-pede-a-ministra-informacoes-sobre-rebanhos-no-pantanal.htm
Bundesliga planeja retorno em maio e encerrar campeonato até junho  ,,o bundesliga pretender retomar o temporada futebol alemão maio o idear apresentar reunião times principal divisão campeonato alemão n semana times voltar o treinar observar protocolo locar saudar pensar retornar o ligar suspenso março virtude pandemia global coronavírus o diretor-chefe bundesliga christian seifert declarar o idear jogo acontecer estádio vazio e torneio encerrar o junho jogar portão fechar medir segurança limitar o pessoa trabalhar jogo cálculo organização seriar liberar pessoa profissional jogador e gandulo,saúde,08/04/2020 15h09 ,08/04/2020 15h09 ,https://www.uol.com.br/esporte/futebol/ultimas-noticias/2020/04/08/bundesliga-quer-retornar-em-maio-e-encerrar-campeonato-ate-junho.htm
Kamala Harris deve atacar Trump frontalmente em discurso histórico na convenção democrata  ,,o senador norte-americana kamala harris o discursar importante carreira político hoje dirigir convenção nacional democrata colega chapar candidatar presidencial joe biden o ex-procuradora-geral califórnio história o o tornar o descendente negro e asiático país o integrar o chapar presidencial posicionar frontalmente o reeleição presidente republicano donald trump novembro harris provavelmente falar diretamente s milhão mulher jovem e eleitor negro eleitorado importante biden derrotar trump discursar noite convenção partidário barack obama o presidente negro unir o ex-candidata presidencial hillary clinton perder trump o senador elizabeth warren e o presidente câmara deputar nancy pelosi,saúde,19/08/2020 08h41 ,James Oliphant,https://noticias.uol.com.br/ultimas-noticias/reuters/2020/08/19/kamala-harris-deve-atacar-trump-frontalmente-em-discurso-historico-na-convencao-democrata.htm
"Reabertura da economia não está para ser anunciada na Grande SP, diz Meirelles  ",,"o secretário fazenda e planejamento paulo henrique meirelles hoje o governar estadual anunciar reabertura economia região metropolitano paulo o haver o planar reabertura gradual interior paulo o dia 1º junho semana começar oeste cidade densidade e capacidade atendimento hospitalar região metropolitano o reabertura depender evolução caso e capacidade hospitalar o secretário afirmar o preenchimento leito região metropolitano preocupante meirelles o reabertura economia interior igual setores trabalhar desenvolver protocolo setor afirmar o secretário o secretário afirmar trabalhar cenário o pib brasileiro quedo o estimar mediano previsão boletim focus 5,89 o paulo retração semelhante recuar esperar arrecadação imposto maio e junho",saúde,25/05/2020 17h42 ,"André Ítalo Rocha e Eduardo Laguna, especial para a AE",https://economia.uol.com.br/noticias/estadao-conteudo/2020/05/25/reabertura-da-economia-nao-esta-para-ser-anunciada-na-grande-sp-diz-meirelles.htm
Estudo da USP mostra a importância de manter massa muscular para longevidade,,falar dieta “ low carb ” o pessoa aumentar o consumir carnar o importante ingestão proteína origem animal vegetal importante o ano continuar comer peixe ovar carnar e frango proteína origem vegetal feijão grão bicar lentilha e amêndoa e o atividade físico musculação peso aumentar o massa muscular o estudar faculdade medicinar universidade paulo fm-usp cientista avaliar o quantidade músculo pessoa braço e perna quantidade gordura camada abaixar pelar e órgão vital voluntário participar pesquisar usp examinar técnico densitometria emissão raio x duplo energia rápido e indolor o exame requerer nenhum preparar especial e realizar intensidade exposição o raio x. densitometria fornecer informação massa ósseo magro e gordura corpo inteirar específico expresso porcentagem massa total o equipamento adquirir auxílio fapesp,ciência, Publicado em  04/07/19 06:00 ,Helena Borges,https://extra.globo.com/noticias/saude-e-ciencia/estudo-da-usp-mostra-importancia-de-manter-massa-muscular-para-longevidade-23782630.html
PGR pede que STF suspenda em caráter urgente o inquérito contra procuradores da Lava-Jato e cita risco de prisão,,brasília o procuradoria-geral repúblico pgr pedir ministro supremo tribunal federal stf rosar weber rever decisão e suspender urgência o inquérito superior tribunal justiçar stj aberto procurador lava-jato o ofício assinar subprocurador-geral repúblico josé adonis callou araújo sá destacar o investigação trazer risco prisão e afastamento membro ministério público federal o pgr apresentar o ofício ministro base noto publicar colunista belo megale n sexta-feira o presidente stj humberto martim relatar o interlocutor planeja proferir medir buscar e apreensão procurador extinto força-tarefa curitiba documentar o subprocurador-geral adonis callou “ cenário mudar ” referindo-se decisão rosar weber d semana negar pedir suspender o investigação o argumentar haver riscar liberdade alvo investigação conferir informação o inquérito assinante globo,brasil, Publicado em  26/03/21 17:13 ,Aguirre Talento e Bela Megale,https://extra.globo.com/noticias/brasil/pgr-pede-que-stf-suspenda-em-carater-urgente-inquerito-contra-procuradores-da-lava-jato-cita-risco-de-prisao-24943357.html
"Secretário apela por medidas anti-covid: ""Vírus está cada vez mais próximo""  ",,jean gorinchteyn secretário saudar paulo apelar pessoa colaborar regrar sanitário o coronavírus o infectologista afirmar semana epidemiológico o aumentar caso confirmar entrevisto coletiva palácio bandeirante o o governador joão doria psdb reforçar o necessidade medir anti-covid o população afirmar o vírus 52ª semana epidemiológico e atento o vírus assistir algum amigar parente o diagnóstico internar infelizmente morrer decorrência covid semana falar gorinchteyn detalhar envolver hospital,saúde,21/12/2020 13h13 ,21/12/2020 13h13 ,https://noticias.uol.com.br/saude/ultimas-noticias/redacao/2020/12/21/secretario-apela-por-medidas-anti-covid-virus-esta-cada-vez-mais-proximo.htm
Kate Middleton seleciona 100 fotos sobre a vida na pandemia para exposição virtual,"A duquesa de Cambridge fez a curadora da mostra 'Hold Still' para a National Portrait Gallery de Londres; fotografias foram tiradas entre maio e junho, durante o lockdown.",o duque cambridge kate middleton selecionou retrato o vidar britânico durante o pandemia coronavírus exposição virtual museu national portrait gallery londres inaugurar n segunda-feira o mostrar receber o nome hold still inglês ficar parar expressão inglês foto resumir o britânico durante o período lockdown decretar evitar o propagação covid-19 país fotografia tirar maio e junho d ano e pessoa enviar contribuição o museu nacional kate o ajudar especialista escolher integrar o exposição dividir cuidador e herói normal e atos gentileza “ ficar impressionar o participação pessoa e o qualidade imagem extraordinário o duque cambridge comunicar história trás d imagem comovente,saúde, 14/09/2020 15h52 , Por G1 ,https://g1.globo.com/mundo/noticia/2020/09/14/kate-middleton-seleciona-100-fotos-sobre-a-vida-na-pandemia-para-exposicao-virtual.ghtml
Voto antecipado de mais de 50 milhões de norte-americanos sugere alto comparecimento  ,,washington reuters milhão norte-americanos depositar cédula o eleição presidencial especialista votação antecipar hoje o comparecimento recordar o disputar novembro o presidente donald trump e o desafiante joe biden acordar michael mcdonald projeto eleição universidade flórido o o milhão pessoa votar presencialmente correar dia eleição representar eleitor habilitar mcdonald e especialista preveem o eleição estabelecer recordar moderno comparecimento superar o participação eleição presidencial recente,política,23/10/2020 17h33 ,23/10/2020 17h33 ,https://noticias.uol.com.br/ultimas-noticias/reuters/2020/10/23/voto-antecipado-de-mais-de-50-milhoes-de-norte-americanos-sugere-alto-comparecimento.htm
Jane Fonda troca protesto presencial por virtual em tempos de coronavírus  ,,jane fonda parar protestar — o pandemia ano passar o atriz preso protestar o fire drill fridays exigir ações enfático governo mundial e especialmente estadunidense o aquecimento global seguir recomendação prevenção o coronavírus e ficar casar fonda planejando edição virtual protestar parceria o greenpeace o evento acontecer amanhã instagram organização o 15h horário brasília protesto virtual contar o presença fonda e cientista e ativistas ambientar continuar semanalmente o dia abril comemorar o dia árvore eua planejando o protestar global datar fonda variety diferente claro descobrir o internet pessoa ficar consciente crise existencial mudança climático,saúde,02/04/2020 16h12 ,02/04/2020 16h12 ,https://entretenimento.uol.com.br/noticias/redacao/2020/04/02/jane-fonda-troca-protesto-presencial-por-virtual-em-tempos-de-coronavirus.htm
"O ministro da Educação, Milton Ribeiro, envergonha até bolsonaristas  ",,o bolsonarismo o refúgio fascista algum algum luminar esquerdo achar genial espalhar idear o palavra fascismo virar certo militante esquerdo o o salsinha prato cor alguém o debater sapecar n o xingamento vulgarizar o fascismo vulgarizar o injustiçado tempero haver haver apoiadores jair bolsonaro fascista verdade — e prender o respiração e gastar minuto ler o postar rede social certo expoente turma,política,24/09/2020 10h53 ,24/09/2020 10h53 ,https://noticias.uol.com.br/colunas/thais-oyama/2020/09/24/o-ministro-da-educacao-milton-ribeiro-envergonha-ate-bolsonaristas.htm
Coronavírus: o que a Ciência diz sobre o uso da cloroquina contra a covid-19  ,,resultar positivo restringir o teste laboratorial e haver teste clínico comprovar eficaz seguro o governar brasileiro distribuir cloroquina fármaco hoje tratamento doença malária e lúpus paciente grave covid-19 o doença causar coronavírus o medicamentar gerar dúvida e suscitar debater o presidente unir donald trump defender twitter o liberação remédio órgão saudar público conter o epidemiar país e o presidente jair bolsonaro anunciar o laboratório exército passar o produzir o medicamentar brasil o medicamentar eficaz o covid-19,saúde,27/03/2020 16h57 ,Camilla Veras Mota - Da BBC News Brasil em São Paulo,https://noticias.uol.com.br/ultimas-noticias/bbc/2020/03/27/coronavirus-o-que-a-ciencia-diz-sobre-uso-da-cloroquina-contra-a-covid-19.htm
Celso de Mello aguarda resultado do teste de coronavírus em São Paulo,Ministro com mais tempo de atuação no STF está afastado desde fim de janeiro por conta de cirurgia no quadril. Ele fez teste após contato com médico que está com a doença.,o ministrar celso mello ministrar atuação supremo tribunal federal stf isolar paulo e aguardar dia o resultar testar o coronavírus o informar o gabinete d n quarta-feira celso mello o testar contato o médico infectologista david uip durante internação semana passar uip testar positivar o doença e diagnosticar coordenar o centrar contingência coronavírus paulo celso mello licença o janeiro contar cirurgia quadril olocou prótese passar dificuldade locomoção,política, 25/03/2020 12h52 ," Por Mariana Oliveira, TV Globo — Brasília ",https://g1.globo.com/politica/noticia/2020/03/25/celso-de-mello-aguarda-resultado-do-teste-de-coronavirus-em-sao-paulo.ghtml
"Pacheco diz que vai instalar CPI da Covid, mas critica decisão do STF",,o presidente senado rodrigar pacheco dem-mg afirmar n quarta-feira cumprir o decisão ministrar luís roberto barroso supremo tribunal federal stf instalar o comissão parlamentar inquérito cpi covid-19 o o reforçar o inapropriado o funcionamento colegiado e representar o coroamento insucesso nacional enfrentamento pandemia pacheco avaliar o comissão discursar político eleitoreiros — o fato cpi natureza mérito tratar fato querer acreditar o cpi substituir o papel ministério público polícia federal polícia civil controladoria-geral união cgu papel antecipação discussão político-eleitoral palancar político absolutamente inapropriado o — pacheco o jornalista pacheco alegar apesar o cpi possuir assinatura suficiente adotou juízo conveniência e oportunidade instalá-la visão presidente senado precisar buscar o estabilidade político e o enfrentamento pandemia inteligente pautar união pacificação e coordenação — o gravidade exigir união o cpi curvo curvo o coroamento insucesso nacional enfrentamento pandemia pretender apurar o passar conseguir definir o presentar e futurar ações concreto — questionar,brasil, Publicado em  08/04/21 21:12 ,Julia Lindner,https://extra.globo.com/noticias/brasil/pacheco-diz-que-vai-instalar-cpi-da-covid-mas-critica-decisao-do-stf-24962363.html
Respostas para as perguntas mais frequentes sobre o coronavírus  ,,"respostar perguntar frequente o coronavírus realidade país o pandemia coronavírus gerar perguntar cientista encontrar respostar o rápido d perguntar abordar n texto enviar dw plataforma facebook e twitter olhar buscar site pesquisar o o coronavírus o sars-cov-2 doença causar patógeno o covid-19 acreditar o vírus surgir morcego o informação teoria o vírus passar outro animal infectar humano preciso confirmar o o covid-19 zoonose doença causar transmissão vírus animar humano presentar animal o vírus passar série mutação genético permitir infectar e multiplicar interior humanos.no início fevereiro o revisto nature divulgar estudar mostrar total genoma coronavírus detectar humano idêntico o o encontrar morcego e o o contrário teoria conspiração sugerir pesquisador descartar o fato o vírus produzir laboratório.há forte indício o sars-cov-2 saltar animar humano mercar wuhan capital província central chinês hubei e epicentro surtir país asiático perguntar respondido simplesmente morte gripar acidentar carro previsto falar probabilidade e fácil casar covid-19 o dw detalhar funcionar estatístico e principal preciso o disseminação vírus.o matemático e epidemiologista adir kucharski escola higiene e medicinar tropical londres calcular o taxar mortalidade vírus 0,5 o pessoa infectar pessoa morrer coronavírus causar doença respiratório o vírus basicamente transmitir gotícula liberar ar alguém tossir espirra.segundo o instituto federal análise risco bfr sigla alemão teste laboratório mostrar contaminação gravar o vírus continuar infeccioso horar ar horar superfície cobrir horar papelão e dia aço inoxidável e plástico.mas o notícia o vírus preciso hospedeiro viver sobreviver o vírus acabar morrer cópia si sobrevivo superfície horar e dia acabar ficar infeccioso o replicar o vírus sofrer degradação.além d estudar examinar o sobrevivência vírus condição laboratorial idear considerar fatores externo mudança temperatura e luzir sol afetar o estabilidade vírus",saúde,23/03/2020 15h28 ,Julia Vergin ,https://www.uol.com.br/vivabem/noticias/deutsche-welle/2020/03/23/respostas-para-as-perguntas-mais-frequentes-sobre-o-coronavirus.htm
"Coronavírus: Mundo ultrapassa os 18 milhões de casos; mortes chegam a 691 mil, diz OMS  ",,"o relatório recente oms organização mundial saudar informar o caso coronavírus confirmar oficialmente o o redor mundo subir 18.142.718 compilar informação recebido organização 5h brasília dia agostar haver aumentar 219.862 caso s informação divulgar o quantidade morte causar covid-19 aumentar 691.013 morte defasados o levantamento divulgar individualmente país fechar comedir dia considerar informação disponível o taxar global mortalidade caso confirmar coronavírus 3,8 período registrar oms país haver caso índio 52.050 unir 47.183 e brasil 25.800 n intervalar índio brasil e unir registrar o morte",saúde,04/08/2020 17h42 ,04/08/2020 17h42 ,https://noticias.uol.com.br/ultimas-noticias/2020/08/04/coronavirus-oms-registra-18142718-casos-e-691013-mortes-no-mundo.htm
MC Fiotti conta como nasceu remix de 'Bum Bum Tam Tam' com vacina de instituto  ,,o funkeiro gravar vídeo explicar surgir o idear remix bum bum tam tam e recepção instituto butantan paulo gravação clipe,saúde,01/02/2021 12h59 ,01/02/2021 12h59 ,https://www.uol.com.br/splash/videos/2021/02/01/mc-fiotti-conta-como-nasceu-remix-de-bum-bum-tam-tam-com-vacina-de-instituto.htm
"Em depoimento, Mandetta desviou de cascas de banana dos governistas  ",,senador governista e oposicionista expectativa divergente o o depoimento ex-ministro saudar luiz henrique mandetta cpi covid n terça-feira governista esperar pegá-lo contradição orientação paciente doença início pandemia oposicionista independente pretender encontrar indício ajudar o elaborar linha omissão ações governar federal especialmente oriundo palácio planalto potencialmente agravar o disseminação coronavírus o senador renan calheiros mdb-al relator cpi e o o sabatinar o ex-ministro acreditar obter depoimento mandetta munição o presidente jair bolsonaro,saúde,04/05/2021 18h54 ,04/05/2021 18h54 ,https://noticias.uol.com.br/colunas/diogo-schelp/2021/05/04/em-depoimento-mandetta-desviou-de-cascas-de-banana-dos-governistas.htm
Covid-19: estado de emergência sanitária acaba meia-noite na França,"O estado de emergência instaurado na França há 16 semanas por conta da epidemia do coronavírus chega ao fim à meia-noite desta sexta-feira (10), mas o ministro da Saúde francês, Olivier Véran, pediu aos franceses que sejam ""vigilantes no cotidiano"". ",o emergência instaurar frança haver semana contar epidemiar coronavírus chegar o o meia-noite d sexta-feira o ministrar saudar francês olivier véran pedir o francês vigilante cotidiano o ministrar observar relaxamento comportamento população visar limitar o transmissão vírus o máscara o distanciamento físico o ministrar confirmar o epidemiar país continuar controlo pedir prudência francês vontade tirar féria e esquecer o viver deixar medir proteção declarar o ministrar entrevisto o o canal tv francês bfmtv esquecer o vírus continuar circular precisar viver angústia permanente tirar o vírus cabeça precisar vigilante insistir,saúde, 10/07/2020 15h20 , Por RFI ,https://g1.globo.com/mundo/noticia/2020/07/10/covid-19-estado-de-emergencia-sanitaria-acaba-meia-noite-na-franca.ghtml
Senado inicia 1º plenário do ano com votação sobre vacina da aliança Covax  ,,"o início trabalho legislativo congresso nacional o senado federal inaugurar hoje o sessão plenário biênio presidir rodrigar pacheco dem-mg eleito segunda-feira chefe casar haver adiantar medir provisório votar setor energia e economia e saudar o destacar sessão o votação medir provisório 1003/2020 autorizar o executivo o aderir o o acesso global vacinar covid-19 covax facility colocar regime urgência casar novembro ano passar o covax facility aliançar organização mundial saudar oms ajudar desenvolvimento imunização mundo o coalizão inovação preparação epidemiar cepi e aliançar gavi anunciar o brasil receber 10,6 milhão dose vacinar oxford astrazeneca semestre",saúde,04/02/2021 16h24Atualizada em 04/02/2021 17h02 ,Natália Lázaro,https://noticias.uol.com.br/politica/ultimas-noticias/2021/02/04/senado-inicia-primeiro-plenario-do-ano-com-destaque-a-vacina-e-economia.htm
Países com sistemas de saúde precários preocupam OMS em relação ao Covid-19  ,,o organização mundial saudar oms n sábado impossível prever o direção o coronavírus covid-19 surgir chino tomar e expressar preocupação o crescente caso n país o diretor-geral tedros adhanom ghebreyesus durante entrevisto coletiva conferência segurança realizar munique alemanha tedros especialista oms trabalhar estreito colaboração chino e expressar preocupação rumor e desinformação surgir doença o oms preocupar o potencial crise coronavírus causar país saudar fraco o chino informação oficiar listam 1.523 o morte entanto o diretor-geral oms considerar o ação autoridade chinês o o restar mundo vantagem combater o doença admitir,saúde,16/02/2020 14h49 ,16/02/2020 14h49 ,https://noticias.uol.com.br/ultimas-noticias/efe/2020/02/16/paises-com-sistemas-de-saude-precarios-preocupam-oms-em-relacao-ao-covid-19.htm
"Bolsonaro vai a hospital em Brasília, mas não diz motivo  ",,o presidente jair bolsonaro deixar hoje o palácio alvorar o o hospital forçar armar brasília entanto esclarecer o motivar o planalto informar bolsonaro agendar pessoal o visitar bolsonaro unidade saudar ocorrer cobrar o mostrar o resultar exame detectar haver contaminação coronavírus o mandatário e infectar entanto pessoa viagem o unir início março testar positivar contaminar o ministrar gsi gabinete segurança institucional general augusto heleno e o chefe secretariar especial comunicação fábio wajngarten,saúde,29/03/2020 11h09 ,Hanrrikson de Andrade,https://noticias.uol.com.br/saude/ultimas-noticias/redacao/2020/03/29/bolsonaro-vai-a-hospital-em-brasilia-mas-nao-diz-motivo.htm
"Pressionado após alta da covid-19, Paes promete ampliar restrições no Rio  ",,o prefeito rir janeiro eduardo paes dem anunciar medir restritivo o capital fluminense edição amanhã diário oficial município o decisão vir agravamento pandemia país e o registrar aceleração médio móvel morte covid-19 coletiva imprensar tratar intervenção brt realizar hoje paes querer antecipar informação relativo doença confirmar norma adotadas pronunciamento d esperar amanhã detalhar o decretar o sabe-se escola municipal — autorizar o retornar presencial semana — fechar,política,03/03/2021 18h18 ,Gabriel Sabóia,https://noticias.uol.com.br/politica/ultimas-noticias/2021/03/03/pressionado-apos-alta-de-covid-paes-promete-medidas-de-restricao.htm
Bolsonaro volta a criticar OMS e questiona número de mortos por covid-19  ,,o presidente jair bolsonaro voltar o criticar o oms organização mundial saudar e questionar o morto decorrência covid-19 durante transmissão live realizar rede social noite hoje o oms ficar o vaivém máscara proteger proteger quarentenar ficar casar o hidroxicloroquina ... horar mudo idear completamente o oms deixar o desejar fala-se focar ciência o respeitar entender ciência o oms completar o início pandemia resultar morto brasil bolsonaro crítico o oms o o diretor-presidente tedros ghebreyesus o oms responder s afirmação bolsonaro evitar citá-lo nominalmente questionar uol comentário presidente ghebreyesus evitar citar o nome país indicar seguir oms melhor situação hoje comparação escutar,saúde,18/06/2020 19h35 ,18/06/2020 19h35 ,https://noticias.uol.com.br/saude/ultimas-noticias/redacao/2020/06/18/bolsonaro-volta-a-criticar-oms-e-questiona-numero-de-mortos-por-covid-19.htm
Maioria dos mortos por novo coronavírus em Nova York são latinos  ,,"o morto coronavírus cidade york o afetada pandemia unir latino informar n quarta-feira o prefeito bill blasio relatório preliminar 3.602 morto covid-19 hoje hispânico constituir população cidade americano 8,6 milhão habitante disparidade flagrante assinalar o prefeito entrevisto coletiva blasio citar principal motivo o idioma e anunciar campanha informação o coronavírus língua o acontecer par ano levar imigrante principalmente documento o afastar locar normalmente buscar atendimento médico comentar referindo-se político anti-imigração governar trump terçar hispânico viver york cercar milhão pessoa imigrante documento segurar médico estimativo governar municipal d cumprir quarentenar e obrigar o trabalhar entregador faxineiros babá alimentar família deixar buscar atendimento médico medo deportar",saúde,08/04/2020 14h39 ,08/04/2020 14h39 ,https://noticias.uol.com.br/ultimas-noticias/afp/2020/04/08/maioria-dos-mortos-por-novo-coronavirus-em-nova-york-sao-latinos.htm
"População terá que estar preparada para a falta de vacina, diz Gabbardo  ",,coordenador executivo centrar contingência coronavírus paulo joão gabardo dúvida faltar vacinar o atrasar importação insumo solucionar imediatamente e afirmar o população prefeito e governador precisar preparar domingo o vacinação o covid-19 brasil interrompido dificuldade importação imunizante pronto e matéria-prima o produção imunizante o programar começar milhão dose coronavac importar chino dúvida ... faltar vacinar problema persistir o processar vacinação contínuo milhão dose o suficiente vacinar dia pleno unidade saudar funcionar gabbardo entrevisto cnn brasil hoje,saúde,19/01/2021 17h36 ,19/01/2021 17h36 ,https://noticias.uol.com.br/saude/ultimas-noticias/redacao/2021/01/19/populacao-tera-que-estar-preparada-para-atraso-na-vacinacao-diz-gabbardo.htm
Macron quer indenizar artistas até meados de 2021: a cultura pós-covid na França  ,,o presidente francês emmanuel macron anunciar n quarta-feira planar recuperação o setor cultural frança gravemente afetado pandemia e quarentenar vigor março país principal diretrizes o cultura frança macron anunciar manter o remuneração artista produtor e técnico arte agostar e o criação fundir indenização profissional audiovisual francês produção cancelar dever crise coronavírus.<!--break&mdash artista e técnico arte finalmente respirar aliviar n quarta-feira o anúncio presidente francês medir destinar recuperação setor cultural frança pós-pandemia o país comedir o sair quarentenar segunda-feira maio o processar longo e realizar etapa o setor cultural criticar e pressionar nome setor artístico francês recentemente manifestar publicamente o esquecimento cultura frança macron realizar anúncio videoconferência o o dúzia artista o cantor catherine ringer diretores cinema eric tolédano e olivier nakache o diretor teatro stanislas nordey o escritor aurélien bellanger o rapper escritor e diretor cinema abd al malik o atriz sandrine kiberlain macron defender direito indenização salarial governar francês chamar intermitente espetáculo artista produtor e técnico arte frança prolongar ano período atividade impossível degradar agostar trabalhar comprometer artista e técnico intermitente direito estendido o agostar,saúde,06/05/2020 14h27 ,06/05/2020 14h27 ,https://entretenimento.uol.com.br/noticias/rfi/2020/05/06/macron-quer-indenizar-artistas-ate-meados-de-2021-a-cultura-pos-covid-na-franca.htm
PSOL pede afastamento de Filipe Martins por gesto controverso no Senado  ,,o bancada psol câmara enviar ofício casar civil n quinta-feira pedir o abertura procedimento administrativo o assessor especial assunto internacional presidência filipe martim e afastamento parlamentar afirmar o gesto assessor quarta-feira durante sessão senado símbolo supremacistas branco o presidente casar rodrigar pacheco dem-mg n quinta-feira o polícia legislativo investigar o casar o episódio ocorrer sessão temático o presença chanceler ernesto araújo o atuação itamaraty buscar vacinar o covid-19 o pacheco pronunciamento martim posicionar d juntar pontar dedo indicador e polegar formato ok e movimentar o mão e juntar o o terno adiantar sessão o líder oposição senado randolfe rodrigar rede-ap acusar o assessor gesto obsceno e pedir exaltar conduzir polícia legislativo dependência casar o intervenção amapaense proliferar rede social alertar o gesto obsceno acenar o supremacistas branco,política,25/03/2021 19h28 ,Nicholas Shores,https://noticias.uol.com.br/ultimas-noticias/agencia-estado/2021/03/25/psol-pede-afastamento-de-filipe-martins-por-gesto-controverso-no-senado.htm
"Para médica Nise Yamaguchi, comunidade científica conspira contra a vida  ",,gente o oncologista nise yamaguchi falir resistência médico o o hidroxicloroquina prevenção e tratamento covid-19 referir o importante pesquisador comunidade científico mundo o recusar recomendar e divulgar o medicamentar ligar o interesse escuso líder empenhar conspiração o vidar trás atacar cloroquina haver competição potência dominação planeta envolver geopolítico nise entrevisto concedido quinta-feira casar haver série fatores levar tentativo enfraquecer população deixar morrer país colapsa e ajoelhar perder o capacidade produção lutar o brasil fortalecer sobrevivo o guerra o médico esquerdo particularmente empenhar n enfraquecimento,saúde,19/07/2020 04h00Atualizada em 21/07/2020 08h26 ,19/07/2020 04h00Atualizada em 21/07/2020 08h26 ,https://noticias.uol.com.br/colunas/paulo-sampaio/2020/07/19/para-medica-nise-yamaguchi-comunidade-cientifica-conspira-contra-a-vida.htm
"Norte, interior do Nordeste e norte do Centro-Oeste têm menos leitos e condições de reagir à Covid-19, aponta levantamento","Análise da infraestrutura de saúde foi feita por cientistas de duas universidades do Brasil e uma dos EUA. Há uma dificuldade histórica no país para conseguir dados completos e atualizados, de acordo com cientistas. ",o norte o interior nordeste e o norte centro-oeste região desassistir leito unidade tratamento intensivo utis brasil e durante o pandemia o análise feito pesquisador e levar contar oficiar e o incidência covid-19 o estudar parceria o universidade duke unir o universidade estadual maringá e o universidade federal minar gerar ufmg o equipar pesquisar transversal basicamente desenhar foto determinar problema n casar analisar o infraestrutura saudar país e relacionar o enfrentamento pandemia sars cov-2 utilizar cadastrar nacional estabelecimento saudar cnes instituto brasileiro geografia e estatístico ibge e monitoramento covid-19 ministério saudar traçar parâmetro e entender determinar região abastecido pesquisador critério agência nacional vigilância sanitário anvisa o anvisa referência mundial internacionalizar referência organização mundial saudar abordar padrão saudar nigéria o reinar unir o gente aplicar o modelar oms parecer o brasil necessariamente escolher o padrão referência explicar o pesquisador joão ricardo nickenig vissoci assinar o estudar universidade duke,ciência, 22/05/2020 05h01 ," Por Carolina Dantas, G1 ",https://g1.globo.com/bemestar/coronavirus/noticia/2020/05/22/norte-interior-do-nordeste-e-norte-do-centro-oeste-tem-menos-leitos-e-condicoes-de-reagir-a-covid-19-aponta-levantamento.ghtml
TCU dá aval para que governo se responsabilize por eventual efeito adverso de vacinas contra Covid,"Processo responde a questionamento feito pelo ministro da Saúde, Eduardo Pazuello. Relator, ministro Benjamin Zymler diz que laboratórios estão em posição de superioridade na negociação.",o tribunal contar união tcu aval n quarta-feira o governar federal tomar medir necessário comprar vacinar o covid-19 possibilidade incluir assumir o riscar indenizar alguém eventualmente sofrer algum efeito adversar imunização o autorização respostar o consulto feito o o tcu ministrar saudar eduardo pazuello limite jurídico comprar vacinar relator processar o ministrar tcu benjamin zymler afirmar o decisão tranquilizar gestor implementar o planar vacinação zymler destacar negociação atuais laboratório fabricar vacinar o covid-19 superioridade causar escassez vacinar vantajoso o ministrar farmacêutico pedir cláusula específico contrato isentar laboratório responsabilidade efeito adverso vacinar,saúde, 17/03/2021 16h56 ," Por Laís Lis, G1 — Brasília ",https://g1.globo.com/bemestar/coronavirus/noticia/2021/03/17/tcu-da-aval-para-que-governo-se-responsabilize-por-eventual-efeito-adverso-de-vacinas-contra-covid.ghtml
França ultrapassa 2 milhões de casos de Covid; Itália tem maior número de mortes em 7 meses,"Em meio ao avanço da 2ª onda de contágio na Europa, a França passou a Rússia e se tornou 4º país com mais infectados (só atrás de EUA, Índia e Brasil).","o frança ultrapassar o rússia e tornar n terça-feira o país caso coronavírus mundo superar milhão infectar levantamento universidade johns hopkins o país afetados onda contágio europa e nação morte 45,1 o itália registrar horar óbito covid o o início abril e 32.191 infectar — o elevar o total morto 46,4 e o caso 1,2 milhão o país o morte eua brasil índio méxico e reinar unir e o nono caso",saúde, 17/11/2020 14h33 , Por G1 ,https://g1.globo.com/bemestar/coronavirus/noticia/2020/11/17/franca-ultrapassa-2-milhoes-de-casos-de-covid-italia-tem-maior-no-de-mortes-em-7-meses.ghtml
Queimadas deixam marcas profundas na Amazônia  ,,vasto destruir desmatamento e fogo ano enfraquecer o solo e o vegetação resistir s chamar especialista preveem recorde destruição ambiental o ano configurar período destrutivo o florestar amazônica brasil o desmatamento aumentar significativamente acordar observador e especialista temer o região repetição destrutivo incêndio florestar agostar e setembro ano passar satélite divulgar inpe instituto nacional pesquisar espacial 1º agostar mostrar 6.800 incêndio região amazônica julho aumentar o o ano passar e agostar geralmente considerar o início temporada incêndio normalmente ocorrer durante seco incêndio registrar dia d aumentar o o período o inpe o desmatada ano passar florestar tropical mundo brasil estimar quilômetros quadrar correspondente aproximadamente o o tamanho líbano o alto o inpe o aumentar desmatamento trazer riscar incêndio florestar fogo devastar o florestar tropical ano passar espalhar o terra queimar mineração ilegal agricultura e pecuário,política,23/08/2020 09h07 ,Martin Kuebler,https://noticias.uol.com.br/meio-ambiente/ultimas-noticias/deutschewelle/2020/08/23/queimadas-deixam-marcas-profundas-na-amazonia.htm
"Senador que substituiu Juíza Selma, a 'Moro de saias', está com covid-19  ",,"O senador Carlos Fávaro (PSD-MT) foi diagnosticado com covid-19, mas está bem, segundo informou sua assessoria. Ele fez o exame após apresentar alguns sintomas da doença. ""A primeira amostra testou negativo e o segundo teste, na noite desta terça-feira (16), confirmou positivo. O parlamentar está adotando todas as medidas de saúde e segurança sanitária necessárias e recomendadas pelas autoridades. Apresenta bom quadro clínico e mantém suas atividades de forma telepresencial"", diz a nota divulgada. Fávaro, terceiro colocado na eleição de Mato Grosso em 2018, assumiu o cargo em abril deste ano depois que a titular da vaga, Juíza Selma (Podemos-MT), foi cassada pela Justiça Eleitoral após quatro meses de mandato por caixa dois e abuso de poder econômico na campanha eleitoral de 2018. A senadora era titular da 7ª Vara Criminal do Tribunal de Justiça de Mato Grosso (TJMT) quando ganhou apelido de 'Moro de Saias', uma referência ao então juiz Sergio Moro.",saúde,18/06/2020 13h18 ,18/06/2020 13h18 ,https://noticias.uol.com.br/politica/ultimas-noticias/2020/06/18/senador-que-assumiu-vaga-da-juiza-selma-esta-com-covid-19.htm
Covid-19: Brasil mantém mais de 32 mil novos casos pelo 2º dia consecutivo  ,,dia consecutivo o ministério saudar registrar alto superior o 32.000 caso coronavírus brasil e 1.200 morte semelhante o observar boletim diário governar o o 772.416 pessoa diagnosticar covid-19 país horar confirmar 32.913 caso o registrar período o início pandemia o taxar seguir o dia maio anunciar 33.274 infecção coronavírus o morte registrar e hoje 1.274 elevar o total 39.680 trata-se índice obter o início pandemia o alto atingir dia 1.473 óbito paciente recuperar chegar o caso acompanhamento 407.341,saúde,10/06/2020 19h01Atualizada em 10/06/2020 22h23 ,10/06/2020 19h01Atualizada em 10/06/2020 22h23 ,https://noticias.uol.com.br/saude/ultimas-noticias/redacao/2020/06/10/coronavirus-ministerio-da-saude-covid19-brasil-casos-mortes-10-junho.htm
"Com mais de um ano de pandemia, Laos registra primeira morte por covid-19  ",,passar ano quase intocado covid-19 o laos registrar hoje o morte doença caso o pequeno país sudeste asiático passar aumentar preocupante caso o site estatal vientiane times o vítima mulher vietnamita ano problema médico subjacente incluir diabete e trabalhar clube karaokê vila capital vientiane o país registrar o 1.302 caso covid-19 infecção começar o crescer o feriar ano laos ocorrer dia abril,saúde,09/05/2021 16h04 ,09/05/2021 16h04 ,https://noticias.uol.com.br/internacional/ultimas-noticias/2021/05/09/laos-primeira-morte-covid-19.htm
EUA registram em 2020 menor número de nascimentos em quatro décadas  ,,"o nascimento unir 3,61 milhão o provisório reportar n quarta-feira centro controlo e prevenção doença cdc sigla inglês o quantidade nascimento ano passar representar quedo o e marcar o ano consecutivo quedo eua o taxar fecundidade total o médio filho mulher o o longo vidar cair 1,64 o visto começar registro década",saúde,06/05/2021 15h03Atualizada em 06/05/2021 15h51 ,06/05/2021 15h03Atualizada em 06/05/2021 15h51 ,https://noticias.uol.com.br/ultimas-noticias/efe/2021/05/06/eua-registra-em-2020-menor-numero-de-nascimentos-em-quatro-decadas.htm
Miguel Falabella não aguenta mais lives: 'Todo mundo se acha genial agora'  ,,durante o papar gnt miguel falabella revelar fã lives moda tomar o internet durante o quarentenar alguém live vontade sair gritar tampar lives o ator escritor e diretor início programar o umberto eco razão o internet voz o o idiota aldear mundo achar genial e live o inteirar continuar falabella explicar adepto o acompanhar lives exceto isolamento trabalhar o toar claro generalizar passar o dia lives o ano idade e quase carreira o eternar caco antibes sitcom sair redar globo considerar interessante o o realizar lives achar pessoa interessante pessoa o trabalhar interessante falar exibir modéstia falabella o perfil instagram recitar poesia e mostrar curiosidade quarentenar página bobagem falir poesia achar importante recuperar o língua época pessoa leem ouvir e perceber o português bonito internet o efetivamente trazer interessante pessoa,saúde,28/04/2020 02h24 ,28/04/2020 02h24 ,https://tvefamosos.uol.com.br/noticias/redacao/2020/04/28/miguel-falabella-nao-aguenta-mais-lives-todo-mundo-se-acha-genio-agora.htm
Brasil tem 8.674 leitos de UTI exclusivos para COVID-19 habilitados,,"Governo Federal já investiu R$ 1,24 bilhão para custeio desses leitos. Nesta segunda-feira (15), foram habilitados mais 84 leitos em três estados do país O Ministério da Saúde habilitou nesta segunda-feira (15) mais 84 leitos de UTI exclusivos para pacientes graves e gravíssimos do coronavírus, sendo 5 pediátricos. Desta vez, a população de três estados brasileiros recebeu o reforço do Governo Federal no combate à pandemia: Rio de Janeiro (59), Roraima (15) e São Paulo (10). O aporte federal foi de R$ 12 milhões. Com essas novas habilitações, o Brasil passa a contar com 8.674 leitos de UTI exclusivos para COVID-19, habilitados desde o início de abril. São 8.423 leitos de UTI adultos e 251 leitos de UTI pediátrica. Ao todo, já foram injetados R$ 1,24 bilhão, em parcela única, para estados e municípios custearem esses leitos pelos próximos 90 dias ou enquanto houver necessidade em decorrência da pandemia. Os recursos são repassados no ato da publicação das portarias que autorizam as habilitações dos leitos no Diário Oficial da União. Cada leito recebe o dobro do valor normal do custeio diário para leitos de UTI, passando de R$ 800 para R$ 1.600. São leitos exclusivos para pacientes graves ou gravíssimos com coronavírus. Os gestores dos estados e municípios contemplados recebem o valor antes mesmo da ocupação do leito. A medida fortalece o Sistema Único de Saúde (SUS) e leva atendimento para todos os estados brasileiros, incluindo capitais, municípios maiores e, especialmente, pessoas menos protegidas no interior do país.",saúde,16/06/2020 19h10,"Por Gustavo Frasão, da Agência Saúde Atendimento à imprensa(61) 3315-2745 / 2351",https://www.gov.br/saude/pt-br/assuntos/noticias/brasil-tem-8-674-leitos-de-uti-exclusivos-para-covid-19-habilitados
"Agência dos EUA vai autorizar vacina da Pfizer para adolescentes de 12 a 15 anos na próxima semana, diz jornal",,o agência alimento e medicamento unir fda sigla inglês preparar autorizar o vacinar pfizer-biontech o covid-19 adolescente o ano o início semana acordar autoridade federar familiarizar plano agência informar o jornal the new york times o notícia esperar pai ansioso contar semana o pfizer anunciar resultar ensaiar adolescente mostrar o vacinar eficaz n faixar etário adulto o vacinação criança fundamental aumentar o imunidade população e reduzir o hospitalização e morte o autorização d semana acordar autoridade federar nome autorizar o falar publicamente conceder o painel consultivo vacinar centrar controlo e prevenção doença provavelmente reunir dia seguinte revisar ensaiar clínico e recomendação o vacinar adolescente o pfizer informar haver semana nenhum adolescente ensaiar clínico receber o vacinar desenvolver infecção sintomático sinal proteção significativo o empresar anunciar março voluntário produzir forte respostar anticorpo e experimentar efeito colateral observar pessoa idade e ano stephanie caccomo porta-voz fda comentar o mudança agência — garantir o o público trabalhar revisar solicitação maneiro rápido e transparentar — milhão adulto país totalmente vacinar o autorização chegar esforçar delicado e complexo atingir adulto hesitar tomar injeção acesso o mundo clamar suprimento excessivo vacinar feito eua o injeção pfizer-biontech adolescente levantar o suprimento direcionado o faixar etário praticamente livrar surtir severo covid-19 — achar precisar converso nacional e global o ético criança vacinar apresentar riscar complicação sério vírus haver vacinar suficiente mundo proteger adulto alto riscar morrer — jennifer nuzzo epidemiologista johns hopkins center health security o presidente biden pressão crescente suprimento vacinar país e governar funcionário pedir rápido decisão o imunizante necessário evitar dose expirar enviar o governar comprar milhão dose vacinar autorizar fda entregue julho — necessário cobrir americano o suprimento atual vacinar país substancial segunda-feira cercar milhão dose entregue administrar incluir milhão vacinar pfizer-biontech quase milhão dose moderno e milhão johnson johnson acordar coletados centro controlo e prevenção doença vacinar pfizer e moderno requerer dose dezena milhão dose pfizer-biontech — cercar semana acordar funcionário federal — fabricar e estágio preparação aguardar teste finar enviar o moderno esperar resultar ensaiar clínico envolver adolescente o ano seguir resultar criança o ano semestre d ano,saúde, Publicado em  03/05/21 21:13 ,Extra,https://extra.globo.com/noticias/coronavirus/agencia-dos-eua-vai-autorizar-vacina-da-pfizer-para-adolescentes-de-12-15-anos-na-proxima-semana-diz-jornal-25001183.html
Joelma sobre covid-19: 'Fiquei maior que uma grávida de 9 meses'  ,,joelma contar detalhe experiência delicado o covid-19 o cantor ano diagnosticar o doença agostar afirmar sintoma grave enfrentar o inchaço corpo detalhar ficar grávido ficar grávido afetou mentir visão o pulmão intestino e estômago cabelar cair ficar cama cuidar sequela ficar tô afirmar joelma entrevisto o o encontrar o comandar patrício poetar,saúde,17/12/2020 11h33Atualizada em 17/12/2020 11h38 ,17/12/2020 11h33Atualizada em 17/12/2020 11h38 ,https://tvefamosos.uol.com.br/noticias/redacao/2020/12/17/joelma-sobre-covid-19-fiquei-maior-que-uma-gravida-de-9-meses.htm
Covid-19: Entenda termos usados para explicar o contágio pelo novo coronavírus; veja o VÍDEO,"Atual estágio da transmissão do novo coronavírus colocou expressões como ""imunidade de rebanho"" no dia a dia da população. ",picar imunidade rebanhar anticorpo sorológico célula t e expressão ganhar espaçar noticiário o covid-19 vídeo acima entender o significar principal termo explicar o transmissão coronavírus abaixar vídeo relevante o temer,saúde, 27/07/2020 17h03 , Por G1 ,https://g1.globo.com/bemestar/coronavirus/noticia/2020/07/27/covid-19-entenda-termos-usados-para-explicar-o-contagio-pelo-novo-coronavirus-veja-o-video.ghtml
Competição de salto com vara na Alemanha terá público em sistema drive-in  ,,pioneiro voltar futebol profissional principal país europa o alemanha testar evento esportivo público dia junho o competição saltar varar espécie estacionamento torcedor permanecer carro e assistir o o tornear telão o iniciativo órgão municipal esportes cidade düsseldorf patrocínio banco naming rights evento cinema drive-in o som evento ouvir rádio veículo frequência fm o o realizar o saltar varar cinema drive-in saciar o evento esportivo classe audiência e o o garantir o conformidade regrar isolamento comentar o diretor esportes cidade lars wismer confirmar principal saltador alemanha raphael holzdeppe prata olimpíada londres-2012 bo kanda litar baehre atual campeão alemão indoor e colocar mundial e torben blech prata universíade ano passar,saúde,20/05/2020 14h50 ,20/05/2020 14h50 ,https://www.uol.com.br/esporte/colunas/olhar-olimpico/2020/05/20/competicao-de-salto-com-vara-na-alemanha-tera-publico-em-sistema-drive-in.htm
Relação entre vibração alta e covid-19 não tem comprovação científica  ,,"texto circular site relacionar autoajuda tratamento alternativo rede social e plataforma trocar mensagem whatsapp informação comprovação científico alegar o covid vibração 5,5 hz e morrer acima 25,5 hz o material sugerir ânimo e sentimento capaz enfraquecer o sars-cov-2 humano vibração alto o vírus gripar simples o equipar entrar contato o psicólogo eluise dorileo autor texto publicar junho fonte conteúdo circular atualmente whatsapp admitir haver comprovação … estudo basear frequência energético base enviar questionamento o frequência energético base e autor mencionar escrever gentileza pesquisar o pesquisar o frequência sentimento e emoção levar o trabalhar autor autoajuda norte-americano david r. hawkins o criador escalar hawkins classificar sensação raivar amor ódio paz orgulhar e vergonha hertz — unidade medir frequência físico o tabelar livrar vs forçar o trabalhar hawkins reconhecer comunidade acadêmica o texto o o coronavírus e o frequência sentimento recente maio o associação brasileiro terapeuta holísticos abrath haver publicar alertar rede social o material",saúde,21/08/2020 18h03 ,"Do UOL, em São Paulo*",https://noticias.uol.com.br/comprova/ultimas-noticias/2020/08/21/relacao-entre-vibracao-alta-e-covid-19-nao-tem-comprovacao-cientifica.htm
Pesquisa que indica que a imunidade natural ao novo coronavírus dura poucos meses questiona eficácia de estudos sorológicos,,cientista instituição americano liderar especialista stanford califórnio o detalhar investigação anticorpo produzir respostar infecção coronavírus o pesquisar acompanhar pessoa covid-19 publicar “ science immunology ” o pesquisar mostrar anticorpo iga e igm respostar infecção ativa agudo desaparecer convalescença período recuperação o curar doença o estudar ocorrer paciente assintomático precisar intubados dever covid-19 anticorpo igg memória protetora adquirir durar desaparecer casar quantidade inicialmente o conclusão pesquisar haver imunidade natural adquirir permanente o estudo sorologia detectar anticorpo oferecer retratar confiável população exposto o o coronavírus o iga o igm e o igg desaparecer apresentar nenhum d o pessoa o conclusão especialista duro o proteção oferecido vacinar e quão frequente precisar dose reforçar o estudar eua servir base pesquisar semelhante o reinfecção coronavírus e o potência mínimo vacinar aprovar covid-19,saúde, Publicado em  09/12/20 04:30 ,Extra,https://extra.globo.com/noticias/coronavirus/pesquisa-que-indica-que-imunidade-natural-ao-novo-coronavirus-dura-poucos-meses-questiona-eficacia-de-estudos-sorologicos-24788372.html
Líder do governo no Congresso espera que Rodrigues deixe vice-liderança  ,,"O líder do governo no Congresso Nacional, Eduardo Gomes (MDB-TO), afirmou hoje esperar que o senador Chico Rodrigues (DEM-RR) se afaste da vice-liderança do governo no Senado. A Polícia Federal encontrou dinheiro na cueca e nas nádegas de Rodrigues ontem, durante operação em Boa Vista que apura desvios de recursos públicos destinados ao combate à pandemia de covid-19. ""Acredito que ele se afaste da vice-liderança para apresentar a defesa dele. É um movimento natural"", disse Gomes. Não há defesa nenhuma que faça do governo ou qualquer outra coisa que seja mais importante do que ele fazer a dele própria. Temos de torcer para que isso ocorra e acho que vai ocorrerEduardo Gomes (MDB-TO), líder do governo no Congresso",política,15/10/2020 10h56Atualizada em 15/10/2020 12h55 ,Luciana Amaral,https://noticias.uol.com.br/politica/ultimas-noticias/2020/10/15/lider-do-governo-no-congresso-espera-que-rodrigues-deixe-vice-lideranca.htm
"Ministério assina contrato para 10 milhões de doses da Sputnik, vacina russa contra a Covid-19","Cronograma prevê 400 mil doses em abril, 2 milhões em maio e 7,6 milhões em junho. Atual contrato ainda não trata de produção nacional em parceria com a União Química.",o ministério saudar assinar n sexta-feira contratar comprar milhão dose sputnik v vacinar o covid-19 desenvolvido instituto russo gamaleya o anúncio ministério ocorrer dia governador e prefeito anunciar acordo fornecimento dose cronograma prever ministério o vacinar contar aval agência nacional vigilância sanitário anvisa responsável imunizante precisar realizar o pedir emergencial apoiar o comercialização país russo firmar parceria o farmacêutico brasileiro união químico acordar o ministério o união químico afirmar pretender fabricar o imunizante brasil fábrica paulo e distrito federal,ciência, 12/03/2021 15h21 , Por G1 ,https://g1.globo.com/bemestar/vacina/noticia/2021/03/12/ministerio-da-saude-assina-contrato-para-compra-de-10-milhoes-de-doses-da-vacina-sputnik.ghtml
Coronavírus: Japão confirma primeira morte por COVID-19  ,,"Uma mulher de 80 anos se tornou a primeira pessoa com o novo coronavírus a morrer no Japão, informou hoje o ministro da Saúde, alertando que não está claro se o vírus foi a causa direta da morte. ""A relação entre o novo coronavírus e a morte da pessoa ainda não está clara"", afirmou Katsunobu Kato. ""Mas esta é a primeira morte no país de uma pessoa que testou positivo para o COVID-19"", completou. ""O resultado positivo do teste (para o novo coronavírus) foi confirmado 'post mortem'"", explicou o ministro.",saúde,13/02/2020 10h05 ,13/02/2020 10h05 ,https://noticias.uol.com.br/ultimas-noticias/afp/2020/02/13/japao-anuncia-primeira-morte-de-pessoa-com-covid-19.htm
"Com atenções na CPI, Câmara pode 'passar boiada' no licenciamento ambiental  ",,aproveitar holofote o cpi pandemia o presidente câmara deputar arthur lira pp-al pautar passar boiar projeto lei dispensar série atividades econômicas obter licença ambiental poluição e degradação cegueira deliberar o substitutivo deputar neri geller pp-mt o o projeto lei 3.729/2004 incentivo corrido proteger o ambientar oferecer critério outro e prever licença autodeclaratória projetos qualificar significativo potencial impactar minoria caso país o incluir barragem resíduo valer passar obrar estrar ampliação hidrelétricas basto responsável deem palavra garantir controlo considerar o conteúdo extremar e desequilibrar o projeto lei aprovar resultar proliferação tragédia ocorrido mariano e brumadinho mg total descontrolar formar poluição grave prejuízo saudar e qualidade vidar sociedade colapso hídrico e destruição amazônia e biomas afirmar noto divulgar observatório clima sos matar atlântico greenpeace instituto socioambiental organização ambientalista,política,11/05/2021 15h36 ,11/05/2021 15h36 ,https://noticias.uol.com.br/colunas/leonardo-sakamoto/2021/05/11/enquanto-atencao-esta-na-cpi-camara-arma-golpe-contra-meio-ambiente.htm
Covid: igrejas são interditadas em Betim por fazerem cultos com aglomeração  ,,"Igrejas Quadrangular são interditadas, após realizarem culto no domingo de páscoa em MG Duas igrejas de Betim (MG), a cerca de 40 km de Belo Horizonte, foram interditadas na manhã de hoje por uma equipe da Vigilância Sanitária de da cidade, em conjunto com a Procuradoria Geral do Município e a Guarda Municipal. Os dois locais realizaram cultos na noite de ontem, descumprindo decreto municipal contra aglomeração durante a pandemia do novo coronavírus. As equipes receberam diversas denúncias anônimas por telefone e até mesmo em vídeo de que houve aglomeração de fiéis durante os cultos na Igreja do Evangelho Quadrangular e na Igreja Movimento Comunidade Quadrangular, localizadas nos bairros de Laranjeiras e Filadélfia. De acordo com a Prefeitura de Betim, na Igreja do Evangelho Quadrangular havia cerca de 50 pessoas. Já na Igreja Movimento o número de fiéis presentes chegou a 300.",saúde,13/04/2020 18h55Atualizada em 13/04/2020 20h40 ,Bruna Alves,https://noticias.uol.com.br/cotidiano/ultimas-noticias/2020/04/13/covid-igrejas-sao-interditadas-em-betim-por-fazerem-cultos-com-aglomeracao.htm
"'Se escola não seguir protocolo, pode ser fechada', diz secretário de SP   ",,o secretário estadual educação paulo rossieli soar valorizar hoje o suspensão liminar proibir o voltar s aula presenciar reforçar escola redar público e privar seguir determinação pastar retornar casar contrário fechar ansioso decisão e o expectativa vir existir o possibilidade preparar constantemente feliz extremamente alertar e observar passo o gente o voltar s aula e voltar realmente seguro entrevisto cnn brasil soar lembrar escola seguir determinação prevenção covid-19 o respeitar ocupação sala e o monitoramento caso suspeito e confirmar doença,saúde,29/01/2021 18h20 ,29/01/2021 18h20 ,https://educacao.uol.com.br/noticias/2021/01/29/se-escola-nao-seguir-protocolo-pode-ser-fechada-diz-secretario-de-sp.htm
"Tentando ajudar Moro, Dallagnol e amigos reforçam a suspeição do então juiz  ",,conhecer e empregar expressão definir experimentar e d encontrar tradução vergonha alheio o sentir o o procurador extinto lavar jato curitiba apresentar memorial o o supremo sustentar o tesar casar confirmar tribunal o incompetência 13ª varar federal curitiba cuidar processo respeitar o lula haver razão o turma levar adiantar o julgamento suspeição sergio morar o espetacular valer confissão haver exotismo inciativa — assinar deltan dallagnol januário paludo laura tessler orlar martello júlio carlos noronha paulo roberto carvalho e athayde costa — o gente começar sair destaque-se o ilegitimidade subscritor documentar perguntar o sergio morar o suspeição julgar turma casar trata-se habeas corpus e haver legitimar processar — o autoridade coatora o paciente e o impetrante d aciona o tribunal lembremo-nos casar o autoridade decisão contestar supremo o stj procurador meter n história e notar o membro ministério público federal tratar recurso procurador instância o o supremo — autoridade oficiar juntar o tribunal superior o pgr fazê-lo atenção caro recorrer o o stf indivíduo pessoa físico,política,06/04/2021 03h31 ,06/04/2021 03h31 ,https://noticias.uol.com.br/colunas/reinaldo-azevedo/2021/04/06/tentando-ajudar-moro-dallagnol-e-amigos-reforcam-a-suspeicao-do-entao-juiz.htm
"Médico diz ser ""macabro"" pessoas irem a festas com recorde de mortes  ",,o infectologista jamal suleiman instituto emílio riba achar macabro pessoa festa o brasil bater recordar morte razão pandemia coronavírus o brasil chegar marcar morte médio diário 2.000 óbito provável o país bater o patamar morte ano o morte especialista acreditar o médio diário crescer aguardar seguro desejar o gente fato comemorar n macabro situação comemorar o morte pessoa dia achar o natural mundo o família natural suleiman hoje entrevisto cnn brasil,saúde,14/03/2021 10h43 ,14/03/2021 10h43 ,https://noticias.uol.com.br/saude/ultimas-noticias/redacao/2021/03/14/medico-festas-mortes-covid.htm
Pernambuco já recebeu mais de 13 milhões de Equipamentos de Proteção Individual do Ministério da Saúde,,"milhão equipamento proteção individual epi distribuir garantir o proteção profissional saudar atuam linha frente enfretamento covid-19 pernambuco máscara aventar óculo e protetores facial toucar sapatilha luva e álcool o medir ação governar federal reforçar o segurança atendimento redar saudar público e município acreanos o o o ministério saudar entregar o o 21,3 litro álcool 124,3 aventar milhão luva 1,2 milhão máscara n95 9,6 milhão máscara cirúrgico 111,8 óculo e protetores facial e toucar e sapatilha o comprar epi responsabilidade e município entanto dever escassez mundial d material n cenário emergência saudar público o ministério saudar utilizar o comprar aquisição irrestrito o gestor locar único saudar sus e fortalecer o redar público saudar enfrentamento doença",saúde,28/10/2020 12h49, ,https://www.gov.br/saude/pt-br/assuntos/noticias/pernambuco-ja-recebeu-mais-de-13-milhoes-de-equipamentos-de-protecao-individual-do-ministerio-da-saude
Rio Grande do Norte tem mais oito leitos de Suporte Ventilatório Pulmonar autorizados,,"Mais oito leitos de Suporte Ventilatório Pulmonar para atendimento exclusivo aos pacientes confirmados ou com suspeita de Covid-19 foram autorizados pelo Ministério da Saúde nesta terça-feira (11/05) para o estado do Rio Grande do Norte. A medida reforça os atendimentos no Sistema Único de Saúde (SUS) nos municípios de São Gonçalo do Amarante, Currais Novos, Pendências e Natal. O valor do repasse mensal é de mais de R$ 114 mil, correspondente a abril. A portaria que autoriza os leitos está publicada no Diário Oficial da União (DOU) – acesse aqui. As autorizações são em caráter excepcional e temporário. Os leitos de Suporte Ventilatório Pulmonar são voltados para pacientes de Covid-19 que não evoluíram para estado grave, mas que necessitam de suporte de oxigênio. Eles são destinados para Hospitais Especializados, Unidades Mistas, Hospitais de Pequeno Porte, Prontos Socorros, Unidades de Pronto Atendimento, Hospitais de Campanha e Hospitais Gerais.",saúde,11/05/2021 16h36,Ministério da Saúde(61) 3315-3580 / 2351,https://www.gov.br/saude/pt-br/assuntos/noticias/rio-grande-do-norte-tem-mais-oito-leitos-de-suporte-ventilatorio-pulmonar-autorizados
Relatores da ONU questionam nomeação de Sérgio Camargo para Palmares  ,,gesto raro órgão e relator onu enviar cartar o o governar brasileiro questionar o nomeação sérgio camargo presidir o fundação cultural palmar o documentar enviar dia janeiro e assinar relator o racismo tendayi achiume dominique day chefe trabalhar pessoa descendência africano e irene khan relator onu o promoção liberdade expressão o governar brasileiro alvo repetir denúncia mecanismo especial onu maneiro inédito o regime militar o cartar sérgio camargo o o questionar explícito o aptidão pessoa escolhido presidente jair bolsonaro cargo público gostar levar o o conhecimento governar excelência informação receber o respeitar declaração racista feito sr sérgio camargo recentemente nomear presidente fundação cultural palmar afirmar o documentar obter coluna,política,08/04/2021 11h01 ,08/04/2021 11h01 ,https://noticias.uol.com.br/colunas/jamil-chade/2021/04/08/relatoresda-onu-questionam-nomeacao-de-sergio-camargo-para-palmares.htm
OAB pede a Aras que denuncie Bolsonaro por prevaricação e crimes contra saúde,,brasília o ordem advogar brasil oab enviar n quarta-feira procuradoria-geral repúblico pgr pedir o presidente jair bolsonaro denunciar crime gestão pandemia covid-19 o representação enviar o o procurador-geral repúblico augusto arar pedir bolsonaro enquadrar crime previsto artigo pergio o vidar saudar outrem infração medir sanitário preventivo empregar irregular verba render público e prevaricação,brasil, Publicado em  24/03/21 10:29 ,Aguirre Talento,https://extra.globo.com/noticias/brasil/oab-pede-aras-que-denuncie-bolsonaro-por-prevaricacao-crimes-contra-saude-24939003.html
Bolsonaro eleva cloroquina ao estágio de vacina  ,,o pandemia deixar o governar zonzo brasília o general eduardo pazuello ministrar interino saudar o parlamentar sentir segurar adquirir o vacinar rússia o coronavírus evidência científico eficácia preferir apostar vacinar desenvolvido oxford simultaneamente comício disfarçar inauguração obrar parar jair bolsonaro declarar morte ocorrido brasil evitar doente tratar o início hidroxicloroquina reafirmar haver comprovação científico serventia cloroquina tratamento covid bolsonaro o provar vivo o medicamentar funcionar desconsiderar o fato paciente assintomático covid prático bolsonaro chamar o ministrar saudar cientista chefe e o população mundial imbecil dispor remédio capaz deter o coronavírus o mundo permitir morrer pessoa e o imbecilidade contínuo o pilho cadáver crescer entender brasil o pandemia gripezinha palavra bolsonaro o brasileiro imune o o contágio sujeitar mergulhar esgotar e pego afetado vírus precaver bolsonaro mandar reforçar estoque oficiar cloroquina hoje contabilidade oficial estima-se haver comprimir ano vacinar bolsonaro preciso chamar o general pazuello converso o presidente dever encomendar o o ministrar programar nacional distribuição gratuito curar covid juntar caixa cloroquina brasileiro receber kit maquiagem conter base branco tingir o rostir batom o pintar bocar engraçar e bolar vermelho realçar o nariz precisar tratar o morte reverência convir respeitar o sofrimento e o inteligência alheio,política,13/08/2020 19h23 ,13/08/2020 19h23 ,https://noticias.uol.com.br/colunas/josias-de-souza/2020/08/13/bolsonaro-eleva-cloroquina-ao-estagio-de-vacina.htm
Morre na Argentina primeira vítima do novo coronavírus na América Latina  ,,buenos aires mar afp homem ano morrer n sábado capital argentino coronavírus tornando-se o vítima fatal doença américa latino reportar o imprensar o paciente retornar fevereiro viagem europa falecer o argentino confirmar caso capital província buenos aires e outro córdoba centrar caso somar américa latino reportar brasil equador méxico chile peru colômbio costa rico e paraguai,saúde,07/03/2020 22h00 ,07/03/2020 22h00 ,https://noticias.uol.com.br/ultimas-noticias/afp/2020/03/07/morre-na-argentina-primeira-vitima-fatal-do-novo-coronavirus-na-america-latina.htm
Cai parcela de idosos acima de 80 anos com síndrome respiratória grave após vacinação da Covid-19,,"paulo o efeito proteção o vacinar covid-19 conferir o pessoa ano sentir estatístico indicar notificação paciente atendido síndrome respiratório agudo gravar srag brasil n sábado o vacinação país completar parcelar idoso representar médio 18,7 diagnóstico clínico durante o pandemia o cair 8,7 semana encerrar abril sivep-gripe o redução aparentar paciente srag confirmação diagnóstico covid-19 quedo 18,0 8,3 o ministério saudar milhão idoso n faixar população estimar 4,2 milhão receber o dosar vacinar o efeito estatístico tesar parcialmente visível ler o reportagem completar",saúde, Publicado em  16/04/21 04:30 ,Rafael Garcia,https://extra.globo.com/noticias/coronavirus/cai-parcela-de-idosos-acima-de-80-anos-com-sindrome-respiratoria-grave-apos-vacinacao-da-covid-19-24973827.html
660 marinheiros do mesmo navio dos EUA testam positivo para coronavírus  ,,marinheiro navio uss theodore roosevelt testar positivar o coronavírus — e aumentar tripulante testar e o restante o exame dia o informação divulgar marinho unir e reportar hoje cnn marinheiro internar sintoma grave hospital naval eua guam d uti parcelar significativo tripulação covid-19 haver 3.920 pessoa navio e resultar negativar o marinho informar e isolar infectar,saúde,17/04/2020 14h32 ,17/04/2020 14h32 ,https://noticias.uol.com.br/internacional/ultimas-noticias/2020/04/17/660-marinheiros-do-mesmo-navio-dos-eua-testam-positivo-para-coronavirus.htm
Crédito de R$ 12 bi para microempresas chega aos bancos em 15 de agosto  ,,"o crédito emergencial r$ bilião real pronampe programar nacional s microempresa e empresar pequeno portar começar o chegar o banco agostar o informação confirmar subsecretário desenvolvimento micro e pequeno empresar empreendedorismo e artesanato ministério economia antônia tallarida entrevisto o o jornal o globo o meter agostar banco o subsecretário alertar o possibilidade crédito adicional durar o levar o expectativa o gente conversar banco r$ bilião rápido r$ 15,9 bilião declarar banco aprender o operar o pronampe colocar operação digitar pé e instituição financeiro ficar entrar o gente conseguir chegar novembro recurso afirmar antônia o dinheiro socorrer s micro e pequeno empresar demorar o chegar negligência equipar ministério economia o gente atrasar o capital girar chegar pontar mau vontade circunstancial entender melhorar incentivo o gente precisar o financeiro o crédito chegar pontar explicar",saúde,30/07/2020 08h22 ,30/07/2020 08h22 ,https://economia.uol.com.br/noticias/redacao/2020/07/30/credito-de-r-12-bi-para-microempresas-chega-aos-bancos-em-15-de-agosto.htm
Governo de SP pedirá que passageiros vindos da Índia façam exame 72h antes  ,,o governar paulo exigir passageiro vir índio apresentar exame coronavírus rt-pcr negativar realizar 72h anterior o o embarcar ofício enviar secretário saudar anvisa agência nacional vigilância sanitário elenca exigência preenchimento autodeclaração endereçar completar e telefonar contato isolamento monitorado o documentar o o o uol acesso incluir viajante vir possuir registrar transmissão variante atenção o indiano b.1.617.2 o reinar unir o irlanda norte e o áfrico sul índio acordar o proposto governar paulo encaminhar o o gerente porto e aeroporto anvisa nélio cézar aquino passageiro dever realizar dia isolamento monitorados autoridade vigilância epidemiológico município cidade decidir aplicação multar casar quebrar quarentenar,saúde,26/05/2021 15h43Atualizada em 26/05/2021 18h23 ,26/05/2021 15h43Atualizada em 26/05/2021 18h23 ,https://noticias.uol.com.br/saude/ultimas-noticias/redacao/2021/05/26/governo-sp-pedira-passageiros-india-exame-covid-72h-antes.htm
Coronavírus: EUA têm 112.967 mortos e 1.994.283 casos confirmados  ,,"o total caso confirmar coronavírus unir aumentar 1.994.283 acordar o atualização hoje cdc centrar o controlo e prevenção doença americano o morte causar covid-19 chegar o 112.967 o morte causar covid-19 país crescimento 0,7 o ritmar o registrar dia anterior anteontem o aumentar 110.925 112.133 morto o ritmar caso confirmar subir o o dia anterior aumentar cercar 1.973.797 1.994.283 anteontem o crescimento 0,8 1.956.421 1.973.797 o cidade york o registrar o caso oficiar covid-19 unir total 210.098 seguir york 172.038 caso e jersey 165.346 caso",saúde,11/06/2020 16h02 ,11/06/2020 16h02 ,https://noticias.uol.com.br/ultimas-noticias/2020/06/11/coronavirus-sobe-para-112967-numero-de-mortos-nos-eua-1994283-casos-confirmados.htm
Receitas do Farmácia Popular vão prescrever medicamentos para 90 dias  ,,o ministério saudar anunciar hoje ampliar o quantidade medicamento prescrito programar farmácia popular paciente acesso medicação prazo paciente obter medicamento dia hoje o normal o médico prescrever quantidade suficiente dia medicação o medir o governar evitar desnecessário paciente o posto saudar o redução circulação social medir frear o transmissão coronavírus o farmácia popular programar o o sus único saudar fornecer gratuitamente medicamento contínuo população,saúde,19/03/2020 19h12 ,Felipe Amorim,https://noticias.uol.com.br/saude/ultimas-noticias/redacao/2020/03/19/receitas-do-farmacia-popular-vao-prescrever-medicamentos-para-90-dias.htm
"Covid: Com 2.736 mortes em 24h, país bate média de 2.000 óbitos pela 1ª vez  ",,o brasil voltar o registrar n quarta-feira assustador pandemia coronavírus hoje o médio móvel óbito causar covid-19 o ultrapassar 2.000 vítima — o índice chegar o 2.031 morte o alto o pandemia 19º dia seguir hoje haver o recordar caso infecção pandemia 90.830 e o morto 2.736 período horar o levantamento consórcio veículo imprensar uol basear fornecido secretariar estadual saudar registro o brasil totalizar 285.136 morto e 11.700.431 infectar coronavírus o morte notificar dia ficar registrar o país 2.798 óbito dia seguir óbito computar dia e outro país,política,17/03/2021 19h44Atualizada em 17/03/2021 21h31 ,17/03/2021 19h44Atualizada em 17/03/2021 21h31 ,https://noticias.uol.com.br/saude/ultimas-noticias/redacao/2021/03/17/covid-19-coronavirus-casos-mortes-17-de-marco.htm
País tem 40 mil mortes no ano por síndrome respiratória sem causa revelada  ,,"o brasil registrar o dia 1º agostar morte srag síndrome respiratório agudo gravar causar especificar ministério saudar e revelar provável subnotificação caso covid-19 país especialista consultar uol o srag o principal complicação causar covid-19 e responsável morte caso virose confirmar país 93,5 morte paciente o coronavírus registrar o dia 1º agostar o srag causar colocar contar síndrome agente etiológico especificar o covid-19 responder óbito registrar o morte causar srag agente representar total óbito o vírus influenza causar gripar responsável óbito ano 3,5 morte covid-19 o epidemiologista e professor e pesquisador usp universidade paulo paulo lotufo haver dúvida o d morte srag especificar causar covid-19",saúde,07/08/2020 17h35 ,Carlos Madeiro,https://noticias.uol.com.br/saude/ultimas-noticias/redacao/2020/08/07/brasil-tem-40-mil-mortes-por-sindrome-respiratoria-nao-especificada-no-ano.htm
Alemanha estuda medidas para diminuir quarentena em 19 de abril  ,,o alemanha planeja diminuir o rigidez quarentenar dia abril acontecer o governar estudar implementar série medir evitar onda contaminação coronavírus planar elaborar ministério interior alemão prever o máscara público limitar pessoa reunião e rastreamento cadeia infecção o idear manter o caso abaixar o retornar gradual s atividades considerar normal o governar prever o mecanismo permitir rastrear pessoa infectar contato horar seguinte o o diagnóstico infectar e pessoa contato colocar quarentenar casar hotel o alemanha quarentenar o dia março o paralisação custar o o país o recessão econômica ano,saúde,06/04/2020 09h40 ,06/04/2020 09h40 ,https://noticias.uol.com.br/ultimas-noticias/reuters/2020/04/06/alemanha-estuda-medidas-para-dimunir-quarentena-em-19-de-abril.htm
Não há provas de que rompimento em barragem no CE foi causado por sabotagem  ,,postagens rede social facebook e twitter o rompimento tubulação barragem jati município homônimo sul cear agostar informação comprovação afirmar o danar provocar bomba e o casar frutar ação sabotagem publicação o polícia federal pf apurar o supor atentar o o equipamento transposição francisco o informação confirmar pf causar vazamento barragem apurar acordar o ministério desenvolvimento regional responsável estruturar danificar haver assegurar o motivar o ocorrência o órgão cogitar publicamente o vazamento frutar ação criminoso deliberar atentar o bomba verificar imagem compartilhar aparecer dano barragem o vazamento ocorrência encontrar evidência confirmar afirmação feito texto acompanhar imagem publicação fonte o deputar estadual cear francisco assis cavalcante nogueira psl delegar cavalcante afirmar postagens e entrevisto ocorrer sabotagem explosivo duto o equipar entrar contato o assessoria deputar e informar iriar pensar responder o publicação d checagem haver respostar falar o perfil twitter publicar conteúdo similar o tentativo contato o tuíte apagar,política,27/08/2020 18h57 ,"Do UOL, em São Paulo*",https://noticias.uol.com.br/comprova/ultimas-noticias/2020/08/27/nao-ha-provas-de-que-rompimento-em-barragem-no-ce-foi-causado-por-sabotagem.htm
Vacinas contra covid-19: União Europeia enfrenta lentidão na entrega de imunizantes e disputa com britânicos,"Fabricantes de imunizantes estão com dificuldades para garantir o fornecimento das vacinas compradas. Segundo liderança do bloco europeu, porém, acordos são suficientes para garantir quase 2 bilhões de doses para os seus Estados-membros.",o união europeu ue criticar progresso lentar vacinação o coronavírus estados-membros o problema abastecimento atraso entregar e disputar o reinar unir semana tentativo conter o problema o bloco anunciar restringir o exportação vacinar — medir duramente criticar organização mundial saudar oms porta-vozes oms afirmar o nacionalismo vacinar acabar inadvertidamente prolongar o pandemia e representar falência moral o ue afirmar prioridade o proteção e segurança cidadão página comissão europeu internet o bloco o intenção restringir exportação o absolutamente necessário e o união permanecer plenamente comprometido o solidariedade internacional e obrigação internacional,saúde, 06/02/2021 09h44 , Por BBC ,https://g1.globo.com/mundo/noticia/2021/02/06/vacinas-contra-covid-19-uniao-europeia-enfrenta-lentidao-na-entrega-de-imunizantes-e-disputa-com-britanicos.ghtml
'Somos excluídos': prevenção ao corona 'esquece' favelas sem saneamento  ,,lavar mão água e sabão utilizar álcool gel medir simples o contágio coronavírus inacessível o parcelar pobre população morador favela rir esgotar o céu aberto e falho abastecimento água cotidiano relatar o o uol preocupação antar o avançar covid-19 raull santiago fundador coletivo papar reto complexo alemão conjuntar comunidade zonar norte carioca o dificuldade acesso o água potável deixar morador favela trás corrido o vírus d pandemia o gente sofrer o violência histórico desigualdade água encanar acesso o água diariamente e direito básico amplamente garantir o o gente poupar água conscientização ambiental necessidade o gente água hoje novamente d semana relatar santiago o comunicador morar casar pessoa criança o água cair chegar s torneira semana e dia fraco,saúde,17/03/2020 04h00 ,Lola Ferreira,https://noticias.uol.com.br/saude/ultimas-noticias/redacao/2020/03/17/somos-excluidos-prevencao-ao-corona-esquece-favelas-sem-saneamento.htm
Esse cachorrinho é o guia de viagens virtuais mais fofo que você vai ter  ,,conhecer rasta pastor suíço branco requisitar o guiar turístico viagem virtual durante o pandemia coronavírus instagram o perfil cachorro seguidor levar o pessoal quarentenar casar conhecer bonito suíço foto e vídeo e claro contar o companhia aventureiro pato publicação compartilhar am king rasta abr s 10:47 pdt pefluencer viagem apresentar rasta mostrar cenário paradisíaco norte europa direito o montanha lago e trilhar visual deslumbrante,saúde,29/04/2020 14h15 ,29/04/2020 14h15 ,https://www.uol.com.br/nossa/noticias/redacao/2020/04/29/esse-cachorrinho-e-o-o-guia-de-viagens-digital-mais-fofo-que-voce-vai-ter.htm
"Após cumprimentar apoiadores, Bolsonaro diz que é o responsável caso tenha se contaminado",Presidente descumpriu no domingo recomendação de médicos para se manter em casa. Primeiro teste de Bolsonaro para coronavírus deu negativo. Ele fará um novo exame nesta terça.,o presidente jair bolsonaro afirmar n segunda-feira “ direito ” apertar mão apoiadores e casar infectar o coronavírus motivar o “ responsabilidade ” d “ ninguém o ” declarar bolsonaro declaração entrevisto rádio bandeirante dia descumprir o recomendação monitoramento médico razão confirmação contaminação coronavírus integrante comitiva viajar o unir semana passar bolsonaro testar resultar negativar o presença vírus e exame n terça-feira aconselhar o permanecer palácio alvorar residência oficial presidência descumprir o recomendação domingo dia o brasil contabilizar caso coronavírus bolsonaro deixar o palácio alvorar e participar manifestação o governar crítico o o congresso e o o supremo tribunal federal stf o presidente descer o rampa palácio planalto e o gradar apertar o mão apoiadores e tirar selfies,política, 16/03/2020 14h26 ," Por Guilherme Mazui, G1 — Brasília ",https://g1.globo.com/politica/noticia/2020/03/16/apos-cumprimentar-apoiadores-bolsonaro-diz-que-e-o-responsavel-caso-tenha-se-contaminado.ghtml
"Em meio a pandemia e problemas digitais, eleição termina em 26 estados  ",,o votação turno eleição municipal encerrar hoje brasileiro participante o festa democracia pleno pandemia coronavírus marcar filar problema digitar o e-título e tentativo atacar hackers o o tse tribunal superior eleitoral neutralizar relatório tse 147.918.483 eleitor apto o votar disponibilizar 400.257 urna eleitoral d 3.381 trocar e 51.977 contingência,política,15/11/2020 17h01Atualizada em 16/11/2020 00h55 ,Douglas Porto e Ricardo Marchesan ,https://noticias.uol.com.br/eleicoes/2020/11/15/eleicoes-municipais-2020-votacao-encerrada.htm
"Me considero um garantista, diz Kassio Marques  ",,sabatino senado o desembargador federal kassio nunes marcar indicar o vago stf supremo tribunal federal presidente jair bolsonaro declarar considerar juiz garantista,política,21/10/2020 11h32 ,21/10/2020 11h32 ,https://noticias.uol.com.br/videos/2020/10/21/me-considero-um-garantista-diz-kassio-marques.htm
Coalizão Negra por Direitos anuncia pedido de impeachment contra Bolsonaro   ,,"o coalizão negro direito reunir organização e coletivos movimentar negro anunciar hoje propor pedir impeachment o presidente jair bolsonaro afirmar crime responsabilidade piorar o político genocídio o população negro noto o organização citar o tratar governar federal o pandemia coronavírus atar o saudar público o coalizão faltar medir emergenciais voltar população negro e d trabalhador informar comunidade quilombolas trabalhador rural e população carcerário e periferia acordar portal transparência arpen brasil associação nacional registrador pessoa natural início julho morte doença respiratório durante o pandemia crescer 72,8 pardo brasileiro preto o alto ficar 70,2 o crescimento óbito doença branco ficar 24,5 o coalizão caracterizar discurso presidente gestão público racista afirmar ações e crime responsabilidade atentar diretamente e objetivamente o vidar população negro e comunidade",saúde,30/07/2020 17h30Atualizada em 30/07/2020 18h06 ,30/07/2020 17h30Atualizada em 30/07/2020 18h06 ,https://noticias.uol.com.br/politica/ultimas-noticias/2020/07/30/coalizao-negra-por-direitos-anuncia-pedido-de-impeachment-contra-bolsonaro.htm
'Prefiro a vida da minha mãe que um trabalho': os brasileiros que abriram mão do emprego por medo da covid-19  ,,o trabalhar agente portar condomínio prédio residencial tornar riscar jessica tomaz ano o exposição o o coronavírus contato passar portar trajeto precisar ônibus lotar e metrô chegar o o trabalhar água claro distrito federal e o medo covid-19 mãe maria socorrer ano hipertensão março início pandemia pedir demissão ficar medo contar mãe riscar o vidar d e o trabalhar preferir o vidar d empregar conseguir bbc news brasil,saúde,29/07/2020 06h28 ,Laís Alegretti - @laisalegretti,https://economia.uol.com.br/noticias/bbc/2020/07/29/prefiro-a-vida-da-minha-mae-que-um-trabalho-brasileiros-que-abriram-mao-do-emprego-por-medo-da-covid-19.htm
Moro diz que pandemia de coronavírus reduziu acidentes e roubos em estradas  ,,restrição tráfego rodovia brasileiro durante o pandemia coronavírus provocar quedo acidente e redução morte março e abril d ano o informação divulgar ministrar justiçar e segurança público sergio morar base polícia rodoviário federal prf o efeito lateral coronavírus positivar decorrer diminuição transportar rodoviário âmbito rodovia federar afirmar morar durante entrevisto coletiva palácio planalto hoje morar o diminuição caso grave intervalar e o ferir cair efeito salutar sentir diminuir o pressão atendimento médico utis unidade atendimento intensivo d pessoa sofrer infelizmente acidente claro quedo o causar d alvissareiro o motivar principal o diminuição tráfego rodovia positivar d cenário outro,saúde,13/04/2020 22h15 ,Julia Lindner e André Borges,https://noticias.uol.com.br/ultimas-noticias/agencia-estado/2020/04/13/moro-diz-que-pandemia-de-coronavirus-reduziu-acidentes-e-roubos-em-estradas.htm
Os sinais que indicam nova alta da dengue no Brasil em 2020  ,,o brasil confirmar casar paciente coronavírus surgir chino velho brasileiro sinal infectar pessoa o vírus dengue transmitir mosquito aedes aegypti o recente boletim epidemiológico ministério saudar o dengue o caso provável doença — notificar pastar — crescer semana ano comparação o período notificar 94.149 caso provável o semana ano precisamente 29/12/2019 o 01/02/2020 antar 79.131 período ano passar n início haver o confirmação pessoa morrer dengue país o comparação óbito incerto mudar conformar chegar resultar análise laboratorial e medir e município enviar informe o o ministério boletim atual computar caso e morte registrar o fevereiro,saúde,28/02/2020 07h01 ,Leandro Machado (@machadoleandro) e Mariana Alvim (@marianaalvim),https://noticias.uol.com.br/saude/ultimas-noticias/bbc/2020/02/28/sinais-que-indicam-nova-alta-da-dengue-no-brasil-em-2020.htm
Ratinho Júnior: Testes e ocupação de UTI definirão se haverá lockdown no PR  ,,"o governador paraná rato júnior afirmar entrevisto rádio jovem pan o teste realizar e o taxar ocupação leito uti definir haver necessidade decretar lockdown acordar o ministério saudar o paraná o brasileiro o incidência caso coronavírus habitante 16,2 o índice considerar sucesso governador o resultar positivar acontecer graça o conjuntura fatores especialmente o o alto índice testagem população trabalhar teste teste rápido testar cotonete especialista precisar sair teste dia brasil seguramente o paraná o testar proporcionalmente habitante começar o radiografia o vírus comportar adotamos o testagem massa o sacar país conseguir amenizar problema revelar o governador entrevisto concedido hoje o o programar pânico durante o converso rato prometer aumentar o teste diário semana encaminhar exame rápido diferente região o ajudar o monitorar o propagação covid-19 o morte confirmar e 1.849 caso doença",saúde,12/05/2020 15h24 ,12/05/2020 15h24 ,https://noticias.uol.com.br/saude/ultimas-noticias/redacao/2020/05/12/ratinho-junior-testes-e-ocupacao-de-uti-definirao-se-havera-lockdown-no-pr.htm
Voto de Nunes Marques revela que Bolsonaro teme mais Lula que Moro em 2022  ,,visto político o votar ministrar stf nunes marcar o suspeição sergio morar revelar o presidente jair bolsonaro temer o ex-presidente lula o ex-juiz federal disputar eleitoral manifestar n terço julgamento 2ª turma stf o respeitar habeas corpus defeso lula pedir o suspeição morar processo o petista juridicamente nunes marcar confessar dificuldade votar o divergência pensar divergir opinar suspeição morar lembrar melhorar rosar weber supremo abril o o analisar habeas corpus lula evitar o prisão condenação instância o ministro votar o pensamento ano o obedecer jurisprudência recente cortar indicar bolsonaro ministrar stf nunes marcar piruetar jurídico capaz o garantismo o morar corromper o lei processual penal respeitar o o contraditório levar contar morar e parceiro lavar jato,política,23/03/2021 15h55 ,23/03/2021 15h55 ,https://noticias.uol.com.br/colunas/kennedy-alencar/2021/03/23/voto-de-nunes-marques-revela-que-bolsonaro-teme-mais-lula-que-moro-em-2022.htm
Ministro da Austrália que se encontrou com Ivanka Trump tem coronavírus,"O ministro do Interior da Austrália, Peter Dutton, anunciou que seu teste para coronavírus deu positivo; ele se encontrou, na semana passada, com Ivanka Trump, filha do presidente Donald Trump.",o ministrar interior austrália peter dutton anunciar testar positivar o coronavírus e entrar quarentenar hospital n sexta-feira manhã acordar febre e dor garganta afirmar dutton ministro australiano influente e idealizador lei restritivo país migração o político autoridade saudar resultar positivar hospitalizar e cumprir o instrução completar dutton o diagnóstico gerar perguntar membro gabinete e o primeiro-ministro scott morrison infectar,ciência, 13/03/2020 12h43 , Por France Presse ,https://g1.globo.com/mundo/noticia/2020/03/13/ministro-da-australia-que-se-encontrou-com-ivanka-trump-tem-coronavirus.ghtml
Ministros de 8 países da UE pedem campanha de vacinação conjunta  ,,"roma ansa ministro saudar alemanha bélgica espanha frança itália luxemburgo país e suíço reunir virtualmente hoje e defender estados-membros união europeu maneiro conjunto o campanha vacinação anti-covid reafirmar o necessidade coordenar esforço utilização seguro eficiente e transparentar vacinar anti-covid durante o encontrar dezembro identificar aspecto essencial o campanha vacinação dever coordenar estados-membros especialmente transfronteiriço noto representantes.o texto afirmar precisar promover o coordenação início campanha vacinação e rápido compartilhamento informação autoridade nacional competente permitir claro comunicação particular população região fronteiras"".os ministro pedir plano imunização regrar comum países-membros ficar claro o população procedimentos.a idear dia d conjuntar país união europeu haver ventilar premiê itália giuseppe contar dia dezembro o idear demonstrar unidade bloco.os estados-membros ue acesso o imunizante diferente adquirir comissão europeu distribuir conformar necessidade apresentar nação e tamanho população.serão 1,305 bilião dose vacinar biontech pfizer moderno astrazeneca universidade oxford sanofi gsk johnson johnson e curevac chegar o 1,965 dose",saúde,15/12/2020 15h42 ,15/12/2020 15h42 ,https://noticias.uol.com.br/ultimas-noticias/ansa/2020/12/15/ministros-de-8-paises-da-ue-pedem-campanha-de-vacinacao-conjunta.htm
Cloroquina já faz o governo ser um fora da lei. Esperem enxurrada de ações  ,,balacobaco o ministério defeso o recorrer procuradoria repúblico o ministrar gilmar mendes governar lei e o futurar chegar o tribunal enxurrar ações judiciar alvo o brasileiro gestor político saudar refazer o percurso tratar assunto voltar forçar perguntar responder e explicar o presidente repúblico e ministro o direito agir o dispor o ciência o respostar o o votação supremo relembrar maio o governar mandar o o congresso o mp dispor agente público enfrentamento efeito diretos e indiretos covid-19 responsabilizar esfera civil e administrativo saudar e economia agir dolo errar grosseiro o texto escancaradamente inconstitucional aberração o casar parar supremo relatoria ministrar roberto barroso ações diretas inconstitucionalidade impetrar o texto redar sustentabilidade psol pdt cidadania pv e pcdob e associação brasileia imprensar diferente o artigo constituição explícito parágrafo 6º pessoa jurídico direito público e direito privar prestador serviço público responder dano agente n qualidade causar o assegurar o direito regressar o responsável caso dolo culpar,política,15/07/2020 08h57 ,15/07/2020 08h57 ,https://noticias.uol.com.br/colunas/reinaldo-azevedo/2020/07/15/cloroquina-ja-faz-o-governo-ser-um-fora-da-lei-esperem-enxurrada-de-acoes.htm
Barroso pede a candidatos que sigam alertas para evitar covid-19  ,,o presidente tribunal superior eleitoral tse luís roberto barroso reforçar o pedir candidato eleitor e membro tribunal regional eleitoral seguir recomendação sanitário o evitar o contágio coronavírus pedir o candidato e população seguir recomendação sanitário tribunal superior eleitoral seguindo-as o riscar contaminação mínimo querer eleição focar picar doença barroso durante o sessão plenário cortar hoje barroso afirmar ligar presidente tribunal regional o enfatizar o necessidade cuidar durante o campanha eleitoral e dia eleição o escolher futuro prefeito e vereador marcar o dia,política,29/10/2020 17h56 ,29/10/2020 17h56 ,https://noticias.uol.com.br/eleicoes/agencia-brasil/2020/10/29/barroso-pede-a-candidatos-que-sigam-alertas-para-evitar-covid-19.htm
O diagnóstico de demência pode ser fator de risco para o suicídio?,Pesquisadores da Universidade da Califórnia cruzaram dados de mais de 147 mil pessoas ,suicídio velhice problema relevante saudar público letalidade idoso comparar jovem fatores concorrer o situação claro o papel desempenhar quadro declínio cognitivo levar e demência tentativo suicídio o o literatura médico atestar o riscar aumentar caso demência associar o depressão pesquisador universidade califórnio san francisco passar trabalhar publicar março revisto científico “ jama psychiatry ” o estudar cruzar indivíduo d declínio cognitivo levar demência e transtorno o declínio cognitivo levar diagnóstico englobar dificuldade memória afetam atividades diário importante esquecer o gás o fornir ligar “ desaprender ” algum temer o o pessoa total domínio total paciente declínio cognitivo e demência suicídio doença o chamar o atenção pesquisador o riscar tentativo suicídio consistentemente paciente diagnóstico recente aumentar diagnosticar declínio cognitivo e receber o notícia quadrar demencial independentemente comorbidades médico e psiquiátrico levantamento recente realizar dinamarca chegar conclusão o riscar suicídio triplicar o diagnóstico pensamento o medo perder o autonomia tornar fardar e o antecipação acontecimento futuro motivo o atar o constatação desdobramento relevância termo saudar público o necessidade serviço suportar mitigar o problema afinal trata-se diagnóstico mudo o vidar humanar – acompanhamento psicológico o d precisar pensar formar reduzir o isolamento planejar cuidar paliativo e tomar decisão legar e financeiro cabíveis,ciência, 01/04/2021 06h00 , Rio de Janeiro ,https://g1.globo.com/bemestar/blog/longevidade-modo-de-usar/post/2021/04/01/entenda-se-o-diagnostico-de-demencia-pode-ser-fator-de-risco-para-o-suicidio.ghtml
Coronavírus: governo federal só enviou a estados 11% de kits de UTI prometidos  ,,o ministério saudar entregar kit instalação leito uti o total prometido destacar o jornal o s. paulo o pastar correr empresar fornecer d kit o enviar inferior o o leito extra instalar o paraná cercar contratar o maranhão instalar específico covid-19 março o governar federal prometer entregar o levar leito reservar técnico d chegar o unidade seriar reservar tornaram-se essencial região conseguir vencer o entregar o governar federal aumentar o meter março o ministério prazo entregar leito o ex-secretário executivo pastar joão gabbardo afirmar produto entregue semana o o empresar contratar entregá-los o o governar federal,saúde,30/04/2020 12h00 ,Mateus Vargas e André Borges,https://noticias.uol.com.br/ultimas-noticias/agencia-estado/2020/04/30/uniao-so-enviou-a-estados-11-de-kits-de-uti-prometidos.htm
"Delator de investigada na Lava Jato cita pagamentos a Wassef, diz revista  ",,"o advogar frederick wassef citar delação orlar diniz ex-presidente fecomércio rir supostamente receber recurso empresar — investigar operação lavar jato o informação revisto crusoé r$ 2,6 milhão pago o wassef auxiliar banca paulo investigação interno fecomércio o pagamento constar relatório coaf controlo atividades financeiro listou repasse jbs o o advogar relatório o revisto constar o dinheiro pagar escritório advogar paulista luiza nagib eluf ex-procuradora justiçar mp-sp ministério público paulo entrevisto publicação contratar realizar investigação interno fecomércio e subcontratou wassef auxiliá-la o advogar alegar amigo longo datar e o trabalhar o fecomércio durar anos.wassef revisto advogar cultivar e informar órgão investigação diferente entanto o publicação afirmar o surgir papel investigador",política,26/08/2020 23h00 ,26/08/2020 23h00 ,https://noticias.uol.com.br/politica/ultimas-noticias/2020/08/26/wassef-fecomercio-delacao-pagamentos-investigada.htm
Mandetta pede que Bolsonaro 'reflita' sobre pandemia durante recuperação  ,,o divulgação diagnóstico covid-19 jair bolsonaro luiz henrique mandetta demonstrar surpreso entrevisto o o metrópole o ex-ministro saudar afirmar o presidente conscientizar portador doença infeccioso e alertar o gravidade situação pandemia país aglomerar máscara chance enorme contrair o doença casar d contrair — e esperar contrair mandetta pessoa seguir recomendação o isolamento tratar enfim cuidar transmitir o doença pessoa o presidente contato gente e pessoa contato acrescentar o ex-ministro saudar recomendar o bolsonaro repensar atitude e ações tomar durante o pandemia coronavírus brasil,saúde,09/07/2020 12h26 ,09/07/2020 12h26 ,https://noticias.uol.com.br/saude/ultimas-noticias/redacao/2020/07/09/mandetta-pede-que-bolsonaro-reflita-sobre-pandemia-durante-recuperacao.htm
Partidos vão ao STF contra mudança na divulgação de mortes por covid no DF  ,,redar psol e pcdob acionaram o stf supremo tribunal federal mudança divulgação morte covid-19 anunciar governar distrito federal apresentar o pedir o o ministrar alexandre moraes junho impedir o governar federal promover alteração semelhante metodologia divulgação pandemia o governar df distrito federal anunciar quarta-feira passar o divulgar o morte ocorrido horar e o total óbito confirmar período o diferençar importante comum o demorar resultar teste confirmar o morte paciente o doença o divulgação diário estatístico contabilizar morte ocorrer dia óbito ocorrido fato horar,saúde,23/08/2020 11h27Atualizada em 23/08/2020 11h38 ,Felipe Amorim,https://noticias.uol.com.br/saude/ultimas-noticias/redacao/2020/08/23/partidos-vao-ao-stf-contra-mudanca-na-divulgacao-de-mortes-por-covid-no-df.htm
Ministra diz que CPI da Pandemia não deve 'politizar uma crise tão grande',,brasília o ministro secretariar governar flávia arruda pl-df responsável articulação político planalto e congresso defender n segunda-feira “ politizar ” o cpi pandemia flávia deputar federal o temer “ sensível ” “ legitimar ” parlamentar instalar comissão parlamentar inquérito — achar o o gente respeitar e politizar comissão achar o gente focar planar trabalhar o cpi politizar crise — afirmar o ministro seminário xp investimento o colegiado instalar determinação supremo tribunal federal stf criação comissão visar investigar ações e omissão governar jair bolsonaro enfrentamento pandemia flávia o governar preparar e “ disposição ” prestar informação necessário o senador informar trabalhar ajudar construção planar enfrentamento cpi o ministro ressaltar o conceito comissão “ propositiva ” indicar senador omar aziz psd-am cotar presidir o comissão aziz hoje convocação ministrar economia paulo guedes testemunhar colegiado iriar politizar o discussão — natural parlamentar perguntar o cpi exatamente auge pandemia o gente viver e concentrar esforço salvar vidar alçar o o cargo aval presidente câmara arthr lira pp-al flávia atuar construção diálogo permanente o interlocução o congresso — o o gente preciso n construção e passar político evento o ministro destacar o acordar sanção parcial orçamentar e defender recurso saudar — viver crise sanitário e humanitário necessário salvar vidar o gente hesitar o gente viver guerra medir instalar o gente recurso o saudar,brasil, Publicado em  19/04/21 18:51 ,Adriana Mendes ,https://extra.globo.com/noticias/brasil/ministra-diz-que-cpi-da-pandemia-nao-deve-politizar-uma-crise-tao-grande-24978414.html
Senadora Kátia Abreu (PP-TO) recebe alta após 7 dias internada com covid-19  ,,o senador kátia abreu pp-to receber alto n sábado ficar dia internar hospital sírio libanês paulo tratar o covid-19 respirar continuar tomar corticoide e exercício respiração fortalecer pulmão abatido vírus o senador mensagem publicar rede social sentir cheirar sabor atuação vírus completar kátia abreu comunicar o coronavírus 1º novembro o testar pessoa equipar contrair o doença,política,28/11/2020 12h13 ,Eduardo Gayer,https://noticias.uol.com.br/ultimas-noticias/agencia-estado/2020/11/28/senadora-katia-abreu-pp-to-recebe-alta-apos-7-dias-internada-com-covid-19.htm
Bolsonaro encaminha para Toffoli texto que afirma que quem pede intervenção militar deve dizer quem ocupará a cadeira do presidente,"Bolsonaro discursou em manifestação pró-intervenção em Brasília em 19 de abril, dia do Exército, e disse não querer 'negociar nada'. 'Agora é povo no poder', afirmou na ocasião.",o presidente jair bolsonaro encaminhar o o presidente supremo tribunal federal stf dia toffoli texto autoria identificar afirmar defender o intervenção militar ocupar o cadeira presidente repúblico ler o íntegro texto o o reportagem pedir intervenção militar art decidir general ocupar o cadeira capitão jair bolsonaro pedir ai-5 mostrar constituição dispositivo sic o texto o mensagem obtido blog revelar inicialmente jornalista vero magalhães jornal o s. paulo o texto referência o protesto domingo dia exército manifestante s ruir pandemia coronavírus e defender medir ilegal o fechamento congresso nacional e stf e o reedição ai-5 atar institucional endurecer o regime militar o texto enviar bolsonaro o toffoli afirmar manifestação justo e garantir cf constituição federal pedir haver ataque o presidência o supremo o congresso ruir pautar real objetiva focar missão,política, 23/04/2020 08h49 , ,https://g1.globo.com/politica/blog/julia-duailibi/post/2020/04/23/bolsonaro-manda-mensagem-a-toffoli-e-diz-que-quem-pede-intervencao-militar-deve-dizer-quem-ocupara-seu-lugar.ghtml
Como evitar a ansiedade e a depressão causadas pelo isolamento,Especialista recomenda fazer atividade física e respeitar as horas de sono ,"Há 190 anos a Academia Nacional de Medicina realiza, semanalmente, sua reunião científica. Em tempos de pandemia, agora esses encontros são virtuais e acompanhei o da última quinta-feira (26), cujo tema, como não poderia deixar de ser, era o novo coronavírus. O psiquiatra Antonio Egidio Nardi, que também é membro da Academia Brasileira de Ciências e professor titular da Universidade Federal do Rio de Janeiro (UFRJ), discorreu sobre o risco de depressão nesse período de isolamento social. Ele afirmou que, apesar de todos os desafios que o mundo está enfrentando, é um erro colocar a saúde mental em segundo plano: “é natural que as pessoas só falem do novo coronavírus e da crise, mas é importante buscar outros assuntos. Essa saturação temática gera pensamentos obsessivos, fóbicos, hipocondríacos, que podem levar a um quadro de transtorno de ansiedade e depressão”.  O estresse do confinamento por um período cuja duração ainda desconhecemos e o medo de encarar uma doença que pode levar à morte têm forte impacto em nosso equilíbrio, principalmente para quem mora sozinho – segundo o IBGE (Instituto Brasileiro de Geografia e Estatística), o Brasil tem 4.3 milhões de idosos vivendo nesta situação. “A solidão é fator de risco para a depressão e para o abuso do consumo de álcool”, alertou o psiquiatra, que listou diversos cuidados que devem ser observados:  1) A atividade física é indispensável para manter a saúde mental. Mesmo dentro de casa, todos devem tentar se exercitar.  2) Respeitar as horas de sono também é fundamental. Sem sair, muita gente acaba virando a noite vendo TV e altera seu relógio biológico.",ciência, 31/03/2020 06h01 , Rio de Janeiro ,https://g1.globo.com/bemestar/blog/longevidade-modo-de-usar/post/2020/03/31/como-evitar-a-ansiedade-e-a-depressao-causadas-pelo-isolamento.ghtml
Apostar na CoronaVac é saída para minimizar desastre de Bolsonaro | Kennedy Alencar  ,,apostar coronavac o único sair restar o o brasil minimizar o desastre presidente jair bolsonaro o o lidar o pandemia covid-19 planejamento antecipar o governar deixar o país filar corrido mundial vacinar o coronavírus bolsonaro travar disputar político o governador paulo joão doria colocar fichar coronavac parceria o chinês sinovac e o instituto butantan bolsonaro dever antecipar e negociar empresar pesquisar o produção imunizante o negacionismo científico e o incompetência administrativo agravar efeito pandemia brasil analisar kennedy alencar coluna vídeo hoje,saúde,18/12/2020 15h28 ,18/12/2020 15h28 ,https://noticias.uol.com.br/videos/2020/12/18/apostar-na-coronavac-e-saida-para-minimizar-desastre-de-bolsonaro--kennedy-alencar.htm
Desenvolvedores da vacina russa se defendem de críticas do exterior  ,,desenvolvedores sputnik v o vacinar russo o covid-19 aprovar semana autoridade país defender hoje o eficácia e segurança medicamentar suspeito causar notícia aprovação o aparecimento vacinar russo indivíduo e empresar inteiro perder milhão dólar o reação esperar pensar o acontecer absolutamente normal alexandr ginzburg diretor centrar gamaleya o vacinar desenvolvido comunicar televisão público russo o cientista afirmar o remédio russo totalmente segurar e registrar acordar lei locar o ginzburg o crítico exterior o anúncio russo o lutar dinheiro concreto,saúde,13/08/2020 17h38 ,13/08/2020 17h38 ,https://noticias.uol.com.br/ultimas-noticias/efe/2020/08/13/desenvolvedores-da-vacina-russa-se-defendem-das-criticas-do-exterior.htm
Pazuello ganha uma aparência de boi de piranha  ,,o injustiça cometer eduardo pazuello atribuir o o general o responsabilidade condução precário pandemia coronavírus brasil o implosão doutorar henrique mandetta e nelson teich antecessor pazuello o cargo ministrar saudar ocupar jair bolsonaro acumular o ministério função presidente repúblico o subordinação general o o capitão seguir lógico militar palavra pazuello mandar o outro obedecer pressão o procurador-geral repúblico augusto arar pedir o o supremo tribunal federal o abertura inquérito investigar o conduta pazuello colapso atendimento saudar amazona o investigação autorizar cortar eloquente indício avisar previamente faltar oxigênio hospital manaus o ministério saudar demorar o agir dia iminente colapso atendimento paciente covid o ministério entregar manaus unidade hidroxicloroquina o remédio predileto bolsonaro o pastar saudar enviar remédio inútil combater covid hospital e posto saudar lidar paciente perder o vidar cilindro oxigênio pedir encaminhar o o supremo augusto arar classificar fato grave levantar o hipótese ocorrer omissão o investigação necessário municiar ação judicial contar o ministrar,política,25/01/2021 20h23 ,25/01/2021 20h23 ,https://noticias.uol.com.br/colunas/josias-de-souza/2021/01/25/pazuello-ganha-uma-aparencia-de-boi-de-piranha.htm
Rio Preto fecha supermercados no fim de semana para tentar conter covid-19  ,,o prefeitura josé rir preto sp determinar o fechamento supermercado e hipermercado durante semana tentativo controlar o disseminação coronavírus acordar o decretar publicar hoje estabelecimento d categoria cidade funcionar sábado e domingo delivery ficar proibir o modalidade drive-thru restrição vender bebido alcoólico ficar proibir estabelecimento comerciar s 20h e 6h o sexta-feira e durante horar o sábado e domingo medir tomar o objetivo desestimular aglomeração reduzir o taxar contaminação e evitar sobrecarga saudar cidade o secretário saudar municipal aldenis borim o situação hospital cidade preocupante,saúde,16/07/2020 09h12 ,16/07/2020 09h12 ,https://noticias.uol.com.br/saude/ultimas-noticias/redacao/2020/07/16/rio-preto-fecha-supermercados-no-fim-de-semana-para-tentar-conter-covid-19.htm
Bebê abandonado em caixa de papelão recebe alta e vai para abrigo,,beber recém-nascida encontrar caixa papelão bairro paripe salvador encaminhar o instituição organização auxílio fraterno oaf bairro lapinha o menino receber alto médico maternidade tsylla balbino internar o pequeno sophia nome escrever cartar deixar pai achar dia abril catador material reciclável frente o garagem ônibus avenida afrânio peixoto juntar haver mensagem pai falar o condição financeiro e psicológico sustentá-la “ filho o doloroso infelizmente e mãe viver vidar difícil o comer casar doer o pequeno e o o vidar culpar nascer infelizmente condição vidar digno esperar dia novamente e pedir perdão o esperar achar cuidar e amar novamente perdoar infelizmente condição financeiro e psicológico vidar cuidar pequeno sophia crescer senhor amar filho beijo pai e mãe ” o polícia o ninguém família procurar o criança localizar permanecer oaf e aguardar o decisão justiçar o delegacia especializar repressão o crime o criança e o adolescente dercca continuar investigar o casar e localizar pai o casar registrar 5ª delegacia territorial bairro periperi,brasil, Publicado em  13/05/21 15:42 ,Extra,https://extra.globo.com/noticias/brasil/bebe-abandonado-em-caixa-de-papelao-recebe-alta-vai-para-abrigo-25015951.html
Os critérios de Bolsonaro para definir o nome do próximo ministro do STF  ,,o presidente jair bolsonaro enxergar o ministrar celso mello stf inimigo pessoal novembro o decano aposentar bolsonaro livrar adversário cortar ganhar aliar alguém tomar cervejar comigo semana relatar coluna folhar s. paulo o jornalista monica bergamo nome hoje favorito ocupar o mello o ministrar justiçar andré mendonça e o ministrar secretariar governar jorge oliveira o vantagem andré mendonça jorge oliveira o fato o condição pastor igreja presbiteriano esperançar brasília terrivelmente evangélico bolsonaro o ministrar stf indicar mendonça trânsito cortar dá-se especialmente dia toffoli ano chefe advocacia união -- e vestir ministro alexandre moraes assinar ano passar livrar homenagem o toffoli,política,22/09/2020 10h31 ,22/09/2020 10h31 ,https://noticias.uol.com.br/colunas/thais-oyama/2020/09/22/os-criterios-de-bolsonaro-para-definir-o-nome-do-proximo-ministro-do-stf.htm
Sítio paleontológico em Presidente Prudente apresenta novas descobertas relacionadas a aves e répteis do Período Cretáceo,"Esqueletos de serpentes, bem como um crânio de pássaro de 80 milhões de anos atrás, da época dos dinossauros, foram encontrados no Parque dos Girassóis e estão sob estudos científicos.",o sítio paleontológico parque girassol presidente prudente sp rico fóssil ave o comunidade científico raridade colocar o cidade evidência serpente o descobrir questionamento n quarta-feira o paleontólogo willian roberto nava museu paleontologia marília sp anunciar novidade época dinossauro relacionar o o sítio paleontológico prudentino o localização fóssil serpente o novidade nava o achar serpente brasil período cretáceo e milhão ano durante escavação zonar sul presidente prudente esqueleto serpente localizar “ serpente viver dino material época dinossauro material presidente prudente serpentar o registrar brasil ” afirmar,ciência, 05/08/2020 14h00 ," Por Stephanie Fonseca, G1 Presidente Prudente ",https://g1.globo.com/sp/presidente-prudente-regiao/noticia/2020/08/05/sitio-paleontologico-em-presidente-prudente-apresenta-novas-descobertas-relacionadas-a-aves-e-repteis-do-periodo-cretaceo.ghtml
"Bretas concede liberdade provisória, sem tornozeleira, a Dario Messer  ",,o juiz federal marcelo bretas 7ª varar federal criminal rir conceder liberdade provisório e tornozeleira o o doleiro doleiros dario messer n tornar delator fechar acordar colaboração premiar o lavar jato fluminense delação doleiro doleiros afirmar ex-presidente paraguai o aconselhar o entregar e pagar us$ o decisão proferir recurso ministério público federal sugerir o bretas substituir prisão preventivo o doleiro incluir domiciliar tornozeleira eletrônica e medir cautelar ... ler íntegro estadão,política,31/08/2020 19h24 ,31/08/2020 19h24 ,https://noticias.uol.com.br/colunas/reinaldo-azevedo/2020/08/31/bretas-concede-liberdade-provisoria-sem-tornozeleira-a-dario-messer.htm
Longevidade vai depender cada vez mais da tecnologia,"Livro lista forças que aceleram mudanças e seu autor acredita que Apple, Google e Amazon conseguirão baixar os custos da saúde","dezembro escrever coluna livrar prever centenário tornar corriqueiro ano o janeiro obrar pretender chacoalhar “ the futurar is faster than you think ” “ o futurar rápido pensar ” tratar mudança acontecer década ano autor peter diamandis cofundador singularity university instituição valer silício mantido parceria o nasa e best-sellers “ abundância o futurar melhor pensar ” e “ bold oportunidade exponencial ” inovação ritmar o aceleração alimentar aceleração e o mundo o diamandis lista forçar alimentar mudança o abundância tecnologia multiplicar e aperfeiçoar ritmar vertiginoso consequência enfatizar economizar precioso oportunidade criar e inovar palestrar disponível vídeo e antecipar linha gerar livrar citar o seguinte o luzir velar equivaler o horar trabalhar homem hoje trabalhar produzir horar luzir o forçar o quantidade capital disponível financiar ideia crowdfunding levantar bilião dólar o equivalente o quase bilião real – e o previsão quantiar chegar o bi forçar o barateamento tecnologia o abundância comunicação atrelar o o custar minutar converso eua e o índio custar dólar hoje sair 0,01 dólar e diamandis prever o planeta conectar acesso informação o origem forçar o “ increasing genius ” gênios produzir o mundo interligar desperdiçar talento remoto deixar o tocar o forçar o aumentar expectativa vidar “ cuidar o saudar representar o negócio mundo e o quebrar achar apple google e amazon trabalhar melhor ” provocar entrevisto revisto “ fast company ” referir o assistente doméstico criar empresar o desempenhar papel relevante manutenção bem-estar pessoa reinar unir o amazon parceria o serviço nacional saudar o dispositivo eletrônico responder o perguntar simples “ o casar resfriar ” “ sintoma herpes ” o comedir",ciência, 07/01/2020 06h01 , Rio de Janeiro ,https://g1.globo.com/bemestar/blog/longevidade-modo-de-usar/post/2020/01/07/longevidade-vai-depender-cada-vez-mais-da-tecnologia.ghtml
AstraZeneca testa medicamento que pode dar imunidade instantânea ao coronavírus  ,,cientista reinar unir e unir fase teste medicamentar imunidade instantâneo o o coronavírus evitar pessoa contato recente alguém infectar desenvolver o doença o drogar criar farmacêutico astrazeneca e chamar azd7442 combinação anticorpo monoclonais feito laboratório o anticorpo pessoa recuperar covid-19,saúde,26/12/2020 17h31Atualizada em 28/12/2020 09h03 ,Fabiana Cambricoli,https://noticias.uol.com.br/ultimas-noticias/agencia-estado/2020/12/26/astrazeneca-testa-medicamento-que-pode-dar-imunidade-instantanea-ao-coronavirus.htm
Covid-19: STF forma maioria para manter obrigatoriedade de uso de máscara  ,,voto o stf supremo tribunal federal manter hoje o obrigatoriedade máscara acesso público e privar medir adotada conter o disseminação contágio coronavírus o vetar presidente jair bolsonaro o trecho lei obrigar o proteção combater o pandemia covid-19 haver derrubar agostar relator o ministrar gilmar mendes o obrigatório máscara ocorrer ônibus aeronave e embarcação coletivo e veículo transportar remunerar privar individual passageiro aplicativo táxi precisar templo religioso escola indústria e estabelecimento comerciar o temer voltar o discutir plenário virtual ministro voto online comparecer voto computar o meia-noite hoje,saúde,12/02/2021 17h05Atualizada em 12/02/2021 17h54 ,12/02/2021 17h05Atualizada em 12/02/2021 17h54 ,https://noticias.uol.com.br/politica/ultimas-noticias/2021/02/12/stf-forma-maioria-para-manter-obrigatoriedade-de-uso-de-mascara.htm
Saúde anuncia orientações para evitar a disseminação do coronavírus ,,"Medidas do dia a dia, como lavar as mãos e evitar aglomerações, reduzem o contágio da doença. Sem a adoção das recomendações, número de casos do coronavírus podem dobrar a cada três dias As capitais Rio de Janeiro e São Paulo já registram caso de transmissão comunitária, quando não é identificada a origem da contaminação. Com isso, o país entra em uma nova fase da estratégia brasileira, a de criar condições para diminuir os danos que o vírus pode causar à população. Em videoconferência com profissionais das Secretarias Estaduais de Saúde de todo o país, o Ministério da Saúde anunciou, nesta sexta-feira (13), recomendações para evitar a disseminação da doença. As orientações deverão ser adaptadas pelos gestores estaduais e municipais, de acordo com a realidade local. “Não há uma regra única para todo o país. Cada região deve avaliar com as autoridades locais o que se deve fazer caso a caso. Neste momento, nós não temos o Brasil inteiro na mesma situação, por isso é importante analisar o cenário de casos e possíveis riscos”, destacou o secretário de Vigilância em Saúde do Ministério da Saúde, Wanderson de Oliveira.",saúde,13/03/2020 23h10,"Por Natália Monteiro, Vanessa Aquino, Sílvia Pacheco e Luísa Scheneiders da Agência SaúdeAtendimento à Imprensa(61) 3315-2745 / 3580 / 2351",https://www.gov.br/saude/pt-br/assuntos/noticias/saude-anuncia-orientacoes-para-evitar-a-disseminacao-do-coronavirus
"'Trump é presidente errado para EUA', diz Michelle Obama, em ataque inédito  ",,o ex-primeira-dama michelle obama mandar balir inédito campanha eleitoral americano donald trump o presidente errar o país o o discursar defeso eleição democrata joe biden abertura convenção nacional democrata noite d eua ex-presidentes o hábito criticar sucessor tampouco ex-primeiras-damas michelle obama alto popularidade americano duro discursar trump lembrar dividir o país perder votar popular e altura cargo trump o presidente errar eua michelle afirmar o provar o trabalhar missão capacidade republicano algum esperançar acabar caos votar biden vidar depender d trump altura simplesmente conseguir o precisar o o ex-primeira-dama o acontecer n país corretar o o gente michelle alertar americano o riscar reeleger trump pensar piorar confiar mim e piorar mudança n eleição,saúde,18/08/2020 00h29 ,18/08/2020 00h29 ,https://noticias.uol.com.br/colunas/kennedy-alencar/2020/08/18/trump-e-presidente-errado-para-eua-diz-michelle-obama-em-critica-inedita.htm
Diretor do Sírio Libanês defende uso obrigatório de máscara: 'Protege vida'  ,,diretor-geral hospital sírio-libanês o médico cirurgião paulo chapchap defender o prevenção o melhor o coronavírus comandar o equipar iniciativo batizada saudar objetivo alocar r$ bilião o itaú unibanco doar apoiar o sus combater doença avaliação chapchap pilar importante atuação o informação pessoa conscientizarem gravidade pandemia e responsabilidade proteger e o haver saudar mundo contar sobrecarga afirmar entrevisto o o jornal o globo o médico o máscara dever político nacional obrigatório proteger vidar cinto segurança pandemia acabar,saúde,27/04/2020 08h02 ,27/04/2020 08h02 ,https://noticias.uol.com.br/saude/ultimas-noticias/redacao/2020/04/27/diretor-do-sirio-libanes-coronavirus.htm
'Minions 2' ganha nova data em 2021 após adiamento por coronavírus  ,,minions o origem gru datar chegar o cinema o universal e o illumination anunciar haver semana o adiamento filmar decorrência precaução o pandemia coronavírus decidir lançar o sequência julho datar claro referir inicialmente o o lançamento eua — brasil o longo seguir estrear confirmar o informação deadline datar minions tomar o sequência sucesso animação sing continuação longo o universal empurrar produção julho dezembro feriar natal o adaptação cinematográfico musical wicked marcar estrear natalina ficar datar definir,saúde,01/04/2020 14h20 ,01/04/2020 14h20 ,https://entretenimento.uol.com.br/noticias/redacao/2020/04/01/minions-2-ganha-nova-data-em-2021-apos-adiamento-por-coronavirus.htm
Bill Gates prevê piora da pandemia e perigo das teorias da conspiração  ,,o filantropo bilionário bill gatar prognóstico sombrio durante evento online ted o plataforma alertar o riscar pandemia causar vírus altamente infeccioso gatar e mulher melinda gatar dedicar fundação levar nome haver década focar global saudar e combater coronavírus ajudar o criar o coalizão inovação prevenção epidemiar cepi sigla inglês hoje acompanhar o desenvolvimento vacinar covid-19 mundo garantir o fabricação país render evento gatar ano falar razão unir voltar o alto taxar mortalidade improbabilidade vacinar e terapia deixar esperançoso o bilionário cofundador microsoft comentar mistério assombrar especialista e bizarro teoria conspiração circular nome aumentar morte,saúde,07/07/2020 10h00 ,Fernanda Ezabella,https://tab.uol.com.br/noticias/redacao/2020/07/07/bill-gates-preve-piora-da-pandemia-e-perigo-das-teorias-da-conspiracao.htm
Djokovic se une a projeto com Nadal para ajudar no combate ao coronavírus  ,,o tenista novak djokovic deixar o rivalidade rafael nadal prol causar nobre o combater o o coronavírus o sérvio contribuição financeiro o o instituto cruz vermelho responder projeto promover espanhol e jogador basquete pau gasol arrecadar fundo conter o pandemia espanha enorme o djokovic contribuição o campanha ajudar necessitar lutar o coronavírus publicar nadal twitter,saúde,04/04/2020 13h35 ,04/04/2020 13h35 ,https://www.uol.com.br/esporte/tenis/ultimas-noticias/2020/04/04/djokovic-se-une-a-projeto-com-nadal-para-ajudar-no-combate-ao-coronavirus.htm
Coronavírus: o país que já está na terceira onda de covid-19  ,,país enfrentar o temido onda caso coronavírus e haver passar o irã contar morte onda e n país orientar médio afetados pandemia onda o mortal d,saúde,19/10/2020 14h25 ,19/10/2020 14h25 ,https://noticias.uol.com.br/saude/ultimas-noticias/bbc/2020/10/19/o-pais-que-ja-esta-na-terceira-onda-de-covid-19.htm
"'PEC da Impunidade' teria beneficiado deputados, se já estivesse em vigor. Conheça os casos",,o proposto emendar constituição pec colocar pautar câmara deputar n quarta-feira apresentar mudança significativo regrar o imunidade parlamentar elaborar indicar presidente casar arthur lira pp-al o texto trazer restrição prisão deputar e senador e abrandamento lei fichar limpo o pec imunidade chamar bastidor pec impunidade estipular haver inelegibilidade o observância duplo grau jurisdição decisão condenatório o lei fichar limpo falir condenação órgão colegiado o amplo e barrar prefeito condenação casar prefeito julgar instância colegiado tribunal justiçar significar tornar inelegível condenação superior tribunal justiçar stj regrar proposto congresso vigor o destinar parlamentar diferente caso seriar afetados o prisão flagrante deputar daniel silveiro psl-rj e o operação buscar e apreensão paulinho forçar sd-sp alvo deputar jair bolsonaro escapar decisão o condenar maria rosário pt-rs “ merecer estuprar feio ” afastamento temporário flordelis psd-rj acusar mandante morte maridar o pastor anderson carmo entender o impactar mudança articular câmara deputar,brasil, Publicado em  25/02/21 09:29 ,Extra,https://extra.globo.com/noticias/brasil/pec-da-impunidade-teria-beneficiado-deputados-se-ja-estivesse-em-vigor-conheca-os-casos-24898322.html
Coronavírus: Juízes de Alagoas autorizam casamentos por videoconferência  ,,casamento civil alagoa ocorrer videoconferência evitar aglomeração celebração durante o pandemia coronavírus causar o doença covid-19 aplicativo google hangouts meet e chamar vídeo whatsapp celebração acordar regrar determinar justiçar realizar casamento coletivos n período pandemia 2.141 morte covid-19 e 33.682 pessoa infectar coronavírus brasil acordar o ministério saudar divulgar hoje alagoa pessoa morrer covid-19 e haver infectar o vírus o autorização e o disciplinar realização casamento civil videoconferência provimento 15/2020 assinar corregedor-geral justiçar fernando tourinho omena souza o provimento publicar diário justiçar divulgar justiçar hoje casamento online ocorrer durante o período o judiciário trabalhar remotamente contar pandemia covid-19,saúde,17/04/2020 19h17 ,Aliny Gama,https://noticias.uol.com.br/cotidiano/ultimas-noticias/2020/04/17/coronavirus-juizes-de-alagoas-autorizam-casamentos-por-videoconferencia.htm
"Médica brasileira na OMS prevê pelo menos mais um ano de pandemia e critica ""ingerência"" no Brasil  ",,o infectologista e professorar universidade federal goiá cristiana toscano o único brasileiro e sul-americana estratégico internacional expert vacinar sage organização mundial saudar oms n entrevisto rfi falir desafio o vacinação global e criticar o gestão crise sanitário brasil o gente governar federal ações absolutamente débil e insuficiente o início pandemia papel oms juntar especialista orientar o vacinação mundo o ciência cumprir o papel vacinar disponível e desenvolvimento o humanidade falhar principalmente político país e o articulação global n sentir fato garantir o acesso igualitário e pessoa mundo conseguir vacinar o desigualdade acesso s vacinar o covid-19 enorme frisar o médico diferençar país conseguir acesso o dose e vacinar rapidamente o população e outro extremar país sequer receber dosar o gente trabalhar intenso e importante vacinar o população mundo pandemia superar facilmente,saúde,26/02/2021 16h50 ,26/02/2021 16h50 ,https://noticias.uol.com.br/ultimas-noticias/rfi/2021/02/26/medica-brasileira-na-oms-preve-pelo-menos-mais-um-ano-de-pandemia-e-critica-ingerencia-no-brasil.htm
Arthur do Val contesta investigação sobre vídeo em SP: 'Não foi encenação'  ,,o candidatar prefeitura paulo arthur val o mamãe falar criticar o pedir abertura inquérito ministério público eleitoral o polícia federal investigar o candidatar e o comandante braga patriota apurar vídeo gravar durante ações guardar civil metropolitano cracolândia região central capital violar o lei eleitoral o crime investigar injúria live transmitir noite hoje mamãe falar contestar o investigação pf e voltar o criticar o ação social padrar júlio lancelotti região vídeo dia setembro o candidatar haver acusar o padrar fomentar o tráfico drogar cracolândia pôr o mão vespeiro acontecer paulo haver ano o cracolândia ... absurdo o gente falar o achar achar o padrar júlio lancelotti fraudar colocar instituição trabalhar o igreja católico aproveitar d o liberdade falar e acrescentar pessoa utilizar polícia pago o dinheiro dever investigar traficante prender solucionar o problema investigar falar problema,política,28/09/2020 23h32 ,28/09/2020 23h32 ,https://noticias.uol.com.br/eleicoes/2020/09/28/arthur-do-val-contesta-investigacao-sobre-video-em-sp-nao-foi-encenacao.htm
"Pandemia de covid-19 no Brasil: 14,8 mil mortes e duas trocas na Saúde  ",,dia o governar bolsonaro completar dia ministrar cair o nono ministrar o sair o início mandatar jair bolsonaro o pastar saudar — o pandemia matar quase pessoa brasil — e o período dia cargo nelson teich pedir demissão discordância o presidente o presidência repúblico e o ministério saudar travar batalhar político morte e contaminação coronavírus continuar o crescer rapidamente o país registrar caso confirmar e 14.817 morte covid-19 15.305 caso horar o diagnóstico único dia bater o recordar 13.944 caso registrar dia anterior o principal atrito o médico teich e bolsonaro o o cloroquina tratamento covid-19 doença causar coronavírus o presidente defender o medicamentar início doença e demitir ministrar anterior luiz henrique mandetta justamente o medicamentar cautela o repetir teich apesar nomear o justificativo alinhar o o discursar presidente entretanto o o falar o medicamentar discursar posse teich sinal caminhar sentir absoluto bolsonaro,saúde,16/05/2020 01h30 ,Carolina Marins,https://noticias.uol.com.br/saude/ultimas-noticias/redacao/2020/05/16/saida-teich-saude-bolsonaro-coronavirus.htm
McDonald's suspende serviços em salões de restaurantes nos EUA  ,,o mcdonald s suspender serviço salão restaurante unir dever o o aumentar caso coronavírus certo país o planar o interrupção durar dia informar o redar fast-food cartar interno visto bloomberg unidade reabrir salão restaurante consultar diretrizes autoridade locar e estadual o possibilidade suspender serviço acordar o cartar assinar joe erlinger presidente mcdonald s eua e mark salebra responsável aliançar nacional liderança franquear empresar o país revisar plano reabertura o disparar caso coronavírus texas arizona e califórnio empresar enfrentar o dilema garantir o segurança cliente e funcionário e o o gerar receitar suficiente continuar operar o suspensão reabertura reportar anteriormente wall street journal,saúde,02/07/2020 09h27 ,Rick Clough e Leslie Patton,https://www.uol.com.br/nossa/noticias/bloomberg/2020/07/02/mcdonalds-suspende-servicos-em-saloes-de-restaurantes-nos-eua.htm
"Justiça do DF destina R$ 26,9 milhões da J&F para a Fiocruz","Valor compõe parte do acordo de leniência assinado pela empresa e será usado na compra de 1,8 milhão de testes rápidos de Covid-19. ","o justiçar federal distrito federal determinar n quinta-feira o destinação r$ 26,9 milhão empresar j&f o fundação oswaldo cruz fiocruz o o determinar o destinação recurso o justiçar atender o pedir força-tarefa atua operação greenfield o j&f consultar o assunto e concordar o enviar dinheiro recurso acordar leniência assinar j&f e contar caixa econômica o montante comprar 1,8 milhão teste rápido covid-19 o doença provocar coronavírus o j&f controlar empresário joesley batista assinar acordar leniência âmbito operação lavar jato joesley e o irmão d wesley batista fechar acordar delação premiar e admitir crime investigar operação",política, 02/04/2020 20h16 ," Por Vladimir Netto, TV Globo — Brasília ",https://g1.globo.com/politica/noticia/2020/04/02/justica-do-df-destina-r-269-milhoes-da-jandf-para-a-fiocruz.ghtml
"Por que o dólar despencou e a Bolsa disparou nesta semana, em meio à covid?  ",,"o dólar comercial acumular quedo 6,6 n semana emendar o semana seguir desvalorização e fechar abaixar r$ março o bolsar subir 8,28 semana o explicar resultar semana o bolsar despencar e o dólar bater recordar recordar chegar o beirar r$ acordar especialista o otimismo o reabertura gradual economia país e o injeção dinheiro mercar principal fatores explicar o quedo dólar e o valorização bolsar d avaliar o cenário político internar calmar n semana o aproximação o governar e deputar centrão mercar impulsionar otimismo o retomar atividade principal economia alemanha frança e reinar unir dever o relaxamento graduar restrição o coronavírus analista easynvest problema resolvido e haver riscar onda contágio haver expectativa o crise econômica coronavírus passar",saúde,05/06/2020 17h20 ,05/06/2020 17h20 ,https://economia.uol.com.br/cotacoes/noticias/redacao/2020/06/05/dolar-bolsa-mercado.htm
"Belarus mantém futebol, mas enfrenta ira de sindicato e greve de torcedores  ",,único país europa paralisar competição profissional futebol virtude pandemia coronavírus covid-19 belarus enfrentar movimentar greve torcedor ultras espécie versão europeu torcido organizar clube divisão país anunciar n semana acompanhar equipar protestar o realização competição n cenário proliferação vírus torcedor o manifestar o paralisação futebol neman grodno clube ocupar o colocação campeonato bielorrusso cobrar federação coragem suspender o tornear e anunciar frequentar arquibancada ficar casar reduzir risco propagação vírus horar proteger e proteger ente querido publicar o ultras clube contar rede social,saúde,02/04/2020 04h20 ,02/04/2020 04h20 ,https://www.uol.com.br/esporte/futebol/colunas/rafael-reis/2020/04/02/belarus-mantem-futebol-mas-enfrenta-greve-de-torcidas-pedindo-paralisacao.htm
Bolsonaro aproveita sintonia com Maia para defender mudança no Renda Brasil  ,,o projeto render brasil apresentar ministrar paulo guedes economia agradar o presidente jair bolsonaro entanto desistir agendar apelar social forte o recadar público o guedes servir reforçar o programar substituir o bolsar família sair n ano difícil achar dinheiro orçamentar o programar seguir discussão interlocutor presidente e o pressão recair o ministério economia o entregar modelar financiamento o objetivo distribuir render o janeiro e pavimentar o disputar reeleição presidencial discordância bolsonaro e guedes explicitar horar reunião bolsonaro o presidente câmara rodrigar maio dem-rj o deputar e o chefe executivo reunir o palácio alvorar e posteriormente criticar molde projeto propor guedes o clima congresso o haver ambientar avançar projeto social o molde render brasil vestir alternativo crise econômica e retomar crescimento,política,27/08/2020 04h00Atualizada em 27/08/2020 14h34 ,Guilherme Mazieiro e Carla Araújo,https://noticias.uol.com.br/politica/ultimas-noticias/2020/08/27/bolsonaro-aproveita-sintonia-com-maia-para-defender-mudanca-no-renda-brasil.htm
Mais de 12 milhões de pessoas devem refazer cadastro do auxílio emergencial  ,,"12,4 milhão brasileiro pedir o auxílio emergencial r$ — r$ 1,2 mãe solteiro — refazer o cadastrar aplicativo programar site auxilio.caixa.gov.br hoje o presidente caixa econômica federal pedrar guimarães o total inscrito o cadastrar classificar inconclusivo informação analisar dataprev estatal tecnologia processar pedir acordar o presidente caixa cadastro inconclusivo relacionar o divergente cpf endereçar e informação dependente guimarães enfatizar cidadão pedir considerar inconclusivo refazer o cadastrar o benefício rejeitar e receber o classificação inelegível retificar",saúde,04/05/2020 17h37Atualizada em 04/05/2020 18h04 ,04/05/2020 17h37Atualizada em 04/05/2020 18h04 ,https://economia.uol.com.br/noticias/redacao/2020/05/04/mais-de-12-milhoes-de-pessoas-devem-refazer-cadastro-no-auxilio-emergencial.htm
"Ceará mantém Decreto de Isolamento, mas libera atividade física individual  ",,o governar cear decidir prorrogar semana o atual decretar isolamento social acordar o governador camilo santana pt importante completar dia restrição rígido avaliação melhor medir haver mudança relacionar o atividades físico individuar avaliar segurança o atual processar flexibilização atividades econômicas e serviço liberar d suspenso atuais medir seguir valer escrever camilo santana twitter comércio restaurante pousar e serviço ruir e shopping funcionar o sexta-feira horário diferenciar e receber capacidade,saúde,17/04/2021 14h53 ,17/04/2021 14h53 ,https://noticias.uol.com.br/saude/ultimas-noticias/redacao/2021/04/17/quarentena-isolamento-ceara-camilo-santana.htm
