dataset,news_id,rating,title,original_title,news_source,source_link,review_link
HealthStory,story_reviews_00000,1,Guardian jumps to conclusions about an Alzheimer’s study that hasn’t even begun,Virtual reality to help detect early risk of Alzheimer’s,The Guardian,https://www.theguardian.com/society/2018/dec/16/alzheimers-dementia-cure-virtual-reality-navigation-skills,https://www.healthnewsreview.org/review/guardian-jumps-to-conclusions-about-an-alzheimers-study-that-hasnt-even-begun/
HealthStory,story_reviews_00001,3,"In story on experimental contraceptive gel, Reuters lets drug company control the narrative",Evofem's birth control gel meets main study goal; shares rise,Reuters,https://www.reuters.com/article/us-evofem-study/evofems-birth-control-gel-meets-main-study-goal-shares-rise-idUSKBN1OG17J,https://www.healthnewsreview.org/review/in-story-on-experimental-contraceptive-gel-reuters-lets-drug-company-control-the-narrative/
HealthStory,story_reviews_00002,2,"Using a single patient anecdote, ABC News hails DNA fertility test as ‘breakthrough’",How a breakthrough new fertility test is offering hope for families who have suffered miscarriages,ABCNews.com,https://abcnews.go.com/GMA/Wellness/breakthrough-fertility-test-offering-hope-familys-suffered-miscarriages/story?id=59811741,https://www.healthnewsreview.org/review/using-a-single-patient-anecdote-abc-news-hails-dna-fertility-test-as-breakthrough/
HealthStory,story_reviews_00003,2,Hard to find the journalism in this brief Reuters story on clinical trial results for psoriasis drug,J&J says its psoriasis drug superior to Novartis' in study,Reuters,https://www.reuters.com/article/us-j-j-drug-psoriasis/jj-says-its-psoriasis-drug-superior-to-novartis-in-study-idUSKBN1OB1D3,https://www.healthnewsreview.org/review/hard-to-find-the-journalism-in-this-brief-reuters-story-on-clinical-trial-results-for-psoriasis-drug/
HealthStory,story_reviews_00004,5,A little more context would have boosted already-strong HealthDay story on drug for hot flashes, Incontinence Drug May Cut Hot Flashes in Breast Cancer Survivors,Health Day,https://consumer.healthday.com/women-s-health-information-34/menopause-and-postmenopause-news-472/incontinence-drug-may-cut-hot-flashes-in-breast-cancer-survivors-740325.html,https://www.healthnewsreview.org/review/a-little-more-context-would-have-boosted-already-strong-healthday-story-on-drug-for-hot-flashes/
HealthStory,story_reviews_00005,4,Props to NPR for highlighting the need for balanced decision-making around statins,"Before Starting A Statin, Talk It Over With Your Doctor",NPR,https://www.npr.org/sections/health-shots/2018/12/03/672990317/before-starting-a-statin-talk-it-over-with-your-doctor,https://www.healthnewsreview.org/review/props-to-npr-for-highlighting-the-need-for-balanced-decision-making-around-statins/
HealthStory,story_reviews_00006,3,Independent source injects caution into a HeathDay story on ‘nerve zap’ for back pain,Nerve Zap Might Ease Pain of Herniated Disk,Health Day,https://consumer.healthday.com/bone-and-joint-information-4/backache-news-53/nerve-zap-might-ease-pain-of-herniated-disk-739976.html,https://www.healthnewsreview.org/review/independent-source-injects-caution-into-a-heathday-story-on-nerve-zap-for-back-pain/
HealthStory,story_reviews_00007,1,"Newsweek trumpets an ‘aggressive’ new cancer drug, but where’s the data?",CURE FOR CANCER? FDA ANNOUNCES NEW AGGRESSIVE DRUG ATTACKING ORIGINATING GENES,Newsweek,https://www.newsweek.com/cancer-cure-fda-announces-new-aggressive-drug-attacking-originating-genes-1232329,https://www.healthnewsreview.org/review/newsweek-trumpets-an-aggressive-new-cancer-drug-but-wheres-the-data/
HealthStory,story_reviews_00008,3,USA Today provides rosy speculation about an Alzheimer’s vaccine not yet tested in humans,"Researcher: Alzheimer's vaccine could cut dementia in half, human trials may be next",USA Today,https://www.usatoday.com/story/tech/science/2018/11/24/alzheimers-vaccine-aims-cut-dementia-half-may-see-human-trials/2097609002/,https://www.healthnewsreview.org/review/usa-today-provides-rosy-speculation-about-an-alzheimers-vaccine-not-yet-tested-in-humans/
HealthStory,story_reviews_00009,5,CNN delivers a balanced report on peanut allergy treatment,"Experimental treatment helps 2 out of 3 peanut allergy sufferers, study finds",CNN,https://www.cnn.com/2018/11/18/health/peanut-allergy-treatment-study/index.html,https://www.healthnewsreview.org/review/cnn-delivers-a-balanced-report-on-peanut-allergy-treatment/
HealthStory,story_reviews_00010,2,Fox spreads ‘breakthrough’ claim but no real reporting on peanut allergy treatment,"Potential life-saving peanut allergy drug on horizon, scientists say",FoxNews.com,https://www.foxnews.com/health/potential-life-saving-peanut-allergy-drug-on-horizon-scientists-say,https://www.healthnewsreview.org/review/fox-spreads-breakthrough-claim-but-no-real-reporting-on-peanut-allergy-treatment/
HealthStory,story_reviews_00011,3,Bloomberg uncritically touts ‘greater effectiveness’ of cell-based flu vaccine,There’s a Better Flu Shot,Bloomberg,https://www.bloomberg.com/news/articles/2018-11-16/flu-shot-gets-a-boost-from-dispensing-with-1940s-technology,https://www.healthnewsreview.org/review/bloomberg-uncritically-touts-greater-effectiveness-of-cell-based-flu-vaccine/
HealthStory,story_reviews_00012,1,Reuters rehashes Merck announcement on Keytruda trial for esophageal cancer,Reuters: Merck drug Keytruda succeeds in late-stage esophageal cancer trial,Reuters,https://uk.reuters.com/article/us-merck-co-study/merck-drug-keytruda-succeeds-in-late-stage-esophageal-cancer-trial-idUKKCN1NJ1LK,https://www.healthnewsreview.org/review/reuters-rehashes-merck-announcement-on-keytruda-trial-for-esophageal-cancer/
HealthStory,story_reviews_00013,2,CNN overstates evidence linking neck pulse measurements to increased dementia risk,"Five-minute neck scan can spot dementia 10 years earlier, say scientists",CNN,https://www.cnn.com/2018/11/12/health/dementia-blood-vessels-study-scli-intl/index.html,https://www.healthnewsreview.org/review/cnn-overstates-evidence-linking-strong-neck-pulse-to-increased-dementia-risk/
HealthStory,story_reviews_00014,2,Fox News regurgitates a hot mess from the UK Sun,"Artificial intelligence can predict Alzheimer’s 6 years earlier than medics, study finds",FoxNews.com,https://www.foxnews.com/health/artificial-intelligence-can-predict-alzheimers-6-years-earlier-than-medics-study-finds,https://www.healthnewsreview.org/review/fox-news-regurgitates-a-hot-mess-from-the-uk-sun/
HealthStory,story_reviews_00015,5,"Thoughtful and thorough, AP story looks at growing trend of using ketamine for depression",High hopes & hype for experimental depression drug ketamine,Associated Press,https://www.apnews.com/8f1a189bfde14cbf91179a60b900a81a,https://www.healthnewsreview.org/review/thoughtful-and-thorough-ap-story-looks-at-growing-trend-of-using-ketamine-for-depression/
HealthStory,story_reviews_00016,2,ABC News story perpetuates misinformation that new drug will prevent spread of flu,FDA approves new flu pill that can be taken after onset of symptoms,ABCNews.com,https://abcnews.go.com/Health/fda-approves-flu-medication-form-time-pill/story?id=58724046,https://www.healthnewsreview.org/review/abc-news-story-perpetuates-misinformation-that-new-drug-will-prevent-spread-of-flu/
HealthStory,story_reviews_00017,4,New York Times warns readers that new flu drug ‘is no miracle cure’,F.D.A. Approves New Drug for Flu,The New York Times,https://www.nytimes.com/2018/10/24/health/flu-pill-xofluza.html,https://www.healthnewsreview.org/review/new-york-times-warns-readers-that-new-flu-drug-is-no-miracle-cure/
HealthStory,story_reviews_00018,2,Litany of errors hampers Reuters story on experimental breast cancer drug,Novartis drug cut death risk by 35 percent in gene mutation breast cancer,Reuters,https://www.reuters.com/article/us-esmo-novartis-breast-cancer/novartis-drug-cut-death-risk-by-35-percent-in-gene-mutation-breast-cancer-idUSKCN1MU0M9,https://www.healthnewsreview.org/review/litany-of-errors-hampers-reuters-story-on-experimental-breast-cancer-drug/
HealthStory,story_reviews_00019,3,HealthDay speculates that experimental cystic fibrosis drug combo could be ‘breakthrough’ and ‘game-changing’,3-Drug Therapy Might Be Cystic Fibrosis 'Breakthrough',Health Day,https://consumer.healthday.com/respiratory-and-allergy-information-2/cystic-fibrosis-news-167/3-drug-therapy-might-be-cystic-fibrosis-breakthrough-738758.html,https://www.healthnewsreview.org/review/healthday-story-speculates-that-two-experimental-cystic-fibrosis-drugs-are-breakthrough-and-game-changing/
HealthStory,story_reviews_00020,3,"HealthDay touts nerve device as ‘more effective,’ but data is from unpublished study with no control group",New Nerve Stimulation Technique Might Relieve Back Pain,Health Day,https://consumer.healthday.com/bone-and-joint-information-4/backache-news-53/new-nerve-stimulation-technique-might-relieve-back-pain-738645.html,https://www.healthnewsreview.org/review/healthday-touts-nerve-device-as-more-effective-but-data-is-from-unpublished-study-with-no-control-group/
HealthStory,story_reviews_00021,4,Inquirer’s look at using Facebook to screen for depression emphasizes research ‘is still in very early stages’,Depression often goes undiagnosed. Researchers are turning to Facebook to change that.,The Philadelphia Inquirer,http://www2.philly.com/philly/health/facebook-predict-depression-mental-health-penn-study-20181015.html,https://www.healthnewsreview.org/review/inquirers-look-at-using-facebook-to-screen-for-depression-emphasizes-research-is-still-in-very-early-stages/
HealthStory,story_reviews_00022,2,Reuters once again rehashes drug company news release,J&J's Stelara succeeds in chronic bowel disease study,Reuters,https://www.reuters.com/article/us-johnson-johnson-study/jjs-stelara-succeeds-in-chronic-bowel-disease-study-idUSKCN1MJ1DW,https://www.healthnewsreview.org/review/reuters-once-again-rehashes-drug-company-news-release/
HealthStory,story_reviews_00023,3,"Doctor’s $620,000 conflict of interest not disclosed in Inquirer story on new migraine drugs",Migraine patients can now try three new drugs for prevention,The Philadelphia Inquirer,http://www2.philly.com/philly/health/migraine-new-drugs-for-prevention-erenumab-fremanezumab-20181009.html,https://www.healthnewsreview.org/review/doctors-620000-conflict-of-interest-not-disclosed-in-inquirer-story-on-new-migraine-drugs/
HealthStory,story_reviews_00024,5,AP offers strong reporting about the evidence for a drug treatment for moderate bone loss,Study suggests more older women may benefit from bone drugs,Associated Press,https://abcnews.go.com/Health/wireStory/study-suggests-older-women-benefit-bone-drugs-58209993?cid=clicksource_26_4_article%20roll_articleroll_hed,https://www.healthnewsreview.org/review/ap-offers-strong-reporting-about-the-evidence-for-a-drug-treatment-for-moderate-bone-loss/
HealthStory,story_reviews_00025,2,"Are bacteria useful as cancer ‘weapons,’ or far too early to know? Key context missing from HealthDay story",Doctors Use Bacteria as Weapon Against Cancer,Health Day,https://consumer.healthday.com/infectious-disease-information-21/bacteria-960/doctors-use-bacteria-as-weapon-against-cancer-738145.html,https://www.healthnewsreview.org/review/are-bacteria-useful-as-cancer-weapons-or-far-too-early-to-know-key-context-missing-from-healthday-story/
HealthStory,story_reviews_00026,2,Newsweek overlooks key limitation of study on vitamin D and childhood obesity,VITAMIN D: SUPPLEMENT LINKED TO WEIGHT LOSS IN OVERWEIGHT AND OBESE CHILDREN,Newsweek,https://www.newsweek.com/vitamin-d-supplement-linked-weight-loss-overweight-and-obese-children-1140838,https://www.healthnewsreview.org/review/newsweek-overlooks-key-limitation-of-study-on-vitamin-d-and-childhood-obesity/
HealthStory,story_reviews_00027,3,"Antidepressants and therapy may ease IBS, but Reuters Health story is unclear on extent of benefit","Antidepressants, psychotherapy may help ease irritable bowel syndrome",Reuters Health,https://www.reuters.com/article/us-health-ibs-psychology/antidepressants-psychotherapy-may-help-ease-irritable-bowel-syndrome-idUSKCN1M52YZ,https://www.healthnewsreview.org/review/antidepressants-and-therapy-may-ease-ibs-but-reuters-health-story-is-unclear-on-extent-of-benefit/
HealthStory,story_reviews_00028,3,STAT’s cheerleading coverage of prescription fish oil capsule lacks crucial context,"Amarin fish oil capsule shows dramatic benefit for cardiovascular patients, potentially upending market",STAT,https://www.statnews.com/2018/09/24/amarin-fish-oil-capsule-shows-dramatic-benefit-for-cardiovascular-patients/,https://www.healthnewsreview.org/review/stats-cheerleading-coverage-of-prescription-fish-oil-capsule-lacks-crucial-context/
HealthStory,story_reviews_00029,3,"NY Times hails MitraClip a ‘huge advance’ for heart failure, but independent sources might have said otherwise",Tiny Device Is a ‘Huge Advance’ for Treatment of Severe Heart Failure,The New York Times,https://www.nytimes.com/2018/09/23/health/heart-failure-valve-repair-microclip.html,https://www.healthnewsreview.org/review/ny-times-hails-mitraclip-a-huge-advance-for-heart-failure-but-independent-sources-might-have-said-otherwise/
HealthStory,story_reviews_00030,4,Newsweek story on Zika vaccine to zap brain cancer is fascinating–but needed more caution about mouse research,GLIOBLASTOMA: ZIKA VIRUS COULD DESTROY BRAIN CANCER THAT KILLED JOHN MCCAIN,Newsweek,https://www.newsweek.com/glioblastoma-zika-virus-could-destroy-brain-cancer-killed-john-mccain-1125530,https://www.healthnewsreview.org/review/newsweek-story-on-zika-vaccine-to-zap-brain-cancer-is-fascinating-but-needed-more-caution-about-mouse-research/
HealthStory,story_reviews_00031,2,One woman’s account of spinal cord stimulator skips realities of medical device safety in U.S.,Here’s how one woman used an implant to get some relief from chronic back pain,The Washington Post,https://www.washingtonpost.com/national/health-science/heres-how-one-woman-used-an-implant-to-get-some-relief-from-chronic-back-pain/2018/09/14/fa975bc8-b603-11e8-a7b5-adaaa5b2a57f_story.html?utm_term=.476fc8ec823d,https://www.healthnewsreview.org/review/one-womans-account-of-spinal-cord-stimulator-skips-realities-of-medical-device-safety-in-u-s/
HealthStory,story_reviews_00032,2,U.S. News churns out puff piece on medical marijuana app research,Study: Medical Marijuana Relieves Range of Symptoms With No Serious Side Effects,US News & World Report,https://www.usnews.com/news/health-care-news/articles/2018-09-11/study-medical-marijuana-relieves-range-of-symptoms-with-no-serious-side-effects,https://www.healthnewsreview.org/review/u-s-news-churns-out-puff-piece-on-medical-marijuana-app-research/
HealthStory,story_reviews_00033,1,Reuters story on kidney cancer drug makes us ask: How is this journalism?,"Merck KGaA, Pfizer's immuno-drug shown to alleviate kidney cancer",Reuters,https://www.reuters.com/article/us-merck-kidney-cancer/merck-kgaa-pfizers-immuno-drug-shown-to-alleviate-kidney-cancer-idUSKCN1LR1IY,https://www.healthnewsreview.org/review/reuters-story-on-kidney-cancer-drug-makes-us-ask-how-is-this-journalism/
HealthStory,story_reviews_00034,4,"Fish oil during pregnancy led to ‘stronger kids,’ but was the difference clinically meaningful?","Fish Oil Pills During Pregnancy Might Mean Stronger, Healthier Kids",Health Day,https://consumer.healthday.com/vitamins-and-nutrition-information-27/nutritional-supplements-health-news-504/fish-oil-pills-during-pregnancy-might-mean-stronger-healthier-kids-737405.html,https://www.healthnewsreview.org/review/healthday-story-describes-a-randomized-controlled-trial-as-if-its-an-observational-study/
HealthStory,story_reviews_00035,2,"In story about ‘latest generation’ of weight loss drugs, NBC overlooks doctors’ pharma ties",Weight-loss pills can help. So why don't more people use them?,NBCNews.com,https://www.nbcnews.com/health/health-care/weight-loss-pills-can-help-so-why-don-t-more-n905211,https://www.healthnewsreview.org/review/doctors-pharma-ties-not-disclosed-in-nbcs-story-that-promotes-more-use-of-weight-loss-drugs/
HealthStory,story_reviews_00036,2,U.S. News & World Report regurgitates news release on cannabidiol and psychosis,Cannabidiol Reduces Symptoms of Psychosis,US News & World Report,https://www.usnews.com/news/health-care-news/articles/2018-08-29/one-dose-of-cannabidiol-reduces-symptoms-of-psychosis,https://www.healthnewsreview.org/review/u-s-news-world-report-regurgitates-news-release-on-cannabidiol-and-psychosis/
HealthStory,story_reviews_00037,2,WSJ reporter claims a carotid artery scan ‘saved’ his life — but there’s no way to know that,The Scan That Saved My Life,The Wall Street Journal,https://www.wsj.com/articles/the-scan-that-saved-my-life-1535209201,https://www.healthnewsreview.org/review/wsj-reporter-claims-a-carotid-artery-scan-saved-his-life-but-theres-no-way-to-know-that/
HealthStory,story_reviews_00038,3,"Without an independent source, BuzzFeed’s story on a medical device for OCD doesn’t offer much beyond the news release",The FDA Says This Brain-Stimulating Device May Help People With Obsessive-Compulsive Disorder,BuzzFeed,https://www.buzzfeednews.com/article/theresatamkins/fda-has-approved-a-transcranial-magnetic-stimulation-device,https://www.healthnewsreview.org/review/without-an-independent-source-buzzfeeds-story-on-a-medical-device-for-ocd-doesnt-offer-much-beyond-the-news-release/
HealthStory,story_reviews_00039,2,"Newsweek’s premature optimism about experimental ovarian cancer drug overlooks costs, harms and limitations of the evidence","EXPERIMENTAL DRUG VISTUSERTIB COULD SHRINKS TUMORS IN 50% OF OVARIAN CANCER PATIENTS, STUDY SUGGESTS",Newsweek,https://www.newsweek.com/scientists-develop-drug-which-could-treat-lung-and-ovarian-cancers-1083747,https://www.healthnewsreview.org/review/just-like-the-news-release-newsweek-is-prematurely-optimistic-about-experimental-ovarian-cancer-drug/
HealthStory,story_reviews_00040,3,"Talazoparib touted as ‘promising,’ but is it any better than a similar breast cancer drug that’s already available?",Breast Cancer Drug Promising in Phase 3 Trial,Health Day,https://consumer.healthday.com/cancer-information-5/breast-cancer-news-94/breast-cancer-drug-promising-in-phase-3-trial-736788.html,https://www.healthnewsreview.org/review/talazoparib-touted-as-promising-but-what-makes-it-different-from-a-similar-breast-cancer-drug-thats-already-fda-approved/
HealthStory,story_reviews_00041,3,"Multigene test may find risk for common diseases, but there’s no evidence it will make anyone healthier","Multigene test may find risk for heart disease, diabetes and breast cancer",Associated Press,https://www.nbcnews.com/health/health-news/multigene-test-may-find-risk-heart-disease-diabetes-breast-cancer-n900356,https://www.healthnewsreview.org/review/multigene-test-may-find-risk-for-common-diseases-but-theres-no-evidence-it-will-make-anyone-healthier/
HealthStory,story_reviews_00042,3,How solid is the evidence behind the FDA-cleared ‘contraceptive app?’ ABC News doesn’t say, FDA approves marketing for a contraception app for the 1st time,ABCNews.com,https://abcnews.go.com/GMA/Wellness/fda-approves-marketing-contraception-app-1st-time/story?id=57146537,https://www.healthnewsreview.org/review/how-solid-is-the-evidence-behind-fda-cleared-contraceptive-app-abc-news-doesnt-say/
HealthStory,story_reviews_00043,4,"When n=1, it’s easy to jump to conclusions about a therapy working",Hyperbaric oxygen: The mysterious therapy that saved a cancer survivor from radiation side effects,The Philadelphia Inquirer,http://www.philly.com/philly/health/hyperbaric-oxygen-saved-him-from-radiation-injury-20180808.html?__vfz=medium%3Dsharebar,https://www.healthnewsreview.org/review/when-n1-its-easy-to-jump-to-conclusions-about-a-therapy-working/
HealthStory,story_reviews_00044,3,HealthDay neglects the potential harms of transplanting hepatitis-infected kidneys,Hepatitis-Infected Kidneys a Safe Option for Transplant: Study,Health Day,https://consumer.healthday.com/general-health-information-16/organ-transplant-news-509/hepatitis-infected-kidneys-a-safe-option-for-transplant-study-736521.html,https://www.healthnewsreview.org/review/healthday-neglects-the-potential-harms-of-transplanting-hepatitis-infected-kidneys/
HealthStory,story_reviews_00045,3,Newsweek prematurely reports ‘promise’ for ketamine as a treatment for depressed teens,KETAMINE SHOWS PROMISE AS TREATMENT FOR ADOLESCENTS WITH DEPRESSION,Newsweek,https://www.newsweek.com/ketamine-shows-promise-treatment-adolescents-depression-1054021,https://www.healthnewsreview.org/review/newsweek-prematurely-reports-promise-for-ketamine-as-a-treatment-for-depressed-teens/
HealthStory,story_reviews_00046,4,ABC News doesn’t oversell early research on blood test for depression,Could a blood test lead to new treatments for depression?,ABCNews.com,https://abcnews.go.com/Health/blood-test-lead-treatments-depression/story?id=56896507,https://www.healthnewsreview.org/review/abc-doesnt-oversell-early-research-on-blood-test-for-depression/
HealthStory,story_reviews_00047,4,‘But it comes with some big caveats:’ Vox is clear about drawbacks of new endometriosis drug,Women with endometriosis experience terrible pain. There’s finally a new treatment.,Vox,https://www.vox.com/2018/7/24/17608984/endometriosis-pain-symptoms-treatments-elagolix-orilissa,https://www.healthnewsreview.org/review/but-it-comes-with-some-big-caveats-vox-is-clear-about-drawbacks-of-new-endometriosis-drug/
HealthStory,story_reviews_00048,4,HealthDay provides needed details on side effects of THC-based drug studied for Alzheimer’s agitation,Could Pot-Linked Drug Help Ease Agitation in Alzheimer's?,Health Day,https://consumer.healthday.com/cognitive-health-information-26/alzheimer-s-news-20/could-pot-linked-drug-help-ease-agitation-in-alzheimer-s-736075.html,https://www.healthnewsreview.org/review/healthday-provides-needed-details-on-side-effects-of-pot-derived-drug-studied-for-alzheimers-agitation/
HealthStory,story_reviews_00049,4,It’s way too soon to know if melanoma blood test will save ‘thousands of lives’,"Experimental blood test could detect melanoma skin cancer early, study finds",CNN,https://www.cnn.com/2018/07/17/health/melanoma-skin-cancer-blood-test-intl/index.html,https://www.healthnewsreview.org/review/its-way-too-soon-to-know-if-melanoma-blood-test-will-save-thousands-of-lives/
HealthStory,story_reviews_00050,3,"All anecdote, no data: NPR’s take on high blood pressure and dementia",Worried About Dementia? You Might Want to Check Your Blood Pressure,NPR,https://www.npr.org/sections/health-shots/2018/07/16/628156948/worried-about-dementia-you-might-want-to-check-your-blood-pressure,https://www.healthnewsreview.org/review/all-anecdote-no-data-nprs-take-on-high-blood-pressure-and-dementia/
HealthStory,story_reviews_00051,3,A 50% reduction in suicide risk? NPR story overstates the benefits of ‘Safety Planning Intervention’,A Simple Emergency Room Intervention Can Help Cut Suicide Risk,NPR,https://www.npr.org/sections/health-shots/2018/07/11/628029412/a-simple-emergency-room-intervention-can-help-cut-future-suicide-risk,https://www.healthnewsreview.org/review/a-50-reduction-in-suicide-risk-npr-story-overstates-the-evidence-for-safety-planning-intervention/
HealthStory,story_reviews_00052,3,"Genetic testing to guide antidepressant choices: Big news coverage, but limited evidence",Which antidepressant is right for you? This genetic test could help,The Philadelphia Inquirer,http://www.philly.com/philly/health/genetic-testing-genesight-genecept-depression-pharmacogenomics-20180711.html,https://www.healthnewsreview.org/review/genetic-testing-to-guide-antidepressant-choices-big-news-coverage-but-limited-evidence/
HealthStory,story_reviews_00053,5,WSJ offers caution early and often in coverage of latest experimental Alzheimer’s drug,Drugmakers Call Experimental Alzheimer’s Drug Study Positive,The Wall Street Journal,https://www.wsj.com/articles/drugmakers-call-experimental-alzheimers-drug-study-outcome-positive-1530897640,https://www.healthnewsreview.org/review/wsj-offers-caution-early-and-often-in-coverage-of-latest-experimental-alzheimers-drug/
HealthStory,story_reviews_00054,3,A possible link between eyesight and cognitive function? Reuters Health summary is a little out of focus,"Maintaining healthy vision may help keep brain in shape, too",Reuters Health,https://www.reuters.com/article/us-health-cognition-vision/maintaining-healthy-vision-may-help-keep-brain-in-shape-too-idUSKBN1JU2M1,https://www.healthnewsreview.org/review/a-possible-link-between-eyesight-and-cognitive-function-reuters-health-summary-is-a-little-out-of-focus/
HealthStory,story_reviews_00055,4,"STAT suggests flu drug could ‘upend treatment,’ but there’s plenty to question about this claim",A flu drug — shown to reduce the duration of symptoms — could upend treatment in U.S.,STAT,https://www.statnews.com/2018/06/27/flu-drug-single-pill/,https://www.healthnewsreview.org/review/stat-suggests-flu-drug-could-upend-treatment-but-theres-plenty-to-question-about-this-claim/
HealthStory,story_reviews_00056,4,"NPR deftly summarizes results of early study using polio vaccine for brain cancer, except industry conflicts of interest",Doctors Try Genetically Modified Poliovirus As Experimental Brain Cancer Treatment,NPR,https://www.npr.org/sections/health-shots/2018/06/26/622610333/doctors-try-genetically-modified-poliovirus-as-experimental-brain-cancer-treatme,https://www.healthnewsreview.org/review/npr-deftly-summarizes-results-of-early-study-using-polio-vaccine-for-brain-cancer/
HealthStory,story_reviews_00057,4,Atypical patient anecdote throws off well-reported NBC News story on experimental brain cancer treatment,Modified polio vaccine helps fight deadly brain tumors,NBCNews.com,https://www.nbcnews.com/health/health-news/modified-polio-vaccine-helps-fight-deadly-brain-tumors-n886486,https://www.healthnewsreview.org/review/highly-atypical-patient-anecdote-throws-off-mostly-well-reported-nbc-news-story-on-experimental-brain-cancer-treatment/
HealthStory,story_reviews_00058,3,"FDA approves new marijuana-derived drug, but was the evidence solid? Washington Post doesn’t say","First marijuana-derived drug approved, will target severe epilepsy",The Washington Post,https://www.washingtonpost.com/news/to-your-health/wp/2018/06/25/first-marijuana-derived-drug-approved-will-target-severe-epilepsy/?utm_term=.ff089226f64a,https://www.healthnewsreview.org/review/fda-approves-new-drug-but-was-the-evidence-solid-washington-post-doesnt-say/
HealthStory,story_reviews_00059,4,Small ‘diabetes vaccine’ study: STAT provides lots of useful numbers for readers,Controversial researcher’s diabetes vaccine causes improvement in small study,STAT,https://www.statnews.com/2018/06/21/type-1-diabetes-vaccine-denise-faustman/,https://www.healthnewsreview.org/review/small-diabetes-vaccine-study-stat-provides-lots-of-useful-numbers-for-readers/
HealthStory,story_reviews_00060,3,One blood test to diagnose diabetes? HealthDay doesn’t address harms of overdiagnosis and overtreatment,One Blood Test Might Be Enough to Diagnose Diabetes,Health Day,https://consumer.healthday.com/diabetes-information-10/misc-diabetes-news-181/one-blood-test-might-be-enough-to-diagnose-diabetes-734895.html,https://www.healthnewsreview.org/review/one-blood-test-to-diagnose-diabetes-healthday-doesnt-address-harms-of-overdiagnosis-and-overtreatment/
HealthStory,story_reviews_00061,3,"Newsweek’s story on the 16:8 diet: It’s not much more than a news release rewrite, but it’s at least cautious",16:8 FASTING DIET LINKED TO WEIGHT LOSS AND HEALTH BENEFITS IN STUDY,Newsweek,http://www.newsweek.com/168-fasting-diet-linked-weight-loss-health-benefits-study-983832,https://www.healthnewsreview.org/review/newsweeks-story-on-the-168-diet-its-not-much-more-than-a-news-release-rewrite-but-its-at-least-cautious/
HealthStory,story_reviews_00062,3,Here’s one detail that should be included in almost all stories about cancer screening studies,NEW PROSTATE CANCER DNA SPIT TEST DEVELOPED BY SCIENTISTS,Newsweek,http://www.newsweek.com/new-prostate-cancer-dna-spit-test-developed-scientists-971788,https://www.healthnewsreview.org/review/heres-one-detail-that-should-be-included-in-almost-all-stories-about-cancer-screening-studies/
HealthStory,story_reviews_00063,4,BuzzFeed warns readers ‘a lot more work to be done’ to find out if experimental blood test can predict preterm birth,This Blood Test Could Help Predict If A Pregnancy Is At Risk For Premature Labor,BuzzFeed,https://www.buzzfeed.com/theresatamkins/pregnancy-blood-test-premature-preterm-labor?utm_term=.ohZW7qKl6#.qjjbg23Kj,https://www.healthnewsreview.org/review/buzzfeed-warns-readers-a-lot-more-work-to-be-done-to-find-out-if-experimental-blood-test-can-predict-preterm-birth/
HealthStory,story_reviews_00064,2,"In story on texting program for chemo patients, Reuters Health keeps most study details on the DL", Automatic texting helps ease stress of chemotherapy in breast cancer patients,Reuters Health,https://www.reuters.com/article/us-health-cancer-breast-texting/automatic-texting-helps-ease-stress-of-chemotherapy-in-breast-cancer-patients-idUSKCN1J02L6,https://www.healthnewsreview.org/review/can-texting-help-chemo-patients-reuters-health-story-keeps-most-study-details-on-the-dl/
HealthStory,story_reviews_00065,1,NPR (yet again) writes uncritically about ketamine for mental illness,From Chaos To Calm: A Life Changed By Ketamine,NPR,https://www.npr.org/sections/health-shots/2018/06/04/615671405/from-chaos-to-calm-a-life-changed-by-ketamine,https://www.healthnewsreview.org/review/npr-yet-again-writes-uncritically-about-ketamine-for-mental-illness/
HealthStory,story_reviews_00066,2,Numerous problems plague Guardian’s coverage of ‘holy grail of cancer research’,'Holy grail of cancer research': doctors positive about early detection blood test,The Guardian,https://www.theguardian.com/society/2018/jun/01/doctors-welcome-possible-holy-grail-of-cancer-research,https://www.healthnewsreview.org/review/numerous-problems-plague-guardians-coverage-of-holy-grail-of-cancer-research/
HealthStory,story_reviews_00067,4,LA Times provides careful take on early brain/diabetes research–except for the headline,"Deep brain stimulation may offer treatment for type 2 diabetes, study suggests",Los Angeles Times,http://www.latimes.com/science/sciencenow/la-sci-sn-brain-stimulation-diabetes-20180526-story.html,https://www.healthnewsreview.org/review/deep-brain-stimulation-diabetes/
HealthStory,story_reviews_00068,1,HealthDay rehashes a news release claiming researchers have found new type of vertigo,Newly Identified Form of Vertigo Responds to Treatment,Health Day,https://consumer.healthday.com/diseases-and-conditions-information-37/dizziness-and-vertigo-news-205/newly-identified-form-of-vertigo-responds-to-treatment-734083.html,https://www.healthnewsreview.org/review/healthday-rehashes-news-release-claiming-researchers-have-found-new-type-of-vertigo/
HealthStory,story_reviews_00069,4,A study that may help reduce overtreatment of breast cancer gets solid write-up by Bloomberg,Study Finds More Isn't Better for Roche Breast Cancer Drug,Bloomberg,https://www.bloomberg.com/news/articles/2018-05-16/study-finds-more-isn-t-better-for-widely-used-breast-cancer-drug,https://www.healthnewsreview.org/review/a-study-that-may-help-reduce-overtreatment-of-breast-cancer-gets-solid-write-up-by-bloomberg/
HealthStory,story_reviews_00070,3,Drug’s ability to lower frequency of migraines by 50 percent sounds pretty good–until you read the fine print,FDA approves new drug that prevents migraines without side effects,NBCNews.com,https://www.nbcnews.com/health/health-news/new-drug-uses-antibodies-stop-chronic-migraines-without-side-effects-n866696,https://www.healthnewsreview.org/review/drugs-ability-to-lower-frequency-of-migraines-by-50-percent-sounds-pretty-good-until-you-read-the-fine-print/
HealthStory,story_reviews_00071,4,Inquirer delivers well-rounded report on using laughing gas for labor pain–except for two things, Laughing gas makes a comeback for women in labor - like Kate Middleton,The Philadelphia Inquirer,http://www.philly.com/philly/health/nitrous-oxide-laughing-gas-child-birth-labor-kate-middleton-20180516.html,https://www.healthnewsreview.org/review/laughing-gas-makes-a-comeback-for-women-in-labor-like-kate-middleton/
HealthStory,story_reviews_00072,2,Reuters story on MS drug for kids even less informative than the FDA news release,FDA expands use of Novartis MS drug to pediatric patients,Reuters,https://www.reuters.com/article/us-fda-approval-novartis/fda-expands-use-of-novartis-ms-drug-to-pediatric-patients-idUSKBN1IC2L7,https://www.healthnewsreview.org/review/reuters-story-on-ms-drug-for-kids-even-less-informative-than-the-fda-news-release/
HealthStory,story_reviews_00073,3,Newsweek stokes false hope with ‘cure for baldness’ based on preliminary evidence,"NEW CURE FOR BALDNESS COULD BE FOUND IN EXISTING DRUG, SCIENTISTS SAY",Newsweek,http://www.newsweek.com/potential-new-cure-found-baldness-916336,https://www.healthnewsreview.org/review/newsweek-stokes-false-hope-with-cure-for-baldness-based-on-preliminary-evidence/
HealthStory,story_reviews_00074,4,Gene test for depression treatment: Realistic patient story helps keep WSJ article grounded,Which Anti-Depressant is Right for You? Your DNA Can Shed Some Light,The Wall Street Journal,https://www.wsj.com/articles/which-anti-depressant-is-right-for-you-your-dna-can-shed-some-light-1525622524,https://www.healthnewsreview.org/review/gene-test-for-depression-treatment-realistic-patient-story-helps-keep-wsj-article-grounded/
HealthStory,story_reviews_00075,4,Independent viewpoint helps round out HealthDay story on impact of earlier mammograms,Earlier Mammograms May Mean Less Need for Aggressive Treatments,Health Day,https://consumer.healthday.com/cancer-information-5/mammography-news-460/earlier-mammograms-may-mean-less-need-for-aggressive-treatments-733522.html,https://www.healthnewsreview.org/review/independent-viewpoint-helps-round-out-healthday-story-on-impact-of-earlier-mammograms/
HealthStory,story_reviews_00076,4,"Thank you, New York Times, for asking ‘Who is behind these studies? Where does the money come from?’",Ecstasy as PTSD Relief for Soldiers: ‘I Was Able to Forgive Myself’,The New York Times,https://www.nytimes.com/2018/05/01/us/ecstasy-molly-ptsd-mdma.html?rref=collection%2Fsectioncollection%2Fhealth&action=click&contentCollection=health&region=stream&module=stream_unit&version=latest&contentPlacement=2&pgtype=sectionfront,https://www.healthnewsreview.org/review/thank-you-new-york-times-for-asking-who-is-behind-these-studies-where-does-the-money-come-from/
HealthStory,story_reviews_00077,2,"Another rehashed news release from the Guardian, this time about partial vs. full knee replacement surgery",Partial rather than full knee replacements better for many – report,The Guardian,https://www.theguardian.com/society/2018/apr/30/partial-knee-replacements-osteoarthritis,https://www.healthnewsreview.org/review/another-rehashed-news-release-from-the-guardian-this-time-about-partial-vs-full-knee-replacement-surgery/
HealthStory,story_reviews_00078,4,"In comparison of clot-busting drugs, HealthDay gets props for being clear on costs and harms",A Better Clot-Buster Drug for Strokes?,Health Day,https://consumer.healthday.com/cardiovascular-health-information-20/heart-stroke-related-stroke-353/a-better-clot-buster-drug-for-strokes-733291.html,https://www.healthnewsreview.org/review/in-comparison-of-clot-busting-drugs-healthday-gets-props-for-being-clear-on-costs-and-harms/
HealthStory,story_reviews_00079,1,"Guardian spoon-feeds university news release to readers, claiming prostate cancer ‘breakthrough’",Prostate cancer breakthrough as UK team develops more accurate test,The Guardian,https://www.theguardian.com/society/2018/apr/22/prostate-cancer-ultrasound-diagnosis-test,https://www.healthnewsreview.org/review/prostate-cancer-breakthrough-guardian-spoon-feeds-university-news-release-to-readers/
HealthStory,story_reviews_00080,2,Reuters numbs with numbers on experimental migraine drug,Amgen's Aimovig halved migraine days in 30 percent of trial patients,Reuters,https://www.reuters.com/article/us-amgen-migraines-aimovig/amgens-aimovig-halved-migraine-days-in-30-percent-of-trial-patients-idUSKBN1HO348,https://www.healthnewsreview.org/review/reuters-numbs-with-numbers-on-experimental-migraine-drug/
HealthStory,story_reviews_00081,3,Can ‘thinking differently’ help sooth chronic back pain? Hard to tell from HealthDay’s fuzzy reporting,Overcoming Fear of Back Pain May Spur Recovery,Health Day,https://consumer.healthday.com/bone-and-joint-information-4/backache-news-53/overcoming-fear-of-back-pain-may-spur-recovery-732970.html,https://www.healthnewsreview.org/review/can-thinking-differently-help-sooth-chronic-back-pain-hard-to-tell-from-healthdays-fuzzy-reporting/
HealthStory,story_reviews_00082,3,"Immunotherapy prolongs survival, but at what cost? Washington Post needed more on treatment downsides","For advanced lung cancer, immune therapy plus chemo prolongs survival",The Washington Post,https://www.washingtonpost.com/news/to-your-health/wp/2018/04/16/for-advanced-lung-cancer-immune-therapy-plus-chemo-prolongs-survival/?utm_term=.94429130dee8,https://www.healthnewsreview.org/review/immunotherapy-prolongs-survival-but-at-what-cost-washington-post-needed-more-on-treatment-downsides/
HealthStory,story_reviews_00083,2,"Without any independent sources providing insight, readers of TIME’s coverage on lung cancer immunotherapy mostly left in the dark",New Studies Show Immune Treatments Could Be Key in the Fight Against Lung Cancer,Time,http://time.com/5239920/immune-treatments-for-lung-cancer/,https://www.healthnewsreview.org/review/without-any-independent-sources-providing-insight-readers-of-times-coverage-on-lung-cancer-immunotherapy-mostly-left-in-the-dark/
HealthStory,story_reviews_00084,4,Diagnosing Alzheimer’s using biomarkers–AP makes it clear that there is no benefit to patients,New way of defining Alzheimer's aims to find disease sooner,Associated Press,http://abcnews.go.com/Health/wireStory/defining-alzheimers-aims-find-disease-sooner-54354122,https://www.healthnewsreview.org/review/diagnosing-alzheimers-using-biomarkers-ap-makes-it-clear-theres-little-benefits-to-patients/
HealthStory,story_reviews_00085,3,"By downplaying risks, NY Times column gives lopsided take on new shingles vaccine",Why You Should Get the New Shingles Vaccine,The New York Times,https://www.nytimes.com/2018/04/09/well/why-you-should-get-the-new-shingles-vaccine.html,https://www.healthnewsreview.org/review/by-downplaying-risks-ny-times-column-gives-lopsided-take-on-new-shingles-vaccine/
HealthStory,story_reviews_00086,3,CNN leaves out key limitation of study on legalizing marijuana and opioid use,"Marijuana legalization could help offset opioid epidemic, studies find",CNN,https://www.cnn.com/2018/04/02/health/medical-cannabis-law-opioid-prescription-study/,https://www.healthnewsreview.org/review/cnn-leaves-out-key-limitation-to-study-on-legalizing-marijuana-and-opioid-use/
HealthStory,story_reviews_00087,3,Boston Globe overlooks evidence showing many patients not helped by ‘bionic’ joint replacements,"Boomers are going bionic, and they want joint replacements to let them do it all",The Boston Globe,http://www.bostonglobe.com/business/2018/04/02/boomers-line-for-joint-replacements-and-their-expectations-are-high/NSyWYCkx86ZJFBmtEOX6LP/story.html?camp=breakingnews%3Anewsletter,https://www.healthnewsreview.org/review/boston-globe-overlooks-evidence-showing-many-patients-not-helped-by-bionic-joint-replacements/
HealthStory,story_reviews_00088,3,Prostate cancer gene test: WSJ skirts around lack of long-term data,Prostate-Cancer Gene Test Helps Patients Decide on Treatment,The Wall Street Journal,https://www.wsj.com/articles/prostate-cancer-gene-test-helps-patients-decide-on-treatment-1522494300,https://www.healthnewsreview.org/review/prostate-cancer-gene-test-wsj-story-needed-more-discussion-on-lack-of-long-term-data/
HealthStory,story_reviews_00089,3,AP story on ‘selfie medicine’ adherence programs overlooked evidence showing they don’t work well,Selfie medicine: Phone apps push people to take their pills,Associated Press,https://www.nytimes.com/aponline/2018/03/28/health/ap-us-med-selfie-medicine.html,https://www.healthnewsreview.org/review/aps-look-at-selfie-medicine-adherence-programs-overlooked-evidence-showing-they-dont-work-well/
HealthStory,story_reviews_00090,2,Reuters lets Roche make data-free claims about drug’s impact on lung cancer survival,Roche's Tecentriq cocktail adds to lung cancer survival success,Reuters,https://www.reuters.com/article/us-roche-tecentriq/roches-tecentriq-cocktail-adds-to-lung-cancer-survival-success-idUSKBN1H20FP,https://www.healthnewsreview.org/review/reuters-lets-roche-make-data-free-claims-about-drugs-impact-on-lung-cancer-survival/
HealthStory,story_reviews_00091,3,Significant conflicts of interest not disclosed in LA Times story on modified Pap tests,Modified Pap tests can show early warning signs of other gynecological cancers,Los Angeles Times,http://www.latimes.com/science/sciencenow/la-sci-sn-pap-ovarian-cancer-20180322-story.html,https://www.healthnewsreview.org/review/significant-conflicts-of-interest-not-disclosed-in-la-times-story-on-modified-pap-tests/
HealthStory,story_reviews_00092,5,"Inquirer provides balanced and complete summary of debate over kratom, an herbal opioid",Is kratom a safe herbal remedy or a dangerous opioid?,The Philadelphia Inquirer,http://www.philly.com/philly/health/kratom-opioid-fda-cdc-herbal-coffee-20180320.html,https://www.healthnewsreview.org/review/inquirer-provides-balanced-and-complete-summary-of-debate-over-kratom-an-herbal-opioid/
HealthStory,story_reviews_00093,3,"Like so many news stories before it, Newsweek article makes male birth control pill sound imminent",DMAU: MALE BIRTH CONTROL PILL OFFERS 'UNPRECEDENTED' STUDY RESULTS,Newsweek,http://www.newsweek.com/male-contraceptive-birth-control-pill-850989,https://www.healthnewsreview.org/review/like-so-many-news-stories-before-it-newsweek-article-makes-male-birth-control-pill-sound-imminent/
HealthStory,story_reviews_00094,3,Is an unfinished pilot study of 8 patients really newsworthy?,A Surgery-Free Fix for Bad Knees?,Health Day,https://consumer.healthday.com/bone-and-joint-information-4/knee-problem-news-436/a-surgery-free-fix-for-bad-knees-732018.html,https://www.healthnewsreview.org/review/is-an-unfinished-pilot-study-of-8-patients-really-newsworthy-healthday-thinks-so/
HealthStory,story_reviews_00095,3,How strong is the evidence behind FDA’s proposal to reduce nicotine levels in cigarettes? Reuters story doesn’t say,FDA takes fresh step towards curbing U.S. nicotine addiction,Reuters,https://www.reuters.com/article/us-fda-tobacco-regulation/fda-takes-fresh-step-towards-curbing-u-s-nicotine-addiction-idUSKCN1GR24Z,https://www.healthnewsreview.org/review/how-strong-is-the-evidence-behind-fdas-proposal-to-reduce-nicotine-levels-in-cigarettes-reuters-story-doesnt-say/
HealthStory,story_reviews_00096,1,"Blood pressure pill shows promise compared to ‘usual care,’ HealthDay says, never explaining what that is",Three-in-One Pill Shows Promise in Beating High Blood Pressure,Health Day,https://consumer.healthday.com/circulatory-system-information-7/blood-pressure-news-70/three-in-one-pill-shows-promise-in-beating-high-blood-pressure-731890.html,https://www.healthnewsreview.org/review/three-in-one-blood-pressure-pill-shows-promise-compared-to-usual-care-healthday-says-never-explaining-what-that-is/
HealthStory,story_reviews_00097,2,"In rehash of news release, ABC News glosses over realities of experimental menopause drug","Menopause 'hot flash' medicine could cut symptom by three quarters, trial shows",ABCNews.com,http://abcnews.go.com/Health/menopause-hot-flash-medicine-cut-symptom-quarters-trial/story?id=53748322,https://www.healthnewsreview.org/review/in-rehash-of-news-release-abc-news-glosses-over-realities-of-experimental-menopause-drug/
HealthStory,story_reviews_00098,5,A pat on the back to CNN for its well-written story on barbershops and blood pressure,How barbershops could help lower blood pressure,CNN,https://www.cnn.com/2018/03/12/health/blood-pressure-barbershop-study/index.html,https://www.healthnewsreview.org/review/a-pat-on-the-back-to-cnn-for-its-well-written-story-on-barbershops-and-blood-pressure/
HealthStory,story_reviews_00099,1,USA Today rehashes PR talking points in story on at-home breast cancer gene test,Test risk of breast cancer from home with new FDA-approved DNA kit by 23andMe,USA Today,https://www.usatoday.com/story/news/nation-now/2018/03/07/new-home-fda-approved-breast-cancer-test-looks-dna-gene-mutations-increased-risk-test-risk-breast-ca/402406002/,https://www.healthnewsreview.org/review/usa-today-rehashes-pr-talking-points-in-story-on-at-home-breast-cancer-gene-test/
HealthStory,story_reviews_00100,5,Vox thoroughly covers study on treatment alternatives to Alcoholics Anonymous,Alcoholics Anonymous works for some people. A new study suggests the alternatives do too.,Vox,https://www.vox.com/science-and-health/2018/3/5/17071690/alcoholics-anonymous-aa-smart-lifering-study,https://www.healthnewsreview.org/review/vox-thoroughly-covers-study-on-treatment-alternatives-to-alcoholics-anonymous/
HealthStory,story_reviews_00101,3,NPR story about online weight loss program left out a key detail: How much does it cost?,This Chef Lost 50 Pounds And Reversed Pre-Diabetes With A Digital Program,NPR,https://www.npr.org/sections/thesalt/2018/03/05/589286575/this-chef-lost-50-pounds-and-reversed-pre-diabetes-with-a-digital-program,https://www.healthnewsreview.org/review/npr-story-about-online-weight-loss-program-left-out-a-big-detail-how-much-does-it-cost/
HealthStory,story_reviews_00102,3,AP’s widely-reported story on IV fluids oversimplified the research,What’s in the IV bag? Studies show safer option than saline,Associated Press,https://www.statnews.com/2018/02/27/iv-bag-saline-patients-hospitals/,https://www.healthnewsreview.org/review/aps-widely-reported-story-on-safer-iv-fluids-oversimplified-the-evidence/
HealthStory,story_reviews_00103,2,"Though it may improve symptoms, minimally invasive heart valve surgery is not without risks",Less-invasive heart valve replacement tied to better quality of life,Reuters Health,https://www.reuters.com/article/us-health-heart-tavr/less-invasive-heart-valve-replacement-tied-to-better-quality-of-life-idUSKCN1G72DT,https://www.healthnewsreview.org/review/though-it-may-improve-symptoms-minimally-invasive-aortic-valve-surgery-is-not-without-risks/
HealthStory,story_reviews_00104,2,Retinal scans to detect heart attack risk? Newsweek offers a blurry picture,GOOGLE RETINAL SCANS CAN PREDICT IF YOU WILL HAVE A HEART ATTACK,Newsweek,http://www.newsweek.com/google-retinal-scans-predict-heart-attack-812098,https://www.healthnewsreview.org/review/retinal-scans-to-detect-heart-attack-risk-newsweek-offers-a-blurry-picture/
HealthStory,story_reviews_00105,2,Newsweek headline overreaches with assertion that “many more” should take antidepressants,"ANTIDEPRESSANTS DO WORK, AND MANY MORE PEOPLE SHOULD TAKE THEM: MAJOR INTERNATIONAL STUDY",Newsweek,http://www.newsweek.com/antidepressants-major-depressive-disorder-study-815415,https://www.healthnewsreview.org/review/newsweek-headline-overreaches-with-assertion-that-many-more-should-take-antidepressants/
HealthStory,story_reviews_00106,1,"Guardian trumpets a test to diagnose autism, but where’s the evidence?","New test can detect autism in children, scientists say",The Guardian,https://www.theguardian.com/society/2018/feb/19/autism-children-blood-urine-test,https://www.healthnewsreview.org/review/guardian-trumpets-test-diagnose-autism-wheres-evidence/
HealthStory,story_reviews_00107,3,CNN wrongly reports that a new blood test can “help detect concussion”,FDA approves first blood test for concussion,CNN,https://www.cnn.com/2018/02/14/health/concussion-blood-test-fda-bn/index.html,https://www.healthnewsreview.org/review/cnn-wrongly-reports-that-a-new-blood-test-can-help-detect-concussion/
HealthStory,story_reviews_00108,1,ABC downplays gloomy context in reporting ‘remarkable’ BACE1 finding for Alzheimer’s,"Alzheimer's disease reversed in mice, offering hope for humans, new research shows",ABCNews.com,http://abcnews.go.com/Health/alzheimers-disease-reversed-mice-offering-hope-humans-research/story?id=53114260&cid=clicksource_26_2_hero_headlines_bsq_hed,https://www.healthnewsreview.org/review/abc-downplays-gloomy-context-in-reporting-remarkable-bace1-finding-for-alzheimers/
HealthStory,story_reviews_00109,2,Could this be a perfect example of health news clickbait?,Could this experimental drug stop the flu in 24 hours?,CBSNews.com,https://www.cbsnews.com/news/could-this-experimental-drug-stop-the-flu-in-24-hours/,https://www.healthnewsreview.org/review/could-this-be-a-perfect-example-of-health-news-clickbait/
HealthStory,story_reviews_00110,2,A flu-killing UV lamp? TIME overreaches about the state of the science,This UV Lamp Could Prevent the Flu Virus From Spreading in Public Places,Time,http://time.com/5142211/uv-light-kills-flu-virus/,https://www.healthnewsreview.org/review/a-flu-killing-uv-lamp-time-overreaches-about-the-state-of-the-science/
HealthStory,story_reviews_00111,2,HealthDay speculates about flu-fighting abilities of UVC light,Shining a Deadly New Light on Airborne Flu Virus,Health Day,https://consumer.healthday.com/infectious-disease-information-21/flu-news-314/shining-a-deadly-new-light-on-airborne-flu-virus-730997.html,https://www.healthnewsreview.org/review/healthday-speculates-about-flu-fighting-abilities-of-uvc-light/
HealthStory,story_reviews_00112,4,"Emerging migraine treatments: NPR story deftly weighs the good, the bad and the unknowns",Gone With A Shot? Hopeful New Signs Of Relief For Migraine Sufferers,NPR,https://www.npr.org/sections/health-shots/2018/02/03/581092093/gone-with-a-shot-hopeful-new-signs-of-relief-for-migraine-sufferers,https://www.healthnewsreview.org/review/emerging-migraine-treatments-npr-story-deftly-weighs-the-good-the-bad-and-the-unknowns/
HealthStory,story_reviews_00113,3,Disease-mongering dogs Bloomberg’s story on prostate cancer drugs,Early Prostate Cancer Kept at Bay in Two Studies for High-Risk Men,Bloomberg,https://www.bloomberg.com/news/articles/2018-02-05/early-prostate-cancer-kept-at-bay-in-2-studies-for-high-risk-men,https://www.healthnewsreview.org/review/lack-of-harms-and-disease-mongering-dog-bloombergs-story-on-prostate-cancer-drugs/
HealthStory,story_reviews_00114,2,Bloomberg highlights modest weight loss benefit from standing desks study. Missing: a focus on better alternatives,Do Standing Desks Really Help You Lose Weight?,Bloomberg,https://www.bloomberg.com/news/articles/2018-02-01/do-standing-desks-really-help-you-lose-weight,https://www.healthnewsreview.org/review/bloomberg-highlights-modest-weight-loss-benefit-from-standing-desks-study-missing-a-focus-on-better-alternatives/
HealthStory,story_reviews_00115,3,An Alzheimer’s study that included just 3 people: Does that warrant consumer news coverage?,Brain 'Pacemaker' Might Help Slow Alzheimer’s,Health Day,https://consumer.healthday.com/cognitive-health-information-26/alzheimer-s-news-20/brain-pacemaker-might-help-slow-alzheimer-s-730606.html,https://www.healthnewsreview.org/review/an-alzheimers-study-that-included-just-3-people-does-that-warrant-mainstream-news-coverage/
HealthStory,story_reviews_00116,3,Washington Post story on hyperbaric therapy for head injuries notes uncertain benefit–but not potential harms,Could hyperbaric treatment heal the brain?,The Washington Post,https://www.washingtonpost.com/national/health-science/could-hyperbaric-treatment-heal-the-brain/2018/01/26/90b3acfa-df87-11e7-8679-a9728984779c_story.html?nid&utm_term=.84d449258bc3,https://www.healthnewsreview.org/review/hyperbaric-therapy-for-concussion-washington-post-left-out-potential-harms/
HealthStory,story_reviews_00117,3,"Though it may reduce impact of a stroke, blood clot removal surgery is not without risks",New Findings Could Save Lives of More Stroke Patients,The New York Times,https://www.nytimes.com/2018/01/24/health/stroke-clots-brain.html,https://www.healthnewsreview.org/review/though-it-may-reduce-impact-of-a-stroke-blood-clot-removal-surgery-is-not-without-risks/
HealthStory,story_reviews_00118,1,Doctor with industry ties call sleep apnea device ‘revolutionary’ and ‘a game changer’ in CBS News story,"Sleep apnea patient finds rest with implant device: ""It saved my life""",CBSNews.com,https://www.cbsnews.com/news/sleep-apnea-inspire-implant-revolutionary/,https://www.healthnewsreview.org/review/doctor-with-industry-ties-call-sleep-apnea-device-revolutionary-and-a-game-changer-in-cbs-news-story/
HealthStory,story_reviews_00119,1,High-tech buzzwords and scary patient anecdote dominate NBC’s story on ‘new approach’ for aortic aneurysms,New approach to abdominal aortic aneurysm saves lives,NBCNews.com,https://www.nbcnews.com/health/health-news/new-approach-abdominal-aortic-aneurysm-repair-leads-quicker-recovery-n839251,https://www.healthnewsreview.org/review/high-tech-buzzwords-and-scary-patient-anecdote-dominate-nbcs-story-on-new-approach-for-aortic-aneurysms/
HealthStory,story_reviews_00120,5,"Cautious, independent voices help round out NPR’s look at experimental blood test for cancer",Scientists Edge Closer To A Blood Test To Detect Cancers,NPR,https://www.npr.org/sections/health-shots/2018/01/18/578620342/scientists-edge-closer-to-a-blood-test-to-detect-cancers,https://www.healthnewsreview.org/review/cautious-independent-voices-help-round-out-nprs-look-at-experimental-test-for-cancer/
HealthStory,story_reviews_00121,3,"‘It’s unknown whether treatment increases survival,’ AP wisely notes about new breast cancer drug",US OKs 1st drug aimed at women with inherited breast cancer,Associated Press,https://www.statnews.com/2018/01/12/inherited-breast-cancer-drug-fda/,https://www.healthnewsreview.org/review/its-unknown-whether-treatment-increases-survival-ap-wisely-notes-about-new-breast-cancer-drug/
HealthStory,story_reviews_00122,1,HealthDay’s piece on ‘bone cement’ doesn’t hold together,'Bone Cement': A Non-Surgical Option for Painful Joints?,Health Day,https://consumer.healthday.com/bone-and-joint-information-4/knee-problem-news-436/bone-cement-a-non-surgical-option-for-painful-joints-730077.html,https://www.healthnewsreview.org/review/healthdays-piece-on-bone-cement-doesnt-hold-together/
HealthStory,story_reviews_00123,3,"Stem cells for knee problems: WSJ doesn’t explore costs, harms, alternatives",Stem Cells for Knee Problems? U.S. Doctors Investigate,The Wall Street Journal,https://www.wsj.com/articles/stem-cells-for-knee-problems-u-s-doctors-investigate-1515420324?tesla=y,https://www.healthnewsreview.org/review/stem-cells-for-knee-problems-wsj-doesnt-explore-costs-harms-alternatives/
HealthStory,story_reviews_00124,4,NPR’s story on weight loss surgery in teens: Cost info would have improved a well-reported story,Bariatric Surgery Helps Teens With Severe Obesity Reduce Heart Disease Risk,NPR,https://www.npr.org/sections/health-shots/2018/01/08/575977290/bariatric-surgery-helps-teens-with-severe-obesity-reduce-heart-disease-risk,https://www.healthnewsreview.org/review/nprs-story-on-weight-loss-surgery-in-teens-cost-info-would-have-improved-a-well-reported-story/
HealthStory,story_reviews_00125,3,"CNN wisely challenges $425,000 price for gene therapy, but what about the claims of effectiveness?","Gene therapy for rare retinal disorder to cost $425,000 per eye",CNN,http://www.cnn.com/2018/01/03/health/luxturna-price-blindness-drug-bn/index.html,https://www.healthnewsreview.org/review/cnn-wisely-challenges-850000-price-for-gene-therapy-but-what-about-the-claims-of-effectiveness/
HealthStory,story_reviews_00126,4,Reuters Health story on glaucoma and drinking hot tea skims over study limitations,Drinking hot tea linked to lowered glaucoma risk,Reuters Health,https://www.reuters.com/article/us-health-glaucoma-hot-tea/drinking-hot-tea-linked-to-lowered-glaucoma-risk-idUSKBN1EQ17H,https://www.healthnewsreview.org/review/reuters-health-story-on-glaucoma-and-drinking-hot-tea-skims-over-study-limitations/
HealthStory,story_reviews_00127,3,Exercise and mild cognitive impairment: How solid is the evidence? U.S. News doesn’t say,"People With Mild Cognitive Impairment Should Exercise Twice a Week, Research Says",US News & World Report,https://health.usnews.com/wellness/health-buzz/articles/2017-12-29/research-mild-cognitive-impairment-patients-should-exercise-twice-a-week,https://www.healthnewsreview.org/review/exercise-and-mild-cognitive-impairment-how-solid-is-the-evidence-u-s-news-doesnt-say/
HealthStory,story_reviews_00128,4,LA Times provides strong overview on study showing vitamin D and calcium supplements don’t prevent fractures,Do you take calcium and vitamin D to protect your bones? A new study says it doesn't help,Los Angeles Times,http://beta.latimes.com/science/sciencenow/la-sci-sn-vitamins-bone-fractures-20171226-story.html,https://www.healthnewsreview.org/review/la-times-provides-strong-overview-on-study-showing-vitamin-d-and-calcium-supplements-dont-prevent-fractures/
HealthStory,story_reviews_00129,3,Little evidence to support assertion in U.S. News story that ADHD drugs can help smokers quit,ADHD Stimulants Might Help a Smoker With the Disorder Cut Back on Cigarettes,US News & World Report,https://health.usnews.com/health-care/patient-advice/articles/2017-12-20/adhd-stimulants-might-help-a-smoker-with-the-disorder-cut-back-on-cigarettes,https://www.healthnewsreview.org/review/little-evidence-to-support-assertion-in-u-s-news-story-that-adhd-drugs-can-help-smokers-quit/
HealthStory,story_reviews_00130,3,No discussion of risks in NPR’s look at brain-zapping implants to treat destructive impulses,Could A Zap To The Brain Derail Destructive Impulses?,NPR,https://www.npr.org/sections/health-shots/2017/12/18/571679556/could-a-zap-to-the-brain-derail-destructive-impulses,https://www.healthnewsreview.org/review/no-discussion-of-risks-in-nprs-look-at-brain-zapping-implants-to-treat-destructive-impulses/
HealthStory,story_reviews_00131,3,"Antibiotics could ‘dramatically reduce’ STIs, STAT says, though findings apply to small group of men","Antibiotics could dramatically reduce STIs, study says, raising tough new questions",STAT,https://www.statnews.com/2017/12/18/antibiotics-sexually-transmitted-infections/,https://www.healthnewsreview.org/review/antibiotics-could-dramatically-reduce-stis-stat-says-though-findings-apply-to-small-group-of-men/
HealthStory,story_reviews_00132,3,Philadelphia Inquirer story skirts discussion of evidence for experimental migraine drug,"Migraines plague millions, especially women. Now there's new hope",The Philadelphia Inquirer,http://www.philly.com/philly/health/health-news/migraines-plague-millions-especially-women-now-theres-new-hope-20171214.html,https://www.healthnewsreview.org/review/inquirer-story-skirts-discussion-of-evidence-for-experimental-migraine-drug/
HealthStory,story_reviews_00133,2,"HealthDay parrots another news release, this time overstating benefits of exercise for lymphoma","Get Active, Beat Lymphoma?",Health Day,https://consumer.healthday.com/cancer-information-5/lymphoma-cancer-news-101/get-active-beat-lymphoma-729290.html,https://www.healthnewsreview.org/review/healthday-parrots-another-news-release-this-time-overstating-benefits-of-exercise-for-lymphoma/
HealthStory,story_reviews_00134,4,Gene therapy and hemophilia: Washington Post wisely tells readers ‘the study has some limitations’,Gene therapy makes a big advance treating hemophilia B blood disorder,The Washington Post,https://www.washingtonpost.com/news/to-your-health/wp/2017/12/06/a-cut-could-have-killed-him-then-he-got-experimental-gene-therapy-for-hemophilia/?utm_term=.d04f3b3879fc,https://www.healthnewsreview.org/review/gene-therapy-and-hemophilia-washington-post-wisely-tells-readers-the-study-has-some-limitations/
HealthStory,story_reviews_00135,3,"A short, small study can’t prove opening doors or windows improves sleep quality",Open windows and doors can improve sleep quality,Reuters Health,https://www.reuters.com/article/us-health-sleep/open-windows-and-doors-can-improve-sleep-quality-idUSKBN1E12DK,https://www.healthnewsreview.org/review/a-short-small-study-cant-prove-opening-doors-or-windows-improves-sleep-quality/
HealthStory,story_reviews_00136,3,"When weight loss is the intervention, it’s still important to talk about costs and harms","Weight Loss Really Can Reverse Diabetes, New Study Finds",Time,http://time.com/5048653/weight-loss-diabetes-diet/,https://www.healthnewsreview.org/review/when-weight-loss-is-the-intervention-its-still-important-to-talk-about-costs-and-harms/
HealthStory,story_reviews_00137,3,Outside experts help round out NBC’s report on minimally invasive back pain procedure,Radiofrequency therapy relieved herniated disc pain in new study,NBCNews.com,https://www.nbcnews.com/health/health-news/radiofrequency-therapy-relieved-herniated-disk-pain-new-study-n825451,https://www.healthnewsreview.org/review/outside-experts-help-round-out-nbcs-report-on-minimally-invasive-back-pain-procedure/
HealthStory,story_reviews_00138,2,Guardian story on new migraine drug never establishes why it’s ‘an important step forward’,"Migraine drug could halve the length of attacks, study shows",The Guardian,https://www.theguardian.com/science/2017/nov/30/migraine-drug-erenumab-could-halve-the-length-of-attacks-study-shows,https://www.healthnewsreview.org/review/migraine-drug-halve-length-attacks-study-shows/
HealthStory,story_reviews_00139,4,Fecal transplant via a pill? Newsweek’s coverage points out possible selection bias of study participants,Fecal transplant via a pill? Newsweek’s coverage points out possible selection bias of study participants,Newsweek,http://www.newsweek.com/poop-pill-cure-deadly-and-common-hospital-infection-724329,https://www.healthnewsreview.org/review/fecal-transplant-via-a-pill-newsweeks-coverage-points-out-possible-selection-bias-of-study-participants/
HealthStory,story_reviews_00140,3,Patient anecdote outweighs data in AP’s look at lymph node transfer surgery,Replacing lymph nodes to ease painful legacy of cancer care,Associated Press,https://wtop.com/local/2017/11/replacing-lymph-nodes-to-ease-painful-legacy-of-cancer-care/slide/1/,https://www.healthnewsreview.org/review/patient-anecdote-outweighs-data-in-aps-look-at-lymph-node-replacement-surgery/
HealthStory,story_reviews_00141,2,Be wary of news headlines promising to unlock secrets of ‘living longer’,"Want to Live Longer? Every Movement Counts, Even Cleaning the House",Time,http://time.com/5030153/light-activity-longer-life/,https://www.healthnewsreview.org/review/be-wary-of-news-headlines-promising-to-unlock-secrets-of-living-longer/
HealthStory,story_reviews_00142,4,Spit test for concussion detection: CNN story includes some important caveats,"Spit test may diagnose, predict duration of concussion in kids",CNN,http://www.cnn.com/2017/11/20/health/spit-test-concussion-children-study/index.html,https://www.healthnewsreview.org/review/spit-test-for-concussion-detection-cnn-story-includes-some-important-caveats/
HealthStory,story_reviews_00143,3,"Skimpy, source-free ABC News story on new blood pressure guidelines unlikely to help readers much",More than 103 million Americans will have high blood pressure under new guidelines,ABCNews.com,http://abcnews.go.com/Health/103-million-americans-high-blood-pressure-guidelines/story?id=51121618,https://www.healthnewsreview.org/review/skimpy-abn-news-story-on-new-blood-pressure-guidelines-unlikely-to-help-readers-much/
HealthStory,story_reviews_00144,3,CNN is clear on the comparative benefits of two drugs for opioid use disorder,"Some opioid addiction drugs harder to start than others, study finds",CNN,http://www.cnn.com/2017/11/14/health/medicated-assisted-treatment-buprenorphine-naltrexone/index.html,https://www.healthnewsreview.org/review/cnn-is-clear-on-the-comparative-benefits-of-two-drugs-for-opioid-use-disorder/
HealthStory,story_reviews_00145,3,"‘Regular painkillers work as well as opioids for fractures,’ but is this new information?","Regular painkillers work as well as opioids for sprains, strains and fractures",The Washington Post,https://www.washingtonpost.com/national/health-science/regular-painkillers-work-as-well-as-opioids-for-sprains-strains-and-fractures/2017/11/10/516de244-c570-11e7-aae0-cb18a8c29c65_story.html?utm_term=.035793186e2b,https://www.healthnewsreview.org/review/regular-painkillers-work-as-well-as-opioids-for-fractures-but-is-this-new-information/
HealthStory,story_reviews_00146,3,BuzzFeed story on IUDs and cervical cancer warns readers ‘these are observational studies’,"IUDs Are Linked To A Lower Cervical Cancer Risk, Study Finds",BuzzFeed,https://www.buzzfeed.com/carolinekee/iuds-may-lower-cervical-cancer-risk-new-study-finds?utm_term=.uogXYK17d#.vdj7nEVvq,https://www.healthnewsreview.org/review/buzzfeed-story-on-iuds-and-cervical-cancer-warns-readers-these-are-observational-studies/
HealthStory,story_reviews_00147,3,Preliminary Alzheimer’s study involving plasma infusions–was this really newsworthy?,Blood From Young People Safe and Just Might Help Alzheimer’s Patients,NBCNews.com,https://www.nbcnews.com/health/health-news/young-blood-safe-just-might-help-alzheimer-s-patients-n817451,https://www.healthnewsreview.org/review/preliminary-alzheimers-study-involving-plasma-infusions-was-this-really-newsworthy/
HealthStory,story_reviews_00148,4,"NYT dives deep into potential impact of stent study, but needed more specifics on what was measured",‘Unbelievable’: Heart Stents Fail to Ease Chest Pain,The New York Times,https://www.nytimes.com/2017/11/02/health/heart-disease-stents.html,https://www.healthnewsreview.org/review/nyt-dives-deep-into-potential-impact-of-stent-study-but-needed-more-specifics-on-what-was-measured/
HealthStory,story_reviews_00149,4,"WSJ’s look at stent study: Solid reporting, with room for more detail on costs and risks",Study Raises Questions About Stents in Some Heart Patients,The Wall Street Journal,https://www.wsj.com/articles/study-raises-questions-about-stents-in-some-heart-patients-1509661402,https://www.healthnewsreview.org/review/wsjs-look-at-stent-study-solid-reporting-with-room-for-more-detail-on-costs-and-risks/
HealthStory,story_reviews_00150,4,‘Dramatic benefit’ of surgery in kids with epilepsy–potential harms clearly outlined,First test of anti-epilepsy surgeries in children shows dramatic benefit,Reuters Health,http://www.reuters.com/article/us-health-epilepsy-kids-surgery/first-test-of-anti-epilepsy-surgeries-in-children-shows-dramatic-benefit-idUSKBN1CU33K,https://www.healthnewsreview.org/review/first-test-anti-epilepsy-surgeries-children-shows-dramatic-benefit/
HealthStory,story_reviews_00151,4,U.S. News & World Report story on COPD and vitamin A left us wondering ‘what’s the news?’,Can Vitamin A Help With My COPD?,US News & World Report,https://health.usnews.com/health-care/patient-advice/articles/2017-10-27/can-vitamin-a-help-with-my-copd,https://www.healthnewsreview.org/review/u-s-news-world-report-story-on-copd-and-vitamin-a-left-us-wondering-whats-the-news/
HealthStory,story_reviews_00152,2,HealthDay’s rehashed news release overstates dementia benefits of blood thinners,Blood Thinners May Also Protect Brains of A-Fib Patients,Health Day,https://consumer.healthday.com/cardiovascular-health-information-20/atrial-fibrillation-959/blood-thinners-may-also-protect-brains-of-a-fib-patients-727831.html,https://www.healthnewsreview.org/review/healthdays-rehashed-news-release-overstates-dementia-benefits-blood-thinners/
HealthStory,story_reviews_00153,4,"Plenty of context, but evidence was AWOL in WSJ story on uterine fibroid treatment",New Treatment for Fibroids Without Surgery,The Wall Street Journal,https://www.wsj.com/articles/new-treatment-for-fibroids-without-surgery-1508772724?tesla=y,https://www.healthnewsreview.org/review/plenty-of-context-but-evidence-was-awol-in-wsj-story-on-uterine-fibroid-treatment/
HealthStory,story_reviews_00154,3,Brief but informative report from AP on newly approved shingles vaccine, FDA approves better vaccine against painful shingles virus,Associated Press,https://www.washingtonpost.com/national/health-science/fda-approves-better-vaccine-against-painful-shingles-virus/2017/10/20/45323de8-b5eb-11e7-9b93-b97043e57a22_story.html?utm_term=.00ae8cfadaf2,https://www.healthnewsreview.org/review/brief-but-informative-report-from-ap-on-newly-approved-shingles-vaccine/
HealthStory,story_reviews_00155,3,Washington Post wisely quantifies severe side effects and deaths from CAR-T cell therapy,Cutting-edge immunotherapy treatment approved for another deadly cancer,The Washington Post,https://www.washingtonpost.com/news/to-your-health/wp/2017/10/19/cutting-edge-immunotherapy-treatment-approved-for-yet-another-deadly-cancer/?utm_term=.3ad21ffd7a3f,https://www.healthnewsreview.org/review/washington-post-wisely-quantifies-severe-side-effects-and-deaths-from-car-t-cell-therapy/
HealthStory,story_reviews_00156,4,"Readers will be swept in by Newsweek’s story on pending muscular dystrophy drug, but what does the evidence show?",MUSCULAR DYSTROPHY: HEARTBROKEN FAMILY AWAITS FDA DECISION ON EXPERIMENTAL DRUG,Newsweek,http://www.newsweek.com/muscular-dystrophy-heartbroken-family-awaits-fda-decision-experimental-drug-681835,https://www.healthnewsreview.org/review/readers-will-be-swept-in-by-newsweeks-story-on-pending-muscular-dystrophy-drug-but-what-does-the-evidence-show/
HealthStory,story_reviews_00157,4,WSJ wisely reports on Ebola vaccines: ‘It is unknown…what antibody levels are needed to protect patients’,Ebola Vaccines Show Promise in New Study,The Wall Street Journal,https://www.wsj.com/articles/ebola-vaccines-show-promise-in-new-study-1507755629,https://www.healthnewsreview.org/review/wise-wsj-reporting-on-ebola-vaccine-it-is-unknown-what-antibody-levels-are-needed-to-protect-patients/
HealthStory,story_reviews_00158,2,HealthDay rehashes news release in uncritical look at breast cancer screening,Breast Cancer Screenings Still Best for Early Detection,Health Day,https://consumer.healthday.com/cancer-information-5/breast-cancer-news-94/breast-cancer-screenings-still-best-for-early-detection-727145.html,https://www.healthnewsreview.org/review/healthday-rehashes-news-release-in-uncritical-look-at-breast-cancer-screening/
HealthStory,story_reviews_00159,3,"Drink more water to reduce UTI risk, urge researchers who work for Evian’s manufacturer",Hate UTIs? One Simple Step Can Cut the Risk,Health Day,https://consumer.healthday.com/vitamins-and-nutrition-information-27/water-consumption-health-news-701/hate-utis-one-simple-step-can-cut-the-risk-727304.html,https://www.healthnewsreview.org/review/drink-more-water-to-reduce-uti-risk-urge-researchers-who-work-for-evians-manufacturer/
HealthStory,story_reviews_00160,4,New York Times is upfront about risk of ‘absolutely crazy’ prices for gene therapy treatment,"In a First, Gene Therapy Halts a Fatal Brain Disease",The New York Times,https://www.nytimes.com/2017/10/05/health/gene-therapy-brain-disease.html?rref=collection%2Fsectioncollection%2Fhealth&action=click&contentCollection=health&region=rank&module=package&version=highlights&contentPlacement=1&pgtype=sectionfront&_r=0,https://www.healthnewsreview.org/review/new-york-times-is-upfront-about-risk-of-absolutely-crazy-prices-for-gene-therapy-treatment/
HealthStory,story_reviews_00161,4,AP makes it clear that gene therapy has uncertain future for treating ALD,Gene therapy helps boys with 'Lorenzo's Oil' disease,Associated Press,http://abcnews.go.com/Health/wireStory/gene-therapy-helps-boys-lorenzos-oil-disease-50285402?cid=clicksource_26_4_article%20roll_articleroll_hed,https://www.healthnewsreview.org/review/ap-makes-it-clear-that-gene-therapy-has-uncertain-future-for-treating-ald/
HealthStory,story_reviews_00162,3,‘May help’…’may prevent:’ Conditional statements water down TIME’s look at exercise and depression study,Just One Hour of Exercise a Week May Help Prevent Depression,Time,http://time.com/4966319/exercise-depression-study/,https://www.healthnewsreview.org/review/may-help-may-prevent-conditional-statements-water-down-times-look-at-exercise-and-depression-study/
HealthStory,story_reviews_00163,3,AP’s write-up on a new continuous blood sugar monitor–where’s the proof that it works?,FDA OKs continuous blood sugar monitor without finger pricks,Associated Press,http://abcnews.go.com/Health/wireStory/fda-approves-1st-blood-sugar-monitor-finger-pricks-50157722,https://www.healthnewsreview.org/review/aps-write-up-on-a-new-continuous-blood-sugar-monitor-wheres-the-proof-that-it-works/
HealthStory,story_reviews_00164,4,Study limitations needed more attention in Inquirer’s look at whooping cough vaccine study,Study: Whooping cough vaccination during pregnancy protects newborns,The Philadelphia Inquirer,http://www.philly.com/philly/health/kids-families/study-whooping-cough-vaccination-during-pregnancy-protects-newborns-20170928.html,https://www.healthnewsreview.org/review/study-limitations-needed-more-attention-in-inquirers-look-at-whooping-cough-vaccine-study/
HealthStory,story_reviews_00165,4,CNN speculates about benefits of preliminary research finding on potential CTE biomarker,Researchers identify CTE biomarker that may lead to diagnosis while alive,CNN,http://www.cnn.com/2017/09/26/health/researchers-identify-cte-biomarker-that-may-lead-to-diagnosis-while-alive/index.html,https://www.healthnewsreview.org/review/cnn-speculates-about-benefits-of-preliminary-research-finding-on-potential-cte-biomarker/
HealthStory,story_reviews_00166,4,Independent source bolsters NPR’s report on oral food challenges for allergies,This Test Can Determine Whether You've Outgrown A Food Allergy,NPR,http://www.npr.org/sections/thesalt/2017/09/25/552959006/a-test-confirms-if-you-ve-outgrown-allergies,https://www.healthnewsreview.org/review/independent-source-bolsters-nprs-report-on-oral-food-challenges-for-allergies/
HealthStory,story_reviews_00167,4,Sleep deprivation for depression: Philadelphia Inquirer gives readers needed context on study limitations,Strange but true: Sleep deprivation can help depression. Penn scientists want to know why,The Philadelphia Inquirer,http://www.philly.com/philly/health/health-news/penn-scientists-probe-the-mysterious-relationship-between-sleep-deprivation-and-depression-20170922.html,https://www.healthnewsreview.org/review/sleep-deprivation-for-depression-philadelphia-inquirer-gives-readers-needed-context-on-study-limitations/
HealthStory,story_reviews_00168,3,Is one study of 51 men enough to declare the ‘two-week diet’ is better for dropping pounds?,HOW TO LOSE WEIGHT: TWO-WEEK DIET BETTER FOR DROPPING POUNDS,Newsweek,http://www.newsweek.com/weight-loss-two-week-diet-667692,https://www.healthnewsreview.org/review/is-one-study-of-51-men-enough-to-declare-two-week-diet-is-better-for-dropping-pounds/
HealthStory,story_reviews_00169,4,AP’s story on cancer immunotherapy quickly mentions low success rate,The big question: Will cancer immune therapy work for me?,Associated Press,http://www.sfgate.com/news/science/article/The-big-question-Will-cancer-immune-therapy-work-12213681.php,https://www.healthnewsreview.org/review/aps-story-on-cancer-immunotherapy-quickly-mentions-low-success-rate/
HealthStory,story_reviews_00170,3,ABC News touts affordability of at-home BRCA test without delving into any drawbacks,What to know about the new affordable at-home BRCA genetic mutation test,ABCNews.com,http://abcnews.go.com/Health/affordable-home-brca-genetic-mutation-test/story?id=49913351,https://www.healthnewsreview.org/review/abc-news-touts-affordability-of-at-home-brca-test-without-delving-into-any-drawbacks/
HealthStory,story_reviews_00171,5,Solid report from NYT on peanut product that claims to reduce allergy risk,New Product Is First to Claim It May Reduce Peanut Allergies,The New York Times,https://www.nytimes.com/2017/09/14/well/family/new-product-is-first-to-claim-it-may-reduce-peanut-allergies.html?rref=collection%2Fsectioncollection%2Fhealth&action=click&contentCollection=health&region=stream&module=stream_unit&version=latest&contentPlacement=2&pgtype=sectionfront&_r=0,https://www.healthnewsreview.org/review/solid-report-from-nyt-on-new-peanut-product-that-claims-to-reduce-allergy-risk/
HealthStory,story_reviews_00172,5,Reuters Health deftly reports new data on hormone therapy for menopause,Menopause hormone therapy not linked to premature death,Reuters Health,https://www.reuters.com/article/us-health-menopause-hormones/menopause-hormone-therapy-not-linked-to-premature-death-idUSKCN1BN2LQ,https://www.healthnewsreview.org/review/reuters-health-deftly-reports-new-data-on-hormone-therapy-for-menopause/
HealthStory,story_reviews_00173,3,"U.S. News compares accuracy of colon cancer screening tests, but what about costs?",Fecal Occult Stool Tests for Colorectal Cancer Screening,US News & World Report,http://health.usnews.com/health-care/patient-advice/articles/2017-09-12/fecal-occult-stool-tests-for-colorectal-cancer-screening,https://www.healthnewsreview.org/review/u-s-news-compares-accuracy-of-colon-cancer-screening-tests-but-what-about-costs/
HealthStory,story_reviews_00174,2,Guardian leaves out a key potential conflict of interest in story on statin study,"Statins cut the risk of heart disease death by 28% among men, study shows",The Guardian,https://www.theguardian.com/society/2017/sep/06/statins-cut-the-risk-of-heart-disease-death-by-28-among-men-study-shows,https://www.healthnewsreview.org/review/guardian-leaves-out-a-key-potential-conflict-of-interest-in-story-on-statins-and-risk-of-heart-disease-death/
HealthStory,story_reviews_00175,4,HealthDay cautiously reports results of Opdivo melanoma study, Immune-Focused Drug May Be New Weapon Against Advanced Melanoma,Health Day,https://consumer.healthday.com/cancer-information-5/skin-cancer-news-108/immune-focused-drug-may-be-new-weapon-against-advanced-melanoma-726353.html,https://www.healthnewsreview.org/review/healthday-cautiously-reports-results-of-opdivo-melanoma-study/
HealthStory,story_reviews_00176,4,STAT provides readers with necessary details to make sense of new PSA screening study,A new study claims prostate cancer screenings significantly reduce deaths. Not everyone agrees,STAT,https://www.statnews.com/2017/09/04/prostate-cancer-analysis/,https://www.healthnewsreview.org/review/stat-provides-readers-with-necessary-details-to-make-sense-of-new-psa-screening-study/
HealthStory,story_reviews_00177,3,LA Times portrays PSA screening analysis as far more clear-cut and definite than even the authors claim,"PSA screening for prostate cancer saves lives after all, study says",Los Angeles Times,http://www.latimes.com/science/sciencenow/la-sci-sn-prostate-cancer-screening-20170904-story.html,https://www.healthnewsreview.org/review/la-times-portrays-psa-screening-analysis-as-far-more-clear-cut-and-definite-than-even-the-authors-claim/
HealthStory,story_reviews_00178,3,Anecdotes dominate AP’s story on EMTs using nitrous oxide for pain relief,NO LAUGHING MATTER: NITROUS OXIDE REAPPEARS IN US AMBULANCES,Associated Press,http://abcnews.go.com/Health/wireStory/laughing-gas-makes-comeback-painkiller-ambulances-49530650,https://www.healthnewsreview.org/review/anecdotes-dominate-aps-story-on-emts-using-nitrous-oxide-for-pain-relief/
HealthStory,story_reviews_00179,4,Washington Post’s otherwise well-reported story on ecstasy for PTSD skirts evidence discussion,"Ecstasy could be ‘breakthrough’ therapy for soldiers, others suffering from PTSD",The Washington Post,https://www.washingtonpost.com/national/health-science/ecstasy-could-be-breakthrough-therapy-for-soldiers-others-suffering-from-ptsd/2017/08/26/009314ca-842f-11e7-b359-15a3617c767b_story.html?utm_term=.6083790a8a15,https://www.healthnewsreview.org/review/washington-posts-otherwise-well-reported-story-on-ecstasy-for-ptsd-skirts-evidence-discussion/
HealthStory,story_reviews_00180,3,TIME’s look at new heart drug overlooks high price and potentially fatal risks,A New Drug Lowers Risk of Heart Attack and Cancer,Time,http://time.com/4916414/drug-inflammation-heart-attack-cancer/,https://www.healthnewsreview.org/review/times-look-at-new-heart-drug-overlooks-high-price-and-potentially-fatal-risks/
HealthStory,story_reviews_00181,4,"In coverage of anti-inflammatory heart drug from Novartis, Reuters keeps it real","Novartis hopeful for novel heart drug, despite 'modest' benefit",Reuters,http://www.reuters.com/article/us-novartis-heart-drug-idUSKCN1B70AY,https://www.healthnewsreview.org/review/in-coverage-of-anti-inflammatory-heart-drug-from-novartis-reuters-keeps-it-real/
HealthStory,story_reviews_00182,2,Reuters doesn’t dig deep enough into FDA’s approval of ‘new’ Parkinson’s drug Gocovri,Adamas Pharma secures approval for Parkinson's dyskinesia drug,Reuters,http://www.reuters.com/article/us-adamas-pharma-fda-idUSKCN1B42M8,https://www.healthnewsreview.org/review/reuters-doesnt-dig-deep-enough-into-fdas-approval-of-new-parkinsons-drug-gocovri/
HealthStory,story_reviews_00183,3,NY Times touts ‘compelling’ results for unproven hair loss product,Is This Treatment the Cure for Hair Loss?,The New York Times,https://www.nytimes.com/2017/08/21/fashion/hair-loss-treatments-harklinikken.html,https://www.healthnewsreview.org/review/ny-times-touts-compelling-results-for-unproven-hair-loss-product/
HealthStory,story_reviews_00184,2,"New therapy may ‘cure’ peanut allergy, TIME unwisely speculates (again)",A New Therapy May Cure Kids of Peanut Allergy,Time,http://time.com/4905191/peanut-allergy-peanuts-probiotics/,https://www.healthnewsreview.org/review/new-therapy-may-cure-peanut-allergy-time-unwisely-speculates-again/
HealthStory,story_reviews_00185,5,NBC News doesn’t back away from shortcomings of new blood test for early cancer detection,Blood Test Finds Cancer Before Symptoms Start,NBCNews.com,http://www.nbcnews.com/health/health-news/blood-test-finds-cancer-symptoms-start-n793181,https://www.healthnewsreview.org/review/nbc-news-doesnt-back-away-from-shortcomings-of-new-blood-test-for-early-cancer-detection/
HealthStory,story_reviews_00186,4,Strong recap on cancer blood test should have challenged survival claims,Silicon Valley Startup Grail Sees Hope for Cancer Blood Test,Bloomberg,https://www.bloomberg.com/news/articles/2017-08-09/silicon-valley-startup-grail-sees-hope-for-cancer-blood-test,https://www.healthnewsreview.org/review/strong-recap-on-cancer-blood-test-should-have-challenged-survival-claims/
HealthStory,story_reviews_00187,3,ABC News story on new ALS drug Radicava included many caveats–except the most important one,New ALS drug Radicava comes with new questions as well,ABCNews.com,http://abcnews.go.com/Health/als-drug-radicava-questions/story?id=49124789,https://www.healthnewsreview.org/review/abc-news-story-new-als-drug-included-many-caveats-except-important-one/
HealthStory,story_reviews_00188,2,"NBC News says gene test ‘may help treat depression,’ but doesn’t back up claim",Finding the Right Medication: Gene Test May Help Treat Depression,NBCNews.com,http://www.nbcnews.com/health/mental-health/finding-right-medication-gene-test-may-help-treat-depression-n782781,https://www.healthnewsreview.org/review/nbc-news-says-gene-test-may-help-treat-depression-but-doesnt-back-up-claim/
HealthStory,story_reviews_00189,3,Managing ‘mummy tummy:’ More study details would’ve tightened informative NPR piece,"Flattening The 'Mummy Tummy' With 1 Exercise, 10 Minutes A Day",NPR,http://www.npr.org/sections/health-shots/2017/08/07/541204499/flattening-the-mummy-tummy-with-1-exercise-10-minutes-a-day,https://www.healthnewsreview.org/review/managing-mummy-tummy-more-study-details-wouldve-tightened-informative-npr-piece/
HealthStory,story_reviews_00190,3,"AP story says new drug ‘cures’ hepatitis C, but that’s no guarantee patients will be spared cirrhosis or liver cancer",FDA OKs new drug to treat all forms of hepatitis C,Associated Press,http://abcnews.go.com/Health/wireStory/fda-oks-drug-treat-forms-hepatitis-49019076?cid=clicksource_26_2_hero_headlines_bsq_hed,https://www.healthnewsreview.org/review/ap-story-says-new-drug-cures-hepatitis-c-but-thats-no-guarantee-patients-will-be-spared-cirrhosis-or-liver-cancer/
HealthStory,story_reviews_00191,4,Cautious tone underpins HealthDay’s story on experimental treatment to reduce kidney transplant rejection,Novel Procedure Improves Kidney Transplant Success,Health Day,https://consumer.healthday.com/diseases-and-conditions-information-37/misc-kidney-problem-news-432/novel-procedure-improves-kidney-transplant-success-725211.html,https://www.healthnewsreview.org/review/cautious-tone-underpins-healthdays-story-on-experimental-treatment-to-reduce-kidney-transplant-rejection/
HealthStory,story_reviews_00192,5,STAT puts $950 DNA-based fertility test under the microscope,Can a genetic test really boost your odds of becoming pregnant?,STAT,https://www.statnews.com/2017/08/02/infertility-genetic-test-fertilome/,https://www.healthnewsreview.org/review/stat-puts-950-dna-based-fertility-test-under-the-microscope/
HealthStory,story_reviews_00193,3,More discussion of study’s limitations needed in NPR’s story on chronic fatigue test,Scientists Edge Closer To Elusive Lab Test For 'Chronic Fatigue Syndrome’,NPR,http://www.npr.org/sections/health-shots/2017/07/31/540565526/scientists-edge-closer-to-elusive-lab-test-for-chronic-fatigue-syndrome,https://www.healthnewsreview.org/review/more-discussion-of-studys-limitations-needed-in-nprs-story-on-chronic-fatigue-test/
HealthStory,story_reviews_00194,3,Do PET scans improve dementia diagnosis? LA Times story overlooks harms of screening,Is it Alzheimer’s or another dementia form? Why doctors need to distinguish and how they might do so,Los Angeles Times,http://www.latimes.com/science/sciencenow/la-sci-sn-alzheimers-transcranial-magnetic-stimulation-20170726-story.html,https://www.healthnewsreview.org/review/do-pet-scans-improve-dementia-diagnosis-la-times-story-overlooks-harms-of-screening/
HealthStory,story_reviews_00195,4,Stem cell brain implants–what could go wrong? Guardian doesn’t say,"Stem cell brain implants could 'slow ageing and extend life', study shows",The Guardian,https://www.theguardian.com/science/2017/jul/26/stem-cell-brain-implants-could-slow-ageing-and-extend-life-study-shows,https://www.healthnewsreview.org/review/stem-cell-brain-implants-what-could-go-wrong-guardian-doesnt-say/
HealthStory,story_reviews_00196,4,Vox says experimental HIV vaccine is ‘promising.’ But is it?,There's a promising new HIV vaccine candidate in the pipeline,Vox,https://www.vox.com/science-and-health/2017/7/24/16019590/hiv-vaccine-international-aids-society-conference,https://www.healthnewsreview.org/review/vox-says-experimental-hiv-vaccine-is-promising-but-is-it/
HealthStory,story_reviews_00197,3,"Needle-free vaccines: NPR’s story is solid effort, but needed more on the medical evidence behind the claims",Beyond The Nasty Needle: Trying To Make Vaccines More Comfy And Convenient,NPR,http://www.npr.org/sections/health-shots/2017/07/23/537287781/beyond-the-nasty-needle-trying-to-make-vaccines-more-comfy-and-convenient,https://www.healthnewsreview.org/review/needle-free-vaccines-nprs-story-is-solid-effort-but-needed-more-on-the-medical-evidence-behind-the-claims/
HealthStory,story_reviews_00198,5,To taper or not to taper off opioids? Vox lays out strengths and weaknesses of new study,A new study suggests it’s possible to get people off opioids and improve their pain,Vox,https://www.vox.com/science-and-health/2017/7/20/15988524/opioid-pain-outcomes-study,https://www.healthnewsreview.org/review/to-taper-or-not-to-taper-off-opioids-vox-lays-out-strengths-and-weaknesses-of-new-study/
HealthStory,story_reviews_00199,3,"Laser treatment for eye ‘floaters’–HealthDay notes small study size, but not cost or risks",Laser Therapy Shows Promise Against Eye 'Floaters',Health Day,https://consumer.healthday.com/eye-care-information-13/floaters-eye-313/laser-therapy-shows-promise-against-eye-floaters-724755.html,https://www.healthnewsreview.org/review/laser-treatment-for-eye-floaters-healthday-notes-small-study-size-but-not-cost-or-risks/
HealthStory,story_reviews_00200,4,Newsweek presents a mostly balanced account of family’s unconventional cancer journey,CANCER AND KIDS: IS MEDICAL MARIJUANA THE ANSWER?,Newsweek,http://www.newsweek.com/2017/07/28/medical-marijuana-pediatric-cancer-637676.html,https://www.healthnewsreview.org/review/despite-misleading-headline-newsweek-presents-balanced-account-of-a-familys-unconventional-struggle-with-cancer/
HealthStory,story_reviews_00201,2,"NBC News claims new imaging technique ‘may predict heart attacks,’ but where’s the data?",New Heart Imaging Method May Predict Heart Attack,NBCNews.com,http://www.nbcnews.com/health/health-care/new-heart-imaging-method-may-predict-heart-attacks-n782271,https://www.healthnewsreview.org/review/new-heart-imaging-method-may-predict-heart-attack/
HealthStory,story_reviews_00202,4,"Washington Post wisely notes that CAR T-cell therapy may cost at least $300,000",First gene therapy — ‘a true living drug’ — on the cusp of FDA approval,The Washington Post,https://www.washingtonpost.com/national/health-science/first-gene-therapy--a-true-living-drug--on-the-cusp-of-fda-approval/2017/07/11/bd7872a0-618a-11e7-a4f7-af34fc1d9d39_story.html?utm_term=.00bb4335a844,https://www.healthnewsreview.org/review/washington-post-wisely-lets-readers-known-new-cancer-therapy-may-cost-at-least-300000/
HealthStory,story_reviews_00203,4,"Vaccine shows protection against gonorrhea, STAT reports. But what about the costs and potential harms?","Vaccine shows protection against gonorrhea for first time, study says",STAT,https://www.statnews.com/2017/07/10/gonorrhea-vaccine-study/,https://www.healthnewsreview.org/review/vaccine-shows-protection-against-gonorrhea-stat-reports-but-what-about-the-costs-and-potential-harms/
HealthStory,story_reviews_00204,4,“Good for you” or not? Mixed messages in LA Times coverage of coffee studies,Two big studies bolster the claim that coffee – even decaf – is good for you,Los Angeles Times,http://www.latimes.com/science/sciencenow/la-sci-sn-coffee-health-20170710-story.html,https://www.healthnewsreview.org/review/two-big-studies-bolster-claim-coffee-even-decaf-good/
HealthStory,story_reviews_00205,4,It’s misleading to call results from phase 1 trials with 6 and 13 patients a ‘cancer breakthrough’,CANCER BREAKTHROUGH: PERSONALIZED MELANOMA VACCINES ‘SAFE AND EFFECTIVE’ IN FIRST HUMAN CLINICAL TRIALS,Newsweek,http://www.newsweek.com/cancer-vaccine-personalized-medicine-clinical-trial-632196,https://www.healthnewsreview.org/review/its-misleading-to-call-results-from-phase-1-trials-with-6-and-13-patients-a-cancer-breakthrough/
HealthStory,story_reviews_00206,5,U.S. News takes careful look at emailed help for smoking cessation,You’ve Got Mail About Quitting Smoking,US News & World Report,http://health.usnews.com/health-care/patient-advice/articles/2017-07-06/youve-got-mail-about-quitting-smoking,https://www.healthnewsreview.org/review/emailed-help-for-smoking-cessation/
HealthStory,story_reviews_00207,5,Washington Post deftly examines lack of evidence for a fuzzy area of psychiatry: animal therapy,Therapy animals are everywhere. Proof that they help is not.,The Washington Post,https://www.washingtonpost.com/news/animalia/wp/2017/07/02/therapy-animals-are-everywhere-proof-that-they-help-is-not/?utm_term=.cd3259dfb785,https://www.healthnewsreview.org/review/washington-post-deftly-examines-lack-of-evidence-for-a-fuzzy-area-of-psychiatry-animal-therapy/
HealthStory,story_reviews_00208,2,Reuters turns unpublished pilot studies into news,Blood test by Britain's Angle detects ovarian cancer in study,Reuters,http://www.reuters.com/article/us-angle-cancer-idUSKBN19P12Y,https://www.healthnewsreview.org/review/reuters-turns-unpublished-pilot-studies-on-ovarian-cancer-test-into-news/
HealthStory,story_reviews_00209,5,Preeclampsia and aspirin: HealthDay does solid job covering new study findings,Can an Aspirin a Day Keep a Pregnancy Complication Away?,Health Day,https://consumer.healthday.com/diseases-and-conditions-information-37/pre-eclampsia-994/can-an-aspirin-a-day-keep-a-pregnancy-complication-away-724086.html,https://www.healthnewsreview.org/review/preeclampsia-and-aspirin-healthday-does-solid-job-covering-new-study-findings/
HealthStory,story_reviews_00210,5,Buzzfeed offers refreshing candor in explainer piece on female condom,Here's What You Need To Know About The Female Condom,BuzzFeed,https://www.buzzfeed.com/caseygueren/13-things-you-need-to-know-about-the-female-condom?utm_term=.xyBXr6P8Lv#.xaPXJ5kYv2,https://www.healthnewsreview.org/review/buzzfeed-offers-refreshing-candor-in-explainer-piece-on-female-condom/
HealthStory,story_reviews_00211,4,WSJ’s look at digital therapy covers a lot of ground–except potential downsides,"To Treat Depression, Try a Digital Therapist",The Wall Street Journal,https://www.wsj.com/articles/to-treat-depression-try-a-digital-therapist-1498227092,https://www.healthnewsreview.org/review/wsjs-look-at-digital-therapy-covers-a-lot-of-ground-except-potential-downsides/
HealthStory,story_reviews_00212,3,It’s still a conflict of interest when a source ‘wasn’t part of the research’ but is a consultant for the drug company,DRUG SHOWS PROMISE AGAINST VISION-ROBBING DISEASE IN SENIORS,Associated Press,https://www.thestar.com/news/world/2017/06/21/new-drug-shows-promise-against-vision-robbing-disease-in-seniors.html,https://www.healthnewsreview.org/review/when-a-source-wasnt-part-of-the-research-but-does-accept-money-from-the-drug-company-its-still-a-conflict-of-interest/
HealthStory,story_reviews_00213,4,"Though light on data, U.S. News & World Report story looks at lack of evidence for arthroscopic knee surgery",The Case Against – and for – Arthroscopic Knee Surgery,US News & World Report,http://health.usnews.com/health-care/patient-advice/articles/2017-06-22/the-case-against-and-for-arthroscopic-knee-surgery,https://www.healthnewsreview.org/review/though-light-on-data-u-s-news-world-report-story-covers-lack-of-evidence-for-arthroscopic-knee-surgery/
HealthStory,story_reviews_00214,2,"CBS News says ‘yoga as good as physical therapy’–OK, but what does ‘good’ mean?",New study shows promise of yoga in treating back pain,CBSNews.com,http://www.cbsnews.com/news/study-yoga-treating-moderate-severe-back-pain/,https://www.healthnewsreview.org/review/cbs-news-says-yoga-as-good-as-physical-therapy-ok-but-what-does-good-mean/
HealthStory,story_reviews_00215,2,"Acupuncture in the ER: No, study did not prove it was ‘safe and effective’",Acupuncture May Be Effective Painkiller in the ER,Health Day,https://consumer.healthday.com/alternative-medicine-information-3/acupuncture-news-5/acupuncture-may-be-effective-painkiller-in-the-er-723740.html,https://www.healthnewsreview.org/review/acupuncture-in-the-er-no-study-did-not-prove-it-was-safe-and-effective/
HealthStory,story_reviews_00216,1,"For story on experimental prostate cancer blood test, Guardian leans heavily on news release","Prostate cancer blood test could transform treatment, say scientists",The Guardian,https://www.theguardian.com/society/2017/jun/19/prostate-cancer-blood-test-transform-treatment-scientists,https://www.healthnewsreview.org/review/for-story-on-experimental-prostate-cancer-blood-test-guardian-leans-heavily-on-news-release/
HealthStory,story_reviews_00217,5,‘O-Shot’ incontinence fix: Inquirer sets out lack of scientific support for procedure,The O-Shot: Incontinence fix or empty promise?,The Philadelphia Inquirer,http://www.philly.com/philly/health/health-news/the-o-shot-incontinence-fix-or-empty-promise-20170618.html,https://www.healthnewsreview.org/review/o-shot-incontinence-fix-inquirer-clearly-sets-out-lack-of-scientific-support-for-procedure/
HealthStory,story_reviews_00218,4,"Small, unpublished study on new knee pain procedure needed more scrutiny from NBC News",‘Cool’ New Knee Procedure Eases Arthritis Pain Without Surgery,NBCNews.com,http://www.nbcnews.com/health/health-news/cool-new-knee-procedure-eases-arthritis-pain-without-surgery-n771221,https://www.healthnewsreview.org/review/small-unpublished-study-on-new-knee-pain-procedure-needed-more-scrutiny-from-nbc-news/
HealthStory,story_reviews_00219,3,Washington Post’s look at Silicon Valley ‘smart drugs’ needed a stronger shot of skepticism,Tweaking brains with ‘smart drugs’ to get ahead in Silicon Valley,The Washington Post,https://www.washingtonpost.com/national/health-science/tweaking-brains-with-smart-drugs-to-get-ahead-in-silicon-valley/2017/06/09/5bc9c064-0b35-11e7-93dc-00f9bdd74ed1_story.html?utm_term=.d23880c73297,https://www.healthnewsreview.org/review/washington-posts-look-at-silicon-valley-smart-drugs-needed-a-stronger-shot-of-skepticism/
HealthStory,story_reviews_00220,3,Speculation overshadows caution in HealthDay’s snake venom-derived blood thinner story,It's Snakes to the Rescue for Heart Patients,Health Day,https://consumer.healthday.com/cardiovascular-health-information-20/heart-stroke-related-stroke-353/it-s-snakes-to-the-rescue-for-heart-patients-723397.html,https://www.healthnewsreview.org/review/speculation-overshadows-caution-in-healthdays-snake-venom-derived-blood-thinner-story/
HealthStory,story_reviews_00221,3,"Newsweek says ‘new vaccine could stop heroin abuse’ — in four monkeys, at least","NEW VACCINE COULD STOP HEROIN ABUSE BY BLOCKING HIGH, STUDY SUGGESTS",Newsweek,http://www.newsweek.com/new-vaccine-stop-heroin-high-abuse-study-622312,https://www.healthnewsreview.org/review/newsweek-says-new-vaccine-could-stop-heroin-abuse-in-four-monkeys-at-least/
HealthStory,story_reviews_00222,3,"Strong on context, light on data: Reuters Health story on chondroitin for knee pain",Does chondroitin trump an anti-inflammatory for arthritic knee pain?,Reuters,http://www.reuters.com/article/us-health-chondroitin-knee-arthritis-idUSKBN18X2BJ,https://www.healthnewsreview.org/review/strong-on-context-light-on-data-reuters-health-story-on-chondroitin-for-knee-pai/
HealthStory,story_reviews_00223,4,TIME takes cautious approach with probiotics and depression study,How Probiotics May Help Depression,Time,http://time.com/4801842/probiotics-mood-depression-ibs/,https://www.healthnewsreview.org/review/time-takes-cautious-approach-with-probiotics-for-depression-study/
HealthStory,story_reviews_00224,5,Bloomberg offers up balanced recap of new breast cancer therapy,Roche's Pricey New Breast-Cancer Combo Barely Beats Old Drug,Bloomberg,https://www.bloomberg.com/news/articles/2017-06-05/roche-s-pricey-new-breast-cancer-combo-barely-beat-its-old-drug,https://www.healthnewsreview.org/review/bloomberg-offers-up-balanced-recap-of-new-breast-cancer-therapy/
HealthStory,story_reviews_00225,3,Positive anecdotes dominate Philadelphia Inquirer story on ‘UroLift’ for enlarged prostate,Fast help for men whose prostates won't let them go,The Philadelphia Inquirer,http://www.philly.com/philly/health/health-news/prostate-urination-frequency-night-bladder-20170604.html,https://www.healthnewsreview.org/review/positive-anecdotes-dominate-philadelphia-inquirer-story-on-urolift-for-enlarged-prostate/
HealthStory,story_reviews_00226,2,Immunotherapy’s ‘new era:’  LA Times story overlooks the risks and overstates trial results, Immunotherapy drug opens a new era of precision medicine for cancer,Los Angeles Times,http://www.latimes.com/science/sciencenow/la-sci-sn-cancer-immunotherapy-drug-20170526-story.html,https://www.healthnewsreview.org/review/immunotherapys-new-era-la-times-story-overlooks-the-risks-and-overstates-trial-results/
HealthStory,story_reviews_00227,5,CNN deftly reports on results of trial of cannabis-derived drug for severe epilepsy,"Cannabidiol slashes seizures in kids with rare epilepsy, study finds",CNN,http://www.cnn.com/2017/05/24/health/cannabidiol-epilepsy-study/index.html,https://www.healthnewsreview.org/review/cannabidiol-slashes-seizures-kids-rare-epilepsy-study-finds/
HealthStory,story_reviews_00228,2,"Newsweek speculates about an ‘obesity cure,’ and doesn’t disclose important conflict of interest",OBESITY CURE? SCIENTISTS DISCOVER ANTIBODY THAT REDUCES BODY FAT IN MICE,Newsweek,http://www.newsweek.com/obesity-weight-loss-antibody-reduces-fat-614978,https://www.healthnewsreview.org/review/newsweek-speculates-about-an-obesity-cure-and-doesnt-disclose-important-conflict-of-interest/
HealthStory,story_reviews_00229,4,Cautions and caveats help buoy Guardian story on using high platelet count for cancer detection,"High blood platelet count 'as good a cancer predictor as a lump in the breast,’",The Guardian,https://www.theguardian.com/science/2017/may/23/high-blood-platelet-count-as-good-a-cancer-predictor-as-a-lump-in-the-breast,https://www.healthnewsreview.org/review/cautions-and-caveats-help-buoy-guardian-story-on-using-high-platelet-count-for-cancer-detection/
HealthStory,story_reviews_00230,4,Could an expensive chemotherapy drug treat severe asthma? It’s too soon to know,Could Cancer Drug Gleevec Help With Severe Asthma?,Health Day,https://consumer.healthday.com/cancer-information-5/gleevec-news-834/could-cancer-drug-gleevec-help-with-severe-asthma-722902.html,https://www.healthnewsreview.org/review/could-an-expensive-chemotherapy-drug-treat-severe-asthma-its-too-soon-to-ask/
HealthStory,story_reviews_00231,3,Keytruda for bladder cancer: No independent scrutiny of Merck-reported results,Merck says test shows Keytruda improves survival for bladder cancer patients,Reuters,http://www.reuters.com/article/us-health-cancer-bladder-idUSKCN18D2Q8,https://www.healthnewsreview.org/review/keytruda-bladder-cancer-no-independent-scrutiny-merck-reported-results/
HealthStory,story_reviews_00232,5,Bloomberg story provides clear-eyed view of trendy neurofeedback brain-training clinics,Neurofeedback Could Fight Depression–or Just Empty Your Wallet,Bloomberg,https://www.bloomberg.com/news/articles/2017-05-18/neurofeedback-could-fight-depression-or-just-empty-your-wallet,https://www.healthnewsreview.org/review/bloomberg-story-provides-clear-eyed-view-of-trendy-neurofeedback-brain-training-clinics/
HealthStory,story_reviews_00233,3,How solid is the evidence for an implantable sleep apnea device? NBC’s story doesn’t say,New Technology May Help Ease Sleep Apnea,NBCNews.com,http://www.nbcnews.com/health/health-news/new-technology-may-help-ease-sleep-apnea-n760391,https://www.healthnewsreview.org/review/how-solid-is-the-evidence-for-a-new-implantable-sleep-apnea-device-nbcs-story-doesnt-say/
HealthStory,story_reviews_00234,3,"‘Baby aspirin may reduce risk of breast cancer,’ says Washington Post, omitting some major limitations of the study","For women, baby aspirin may reduce risk of breast cancer",The Washington Post,https://www.washingtonpost.com/national/health-science/for-women-baby-aspirin-may-reduce-risk-of-breast-cancer/2017/05/12/aec5698e-3665-11e7-b4ee-434b6d506b37_story.html?utm_term=.6510d5725ea0,https://www.healthnewsreview.org/review/baby-aspirin-may-reduce-risk-of-breast-cancer-says-washington-post-omitting-some-major-limitations-of-the-study/
HealthStory,story_reviews_00235,3,Blood thinners may prevent dementia in atrial fibrillation patients–or they may not,Blood Thinners May Prevent Dementia in Atrial Fibrillation Patients,Health Day,https://consumer.healthday.com/cardiovascular-health-information-20/atrial-fibrillation-959/blood-thinners-may-prevent-dementia-in-atrial-fibrillation-patients-722617.html,https://www.healthnewsreview.org/review/blood-thinners-may-prevent-dementia-in-atrial-fibrillation-patients-or-they-may-not/
HealthStory,story_reviews_00236,2,USA Today story based on one anecdote serves as promotional megaphone for Microsoft,Microsoft shows off watch that quiets Parkinson's tremors,USA Today,https://www.usatoday.com/story/tech/talkingtech/2017/05/10/microsoft-shows-off-watch-quiets-parkinsons-tremors/101517718/,https://www.healthnewsreview.org/review/usa-today-story-based-on-one-anecdote-serves-as-promotional-megaphone-for-microsoft/
HealthStory,story_reviews_00237,4,"Except for needing more sources, Reuters Health story on Graves’ disease is well-reported","Experimental drug reduces thyroid-associated ‘Graves' eyes,’",Reuters Health,http://www.reuters.com/article/us-health-graves-eyes-drug-idUSKBN18523X,https://www.healthnewsreview.org/review/except-for-needing-more-sources-reuters-health-story-on-graves-disease-is-well-reported/
HealthStory,story_reviews_00238,4,Marijuana and memory: Newsweek writes about mouse research–but is at least upfront about it,CAN MARIJUANA RESTORE MEMORY? NEW STUDY SHOWS CANNABIS CAN REVERSE COGNITIVE DECLINE IN MICE,Newsweek,http://www.newsweek.com/cannabis-marijuana-restores-memory-learning-cognitive-decline-596160,https://www.healthnewsreview.org/review/marijuana-and-memory-newsweek-writes-about-mouse-research-but-is-at-least-upfront-about-it/
HealthStory,story_reviews_00239,3,"NPR suggests experimental concussion ‘spit test’ can improve care, but that’s not what researchers looked at",Spit Test May Reveal The Severity Of A Child's Concussion,NPR,http://www.npr.org/sections/health-shots/2017/05/04/526782407/spit-test-may-reveal-the-severity-of-a-child-s-concussion,https://www.healthnewsreview.org/review/npr-suggests-experimental-concussion-spit-test-can-improve-care-but-thats-not-what-researchers-looked-at/
HealthStory,story_reviews_00240,5,A pat on the back to HealthDay for thorough report on ulcerative colitis drug,Arthritis Drug Shows Promise for Ulcerative Colitis,Health Day,https://consumer.healthday.com/gastrointestinal-information-15/inflammatory-bowel-disease-news-78/arthritis-drug-shows-promise-for-ulcerative-colitis-722330.html,https://www.healthnewsreview.org/review/a-pat-on-the-back-to-healthday-for-thorough-report-on-ulcerative-colitis-drug/
HealthStory,story_reviews_00241,2,Potential cancer-detecting breath test gets breathless write-up in New York Times,"One Day, a Machine Will Smell Whether You’re Sick",The New York Times,https://www.nytimes.com/2017/05/01/health/artificial-nose-scent-disease.html,https://www.healthnewsreview.org/review/potential-cancer-detecting-breath-test-gets-breathless-write-up-in-new-york-times/
HealthStory,story_reviews_00242,2,"Interesting postpartum depression study results reported in the Guardian, but have they actually been published?",Therapy ‘has long-term benefits for mothers with depression’,The Guardian,https://www.theguardian.com/society/2017/apr/29/cognitive-behavioural-therapy-long-term-benefits-mothers-depression,https://www.healthnewsreview.org/review/interesting-postpartum-depression-study-results-reported-in-the-guardian-but-have-they-actually-been-published/
HealthStory,story_reviews_00243,5,STAT’s cautious story provides interesting insights into challenges of Alzheimer’s research,"In small Alzheimer’s study, hints of modest benefit from unusual drug",STAT,https://www.statnews.com/2017/05/01/alzheimers-neurotrope-results/,https://www.healthnewsreview.org/review/stats-cautious-story-provides-interesting-insights-into-challenges-of-alzheimers-research/
HealthStory,story_reviews_00244,3,"‘Game-changer, Holy Grail, groundbreaking’ used in Philly Inquirer story on phase 1 trial",Novel therapy for rare eye cancer holds promise for targeting other tumors,The Philadelphia Inquirer,http://www.philly.com/philly/health/cancer/Promising-therapy-for-rare-eye-cancer-raises-hopes-for-targeting-other-cancers.html,https://www.healthnewsreview.org/review/loaded-words-game-changer-holy-grail-groundbreaking-sprinkled-throughout-philly-inquirer-story-on-ocular-melanoma-treatment/
HealthStory,story_reviews_00245,2,Informative journalism or promotional puff piece? U.S News & World Report story blurs the line,Treating Vulvo-Vaginal Atrophy,US News & World Report,http://health.usnews.com/health-care/for-better/articles/2017-04-20/treating-vulvo-vaginal-atrophy?int=95ce08,https://www.healthnewsreview.org/review/informative-journalism-or-promotional-puff-piece-u-s-news-world-report-blurs-the-line/
HealthStory,story_reviews_00246,3,WSJ story on prostate procedure: No independent sources were quoted,New Procedure Looks Promising for Men With Enlarged Prostates,The Wall Street Journal,https://www.wsj.com/articles/new-procedure-looks-promising-for-men-with-enlarged-prostates-1492999500?tesla=y,https://www.healthnewsreview.org/review/wsj-story-on-procedure-for-enlarged-prostate-needed-input-from-sources-with-no-ties-to-company/
HealthStory,story_reviews_00247,5,CNN avoids slimy claims about using frog peptides to kill flu viruses,Researchers use frog mucus to fight the flu,CNN,http://www.cnn.com/2017/04/18/health/frog-flu-virus-study/,https://www.healthnewsreview.org/review/cnn-avoids-making-slimy-claims-about-preliminary-study-using-frog-peptides-to-kill-flu-viruses/
HealthStory,story_reviews_00248,3,"No, a ‘pacemaker’ for the brain can’t help memory (yet)","‘Pacemaker’ for the Brain Can Help Memory, Study Finds",The New York Times,https://www.nytimes.com/2017/04/20/health/brain-memory-dementia-epilepsy-treatments.html,https://www.healthnewsreview.org/review/no-new-york-times-a-pacemaker-for-the-brain-cant-help-memory-yet/
HealthStory,story_reviews_00249,2,NBC’s single source report on device for treating cluster headaches lacks balance,FDA Approves Vagus Nerve Stimulator to Treat Cluster Headaches,NBCNews.com,http://www.nbcnews.com/health/health-news/fda-approves-vagus-nerve-stimulator-treat-cluster-headaches-n748036,https://www.healthnewsreview.org/review/fda-anbcs-single-source-report-on-device-for-treating-cluster-headaches-lacks-balance/
HealthStory,story_reviews_00250,2,CBS’s anecdotal story on botox for major depression omits major conflicts of interest,Botox tested to help treat depression and social anxiety,CBSNews.com,http://www.cbsnews.com/news/botox-treatment-depression-and-social-anxiety/,https://www.healthnewsreview.org/review/cbss-anecdotal-story-on-botox-for-major-depression-omits-major-conflicts-of-interest/
HealthStory,story_reviews_00251,5,"AP story on trans fats ban: Strong on sourcing, but left out key detail about study findings",TRANS FATS BAN LINKED WITH FEWER NY HEART ATTACKS & STROKES,Associated Press,http://www.detroitnews.com/story/life/wellness/2017/04/12/fats-ban-heart/100376810/,https://www.healthnewsreview.org/review/ap-story-on-trans-fat-ban-strong-on-sourcing-but-left-out-important-detail-about-study-findings/
HealthStory,story_reviews_00252,5,‘That finding could be due to chance:’ Reuters Health uses caution to explain study on trans fats ban,Hospitalizations drop where laws restrict trans fats,Reuters Health,http://www.reuters.com/article/us-health-heart-trans-regulations-idUSKBN17E2TR,https://www.healthnewsreview.org/review/that-finding-could-be-due-to-chance-reuters-health-uses-caution-to-explain-study-on-trans-fats-ban/
HealthStory,story_reviews_00253,4,Lack of independent sources hinders AP story on new drug that treats side effect caused by antipsychotics,1st drug OK'd for movement disorder caused by certain meds,Associated Press,http://abcnews.go.com/Health/wireStory/1st-drug-okd-movement-disorder-caused-meds-46737548?cid=clicksource_26_null_articleroll_hed,https://www.healthnewsreview.org/review/lack-of-independent-sources-hinders-ap-story-on-new-drug-that-treats-side-effect-caused-by-antipsychotics/
HealthStory,story_reviews_00254,2,Facial-recognition software for diagnosing genetic disorders: STAT leaves too many questions unanswered,Facial-recognition software finds a new use: diagnosing genetic disorders,STAT,https://www.statnews.com/2017/04/10/facial-recognition-genetic-disorders/,https://www.healthnewsreview.org/review/facial-recognition-for-diagnosing-genetic-disorders-stat-leaves-too-many-questions-unanswered/
HealthStory,story_reviews_00255,3,"Stem cell ‘patch’ for heart failure: HealthDay cautions readers about small study size, lack of control group",Can Stem Cell 'Patch' Help Heart Failure?,Health Day,https://consumer.healthday.com/circulatory-system-information-7/heart-failure-news-753/can-stem-cell-patch-help-heart-failure-721352.html,https://www.healthnewsreview.org/review/heart-failure-stem-cell-patch-healthday-cautions-readers-about-small-study-size/
HealthStory,story_reviews_00256,5,Walk or run for exercise? Vox provides informative look at risks and benefits of both,Should you walk or run for exercise? Here's what the science says.,Vox,http://www.vox.com/2015/8/4/9091093/walking-versus-running,https://www.healthnewsreview.org/review/walk-or-run-for-exercise-vox-provides-informative-look-at-risks-and-benefits-of-both/
HealthStory,story_reviews_00257,2,"CNN claims aspirin can reduce cancer death risk, falling into observational study trap","Low-dose aspirin can reduce risk of death from cancer, research says",CNN,http://www.cnn.com/2017/04/03/health/aspirin-fight-cancer-death-study/index.html,https://www.healthnewsreview.org/review/cnn-claims-aspirin-can-reduce-cancer-death-risk-falling-into-observational-study-trap/
HealthStory,story_reviews_00258,2,"‘Promising’ new lymphoma treatment gets superficial, one-sided coverage by CBS",Promising new lymphoma treatment gets fast-tracked by FDA,CBSNews.com,http://www.cbsnews.com/news/promising-new-lymphoma-treatment-gets-fast-tracked-by-fda/,https://www.healthnewsreview.org/review/promising-new-lymphoma-treatment-gets-superficial-one-sided-coverage-by-cbs/
HealthStory,story_reviews_00259,2,Big gaps in reporting plus misleading statements mar Newsweek’s fluffy look at magnets for depression,MOOD-BOOSTING MAGNETS MIGHT HELP TREAT DEPRESSION,Newsweek,http://www.newsweek.com/magnets-alternative-method-treat-depression-573930,https://www.healthnewsreview.org/review/big-gaps-in-reporting-plus-several-errors-mar-newsweeks-fluffy-look-at-magnets-for-depression/
HealthStory,story_reviews_00260,4,Lack of independent sources weaken NBC’s look at pricey eczema drug,New Eczema Drug Dupixent wins FDA Approval,NBCNews.com,http://www.nbcnews.com/health/health-news/new-eczema-drug-dupixent-wins-fda-approval-n739611,https://www.healthnewsreview.org/review/lack-of-independent-sources-weaken-nbcs-look-at-pricey-eczema-drug/
HealthStory,story_reviews_00261,5,Throw away your reading glasses? Informative Times report on ‘brain-training’ for vision doesn’t quite back up the headline,Training Your Brain So That You Don’t Need Reading Glasses,The New York Times,https://www.nytimes.com/2017/03/27/upshot/training-your-brain-so-that-you-dont-need-reading-glasses.html,https://www.healthnewsreview.org/review/throw-away-your-reading-glasses-informative-times-report-on-brain-training-for-vision-doesnt-quite-back-up-the-headline/
HealthStory,story_reviews_00262,3,NBC calls rodent retina research ‘game changer’ for vision loss in people,This Tiny Device Is a ‘Game Changer’ for People Facing Blindness,NBCNews.com,http://www.nbcnews.com/mach/science/tiny-device-game-changer-people-facing-blindness-n738921,https://www.healthnewsreview.org/review/nbc-calls-rodent-retina-research-game-changer-for-vision-loss-in-people/
HealthStory,story_reviews_00263,2,Vox touts ‘simple way to help combat opioid epidemic’ that is anything but simple,Researchers just uncovered a simple way to help combat the opioid epidemic,Vox,http://www.vox.com/science-and-health/2017/3/24/15028562/opioid-epidemic-benzodiazepines-study,https://www.healthnewsreview.org/review/vox-touts-simple-way-to-help-combat-opioid-epidemic-that-is-anything-but-simple/
HealthStory,story_reviews_00264,2,CBS News speculates about what at-home sperm-checking device ‘could’ do,Sperm problems? Smartphone device could screen for infertility,CBSNews.com,http://www.cbsnews.com/news/smartphone-app-male-infertility-sperm-problems/,https://www.healthnewsreview.org/review/cbs-news-speculates-about-what-at-home-sperm-checking-device-could-do/
HealthStory,story_reviews_00265,4,Online counseling for high blood pressure: Washington Post wisely includes caveats,"Web-based counseling reduces blood pressure, according to a new study",The Washington Post,https://www.washingtonpost.com/news/to-your-health/wp/2017/03/18/web-based-counseling-reduces-blood-pressure-according-to-a-new-study/?utm_term=.6a893e3ffc18,https://www.healthnewsreview.org/review/online-counseling-for-high-blood-pressure-washington-post-wisely-includes-the-caveats/
HealthStory,story_reviews_00266,2,NY Times’s look at non-drug heartburn treatments may leave readers confused,Pop a Pill for Heartburn? Try Diet and Exercise Instead,The New York Times,https://www.nytimes.com/2017/03/20/well/pop-a-pill-for-heartburn-try-diet-and-exercise-instead.html,https://www.healthnewsreview.org/review/ny-timess-look-at-non-medical-heartburn-treatments-may-leave-readers-confused/
HealthStory,story_reviews_00267,3,"‘Don’t stop your statins,’ urges New York Times blog post that’s only four short paragraphs",Having Heart Surgery? Don’t Stop Your Statins,The New York Times,https://www.nytimes.com/2017/03/16/well/live/having-heart-surgery-dont-stop-your-statins.html,https://www.healthnewsreview.org/review/dont-stop-your-statins-urges-new-york-times-blog-post-thats-only-four-short-paragraphs/
HealthStory,story_reviews_00268,2,"Bloomberg paints rosy picture of virtual reality for PTSD, glossing over the hard evidence",These VR Systems Help Treat Veterans Recovering From PTSD,Bloomberg,https://www.bloomberg.com/news/articles/2017-03-16/these-vr-systems-help-treat-veterans-recovering-from-ptsd,https://www.healthnewsreview.org/review/bloomberg-paints-rosy-picture-of-virtual-reality-for-ptsd-glossing-over-the-hard-evidence/
HealthStory,story_reviews_00269,3,AP’s evidence-free story on ‘baby box’ giveaway suggests company had an inventive marketing success,Forget cribs. A cardboard box may be the safest place for your baby to sleep,Associated Press,https://www.bostonglobe.com/lifestyle/2017/03/11/forget-cribs-carboard-box-may-safest-place-for-your-baby-sleep/wwEakqRSAHh10ZZturXBHL/story.html,https://www.healthnewsreview.org/review/aps-evidence-free-story-on-baby-box-giveaway-suggests-company-had-an-inventive-marketing-success/
HealthStory,story_reviews_00270,2,Reuters Health lays out pros and cons of high resolution screening for heart patients; skimps on study limitations,"Quality Of Life Following Heart CT Scan May Be Linked To Results, Study Suggests",Reuters Health,http://www.reuters.com/article/us-health-angina-ct-scans-idUSKBN16F2CN,https://www.healthnewsreview.org/review/reuters-health-lays-out-pros-and-cons-of-high-resolution-screening-for-heart-patients-omits-study-limitations/
HealthStory,story_reviews_00271,3,TIME’s ‘pink noise’ sleep machine story gives too-rosy account of benefits,The Sound of 'Pink Noise' Improves Sleep and Memory,Time,http://time.com/4694555/pink-noise-deep-sleep-improve-memory/,https://www.healthnewsreview.org/review/times-pink-noise-sleep-machine-story-gives-too-rosy-account-of-benefits/
HealthStory,story_reviews_00272,4,Can these 10 foods really ‘cut risk of early death’? NPR overstates the evidence,Eating More — Or Less — Of 10 Foods May Cut Risk Of Early Death,NPR,http://www.npr.org/sections/thesalt/2017/03/11/519443324/eating-more-or-less-of-10-foods-may-cut-risk-of-death-from-heart-disease,https://www.healthnewsreview.org/review/10-foods-to-eat/
HealthStory,story_reviews_00273,2,"ABC News extrapolates wildly, misleads readers by claiming high intensity exercise ‘could be secret to staying young’","High-intensity interval training may have anti-aging benefits, study finds",ABCNews.com,http://abcnews.go.com/Health/high-intensity-interval-training-anti-aging-benefits-study/story?id=45981168,https://www.healthnewsreview.org/review/abc-news-misleads-readers-when-it-says-study-shows-high-intensity-exercise-could-be-secret-to-staying-young/
HealthStory,story_reviews_00274,4,Reuters Health carefully hedges results of study on mild shocks for migraines,Mild electric shocks on the arm might help ease migraine pain,Reuters Health,http://www.reuters.com/article/us-health-migraine-electric-stimulation-idUSKBN1685PG,https://www.healthnewsreview.org/review/reuters-health-carefully-hedges-the-benefits-of-mild-shocks-to-the-arm-for-migraine-pain/
HealthStory,story_reviews_00275,3,Well-sourced Today.com story doesn’t oversell findings of study on MRIs for early autism detection,Excess brain fluid may predict autism in high-risk babies,NBCNews.com,http://www.today.com/health/excess-brain-fluid-may-predict-autism-high-risk-babies-t108897,https://www.healthnewsreview.org/review/today-com-doesnt-oversell-findings-of-study-on-mris-for-early-autism-detection/
HealthStory,story_reviews_00276,3,AP doesn’t sugar coat harms of CAR-T therapy for lymphoma,GENE THERAPY TO FIGHT A BLOOD CANCER SUCCEEDS IN MAJOR STUDY,Associated Press,https://www.statnews.com/2017/02/28/cancer-car-t-kite/,https://www.healthnewsreview.org/review/gene-therapy-fight-blood-cancer-succeeds-major-study/
HealthStory,story_reviews_00277,3,"Strong overall, NPR story on naltrexone for alcohol use disorder needed some numbers to describe benefits",A Medicine That Blunts The Buzz Of Alcohol Can Help Drinkers Cut Back,NPR,http://www.npr.org/sections/health-shots/2017/02/27/516890375/a-medicine-that-blunts-the-buzz-of-alcohol-can-help-drinkers-cut-back,https://www.healthnewsreview.org/review/strong-overall-npr-story-on-naltrexone-for-alcohol-problems-needed-some-numbers-to-describe-benefits/
HealthStory,story_reviews_00278,3,Heavy on anecdote and light on evidence: NBC News’s story on experimental migraine drug,New Drugs May Stop Migraines Before They Start,NBCNews.com,http://www.nbcnews.com/health/health-news/new-drugs-may-stop-migraines-they-start-n724861,https://www.healthnewsreview.org/review/heavy-anecdote-light-evidence-nbc-newss-story-experimental-migraine-drug/
HealthStory,story_reviews_00279,5,Vitamins delivered via IV: STAT wisely asks ‘where’s the evidence?’,Vitamin IVs promise to erase jet lag and clear your mind. Where’s the evidence?,STAT,https://www.statnews.com/2017/02/23/vitamin-iv-infusion/,https://www.healthnewsreview.org/review/vitamins-delivered-via-iv-stat-wisely-asks-wheres-the-evidence/
HealthStory,story_reviews_00280,3,A ‘microbiome’ skin lotion tested on 5 people gets little scrutiny by AP,Scientists mix friendly bacteria into lotions to ward off bad germs,Associated Press,http://www.cbsnews.com/news/scientists-mix-friendly-bacteria-into-lotions-to-ward-off-bad-germs/,https://www.healthnewsreview.org/review/a-microbiome-skin-lotion-tested-on-just-5-people-gets-little-scrutiny-by-ap/
HealthStory,story_reviews_00281,5,Philadelphia Inquirer is clear about the underwhelming benefits of testosterone therapy in older men,Major study finds testosterone therapy is no fountain of youth,The Philadelphia Inquirer,http://www.philly.com/philly/health/Major-study-finds-testosterone-therapy-is-no-fountain-of-youth.html,https://www.healthnewsreview.org/review/philadelphia-inquirer-is-clear-about-the-underwhelming-benefits-of-testosterone-therapy-in-older-men/
HealthStory,story_reviews_00282,3,HealthDay’s story on stem cells for aggressive MS is upfront about death risk,Stem Cell Transplants May Help Some With Multiple Sclerosis,Health Day,https://consumer.healthday.com/cognitive-health-information-26/multiple-sclerosis-news-486/stem-cell-transplants-may-help-some-with-multiple-sclerosis-719851.html,https://www.healthnewsreview.org/review/healthdays-look-at-stem-cells-for-aggressive-ms-is-upfront-about-death-risk/
HealthStory,story_reviews_00283,4,TIME is upfront about new psoriasis drug’s black box warning for suicidal behavior risk,How a New Psoriasis Drug Is Different From Others,Time,http://time.com/4673630/new-psoriasis-drug-siliq/,https://www.healthnewsreview.org/review/time-is-upfront-about-new-psoriasis-drugs-black-box-warning-for-suicidal-behavior-risk/
HealthStory,story_reviews_00284,3,"In story on vision-improving headset, WSJ left most important detail in the dark","For the Blind, an Actual-Reality Headset",The Wall Street Journal,https://www.wsj.com/articles/for-the-blind-an-actual-reality-headset-1487167200,https://www.healthnewsreview.org/review/in-story-on-vision-improving-headset-wsj-left-most-important-details-left-in-the-dark/
HealthStory,story_reviews_00285,2,Invasive weed kills superbugs? All we know is it might work in mice,"Common weed could help fight deadly superbug, study finds",The Washington Post,https://www.washingtonpost.com/news/to-your-health/wp/2017/02/10/common-weed-could-help-fight-deadly-superbug-study-finds/?utm_term=.ed12777867cf,https://www.healthnewsreview.org/review/invasive-weed-kills-superbugs-know-might-work-mice/
HealthStory,story_reviews_00286,3,‘The most effective intervention we have:’ NY Times glosses over risks of bariatric surgery,Why Weight Loss Surgery Works When Diets Don’t,The New York Times,https://www.nytimes.com/2017/02/13/well/why-weight-loss-surgery-works-when-diets-dont.html,https://www.healthnewsreview.org/review/the-most-effective-intervention-we-have-ny-times-glosses-over-risks-of-bariatric-surgery/
HealthStory,story_reviews_00287,4,"In story on experimental blood test, CNN goes where few dare–the test’s sensitivity and specificity","Blood test might make Parkinson's diagnosis easier, study says",CNN,http://www.cnn.com/2017/02/08/health/parkinsons-disease-blood-test-study/,https://www.healthnewsreview.org/review/in-story-on-experimental-blood-test-cnn-goes-where-few-dare-to-go-the-tests-sensitivity-and-specificity/
HealthStory,story_reviews_00288,5,An app a day keeps pregnancy away? BuzzFeed’s informative look at Natural Cycles app gets a gold star,"This App Says It’s As Good As The Pill At Preventing Pregnancy, But Experts Want More Evidence",BuzzFeed,https://www.buzzfeed.com/kellyoakes/contraceptive-app?utm_term=.fo4j9nZE9Y#.ihKBXjAQX0,https://www.healthnewsreview.org/review/an-app-a-day-keeps-the-baby-away-buzzfeeds-look-at-natural-cycles-app-gets-a-gold-star/
HealthStory,story_reviews_00289,4,USA Today story on ‘FODMAP’ diet for tummy troubles gives readers plenty to bite on,Low-FODMAP diet catches on among people with digestive misery,USA Today,http://www.usatoday.com/story/life/2017/02/05/low-fodmap-diet-catches-among-people-digestive-misery/97239910/,https://www.healthnewsreview.org/review/usa-today-story-on-diet-for-ibs-gives-readers-plenty-to-bite-on/
HealthStory,story_reviews_00290,4,NY Times deftly describes findings of study on using hormone blockers for prostate cancer recurrence,Hormone Blockers Can Prolong Life if Prostate Cancer Recurs,The New York Times,https://www.nytimes.com/2017/02/01/health/prostate-cancer-hormone-blockers.html,https://www.healthnewsreview.org/review/ny-times-deftly-describes-findings-of-study-on-using-hormone-blockers-for-prostate-cancer-recurrence/
HealthStory,story_reviews_00291,3,"STAT said drug ‘halved’ prostate cancer deaths, but that’s not the full picture",Old drug gets new trick for prostate cancer treatment,STAT,https://www.statnews.com/2017/02/01/drug-prostate-cancer-treatment/,https://www.healthnewsreview.org/review/stat-said-drug-halved-prostate-cancer-deaths-but-thats-not-the-full-picture/
HealthStory,story_reviews_00292,3,Journalism or marketing? Reuters promotes results of drug study no one has seen yet,Amgen cholesterol drug succeeds in cutting serious heart problems: study,Reuters,http://www.reuters.com/article/us-amgen-cholesterol-idUSKBN15H2SG,https://www.healthnewsreview.org/review/journalism-or-marketing-reuters-promotes-results-of-drug-study-no-one-has-seen-yet/
HealthStory,story_reviews_00293,2,"Can a breath test detect stomach cancers? HealthDay story has notes of caution, but also veers into speculation",Can Breath Test Detect Stomach Cancers Earlier?,Health Day,https://consumer.healthday.com/health-technology-information-18/medical-technology-news-466/can-breath-test-detect-stomach-cancers-earlier-719161.html,https://www.healthnewsreview.org/review/can-a-breath-test-pick-up-stomach-cancers-healthday-story-has-notes-of-caution-but-also-veers-into-speculation/
HealthStory,story_reviews_00294,4,Reuters Health provides balanced look at alternative remedies for premature ejaculation,Alternative medicine might help treat premature ejaculation,Reuters Health,http://www.reuters.com/article/us-health-cam-premature-ejaculation-idUSKBN15B2GF,https://www.healthnewsreview.org/review/reuters-health-provides-balanced-look-at-review-of-studies-on-alternative-remedies-for-premature-ejaculation/
HealthStory,story_reviews_00295,2,No original reporting: Fox News story rehashes news release for story on autism and fecal transplants,"Fecal transplants may help children with autism, researchers claim",FoxNews.com,http://www.foxnews.com/health/2017/01/25/fecal-transplants-may-help-children-with-autism-researchers-claim.html,https://www.healthnewsreview.org/review/no-original-reporting-fox-news-story-rehashes-news-release-story-autism-fecal-transplants/
HealthStory,story_reviews_00296,3,"HealthDay’s story on ablation for atrial fibrillation: wisely cautious, but needed more on study limitations",'Ablation' Procedure Helps 3 out of 4 Patients With Irregular Heartbeat,Health Day,https://consumer.healthday.com/cardiovascular-health-information-20/atrial-fibrillation-959/ablation-procedure-helps-3-out-of-4-patients-with-irregular-heartbeat-718992.html,https://www.healthnewsreview.org/review/healthdays-story-on-ablation-for-atrial-fibrillation-wisely-cautious-but-needed-more-on-study-limitations/
HealthStory,story_reviews_00297,3,NPR story on kangaroo care for newborns left us feeling fussy,"Kangaroo Care Helps Preemies And Full Term Babies, Too",NPR,http://www.npr.org/sections/health-shots/2017/01/23/510465435/kangaroo-care-helps-preemies-and-full-term-babies-too,https://www.healthnewsreview.org/review/npr-story-on-kangaroo-care-for-newborns-left-us-feeling-fussy/
HealthStory,story_reviews_00298,3,Philadelphia Inquirer reports clearly on obesity treatments but skimps on research details,Research shows you really can lose weight — by combining diet AND exercise AND counseling,The Philadelphia Inquirer,http://www.philly.com/philly/health/Research-shows-you-really-can-lose-weight-by-combining-diet-AND-exercise-AND-counseling.html,https://www.healthnewsreview.org/review/philadelphia-inquirer-reports-clearly-on-obesity-treatments-but-skimps-on-research-details/
HealthStory,story_reviews_00299,3,Are tonsillectomy guidelines too strict? HealthDay’s too-sharp angle goes beyond what studies found,Should More Kids Have Their Tonsils Out?,Health Day,https://consumer.healthday.com/kids-health-information-23/tonsillitis-news-669/should-more-kids-have-their-tonsils-out-718738.html,https://www.healthnewsreview.org/review/story-on-loosening-tonsillectomy-guidelines-is-less-cautious-than-the-studies-its-based-on/
HealthStory,story_reviews_00300,3,CBS barely dodges observational study trap with hot chili pepper story,Good news for people who love spicy food,CBSNews.com,http://www.cbsnews.com/news/good-news-for-people-who-love-spicy-food/,https://www.healthnewsreview.org/review/time-barely-dodges-observational-study-trap-with-hot-chili-pepper-story/
HealthStory,story_reviews_00301,1,‘Coffee might slow down aging?’ That’s a stretch,How Your Morning Coffee Might Slow Down Aging,Time,http://time.com/4634553/is-coffee-bad-aging-caffeine/,https://www.healthnewsreview.org/review/coffee-might-slow-down-aging-thats-a-stretch/
HealthStory,story_reviews_00302,4,Guardian’s look at weekend warrior study: Why no mention of (plentiful) limitations?,"Weekend workouts can benefit health as much as a week of exercise, say researchers",The Guardian,https://www.theguardian.com/science/2017/jan/09/weekend-workouts-nearly-as-good-as-whole-week-of-excercise-researchers-say,https://www.healthnewsreview.org/review/guardians-look-at-weekend-warrior-study-why-no-mention-of-plentiful-study-limitations/
HealthStory,story_reviews_00303,4,Newsweek confuses association with causation in ‘weekend warrior’ exercise story,‘WEEKEND WARRIOR’ WORKOUTS ARE BENEFICIAL AS JUST 20 MINUTES OF EXERCISE A DAY,Newsweek,http://www.newsweek.com/weekend-warrior-recommended-daily-exercise-workouts-20-minutes-540467,https://www.healthnewsreview.org/review/newsweek-confuses-association-with-causation-in-weekend-warrior-exercise-story/
HealthStory,story_reviews_00304,5,Reuters Health succinctly and accurately summarizes study looking at bystander CPR and survivor rates,Bystander CPR may boost survival odds when ambulance delayed,Reuters Health,http://www.reuters.com/article/us-health-cpr-bystanders-idUSKBN14Q2BV,https://www.healthnewsreview.org/review/reuters-health-succinctly-and-accurately-summarizes-study-looking-at-bystander-cpr-and-survivor-rates/
HealthStory,story_reviews_00305,3,Medical evidence for lumbar support runs counter to claims made in U.S. News & World Report story,Can Lumbar Support Devices Relieve Lower Back Pain?,US News & World Report,http://health.usnews.com/wellness/articles/2017-01-05/can-lumbar-support-devices-relieve-lower-back-pain,https://www.healthnewsreview.org/review/medical-evidence-for-lumbar-support-runs-counter-to-claims-made-in-u-s-news-world-report-story/
HealthStory,story_reviews_00306,4,"By including independent viewpoints, STAT takes a more measured approach to coverage of brain cancer immunotherapy",CAR-T therapy makes early inroads in treating brain cancer,STAT,https://www.statnews.com/2016/12/28/car-t-brain-cancer/,https://www.healthnewsreview.org/review/by-including-independent-viewpoints-stat-takes-a-more-measured-approach-to-coverage-of-brain-cancer-treatment/
HealthStory,story_reviews_00307,3,"With no independent sources, TIME oversells brain cancer treatment",Experimental Brain Cancer Treatment Is a Success,Time,http://time.com/4618566/brain-cancer-treatment-immunotherapy/,https://www.healthnewsreview.org/review/with-no-independent-sources-time-oversells-brain-cancer-treatment/
HealthStory,story_reviews_00308,4,"Bravo, New York Times, for using absolute risk reduction numbers in story on fish oil for asthma",Taking Fish Oil During Pregnancy Is Found to Lower Child’s Asthma Risk,The New York Times,http://www.nytimes.com/2016/12/28/health/fish-oil-asthma-pregnancy.html?rref=collection%2Fsectioncollection%2Fhealth&action=click&contentCollection=health&region=rank&module=package&version=highlights&contentPlacement=2&pgtype=sectionfront&_r=1,https://www.healthnewsreview.org/review/bravo-new-york-times-using-absolute-risk-reduction-numbers-story-fish-oil-asthma/
HealthStory,story_reviews_00309,4,Experimental heart failure drug: By how much did it help? HealthDay story doesn’t say,Heart Failure Drug Shows Promise in First Human Trial,Health Day,https://consumer.healthday.com/circulatory-system-information-7/heart-failure-news-753/heart-failure-drug-shows-promise-in-first-human-trial-718100.html,https://www.healthnewsreview.org/review/experimental-heart-failure-drug-by-how-much-did-it-help-healthday-story-doesnt-say/
HealthStory,story_reviews_00310,1,HealthDay story on antibiotics for ear infections is less informative than the news release,Short Course of Antibiotics Not Best for Kids' Ear Infections,Health Day,https://consumer.healthday.com/infectious-disease-information-21/antibiotics-news-30/short-course-of-antibiotics-not-best-for-kids-ear-infections-718006.html,https://www.healthnewsreview.org/review/healthday-story-on-antibiotics-for-ear-infections-is-less-informative-than-the-news-release/
HealthStory,story_reviews_00311,1,Reuters rehashes news release in story on deep-sea laser treatment for prostate cancer,Laser therapy with deep-sea drug kills prostate cancer in trial,Reuters,http://www.reuters.com/article/us-health-cancer-prostate-idUSKBN14916E,https://www.healthnewsreview.org/review/reuters-rehashes-news-release-in-story-on-deep-sea-laser-treatment-for-prostate-cancer/
HealthStory,story_reviews_00312,4,"Vox notes limitations of meta-analysis on starting school later, albeit not until end of story",Starting school later might really help sleep-deprived teens,Vox,http://www.vox.com/science-and-health/2016/12/17/13981152/school-start-time-teens,https://www.healthnewsreview.org/review/vox-notes-limitations-of-meta-analysis-on-starting-school-later-albeit-not-until-end-of-story/
HealthStory,story_reviews_00313,4,Reuters Health briefly but aptly reports survey findings of partner-assisted skin exams for melanoma survivors,Melanoma survivors' friends can help spot new moles,Reuters Health,http://www.reuters.com/article/us-health-cancer-melanoma-idUSKBN1452U1,https://www.healthnewsreview.org/review/melanoma-survivors-friends-can-help-spot-new-moles/
HealthStory,story_reviews_00314,2,Off the mark and too short: NYT blog post on older kidney donors,Never Too Old to Be an Organ Donor,The New York Times,http://www.nytimes.com/2016/12/15/well/live/never-too-old-to-be-an-organ-donor.html,https://www.healthnewsreview.org/review/off-the-mark-and-too-short-nyt-blog-post-on-older-kidney-donors/
HealthStory,story_reviews_00315,3,NBC’s look at kangaroo care 20 years later: No mention of important research limitations,Cuddling Preemies Kangaroo Style Helps Into Adulthood,NBCNews.com,http://www.nbcnews.com/health/health-news/cuddling-preemies-kangaroo-style-helps-adulthood-n694971,https://www.healthnewsreview.org/review/nbcs-look-at-kangaroo-care-20-years-later-no-mention-of-important-research-limitations/
HealthStory,story_reviews_00316,3,Anecdotes outweigh evidence discussion in NPR’s report on pets and severe mental illness,Pets Help People Manage The Pain Of Serious Mental Illness,NPR,http://www.npr.org/sections/health-shots/2016/12/09/504971146/pets-help-people-manage-life-with-serious-mental-illness,https://www.healthnewsreview.org/review/anecdotes-outweigh-evidence-in-nprs-report-on-pets-and-severe-mental-illness/
HealthStory,story_reviews_00317,4,Solid but single-sourced: STAT’s coverage of Alzheimer’s drugs needed an independent voice,Why Biogen is breathing a sigh of relief with the latest Alzheimer’s data,STAT,https://www.statnews.com/2016/12/08/biogen-lilly-alzheimers/,https://www.healthnewsreview.org/review/solid-but-single-sourced-stats-coverage-of-alzheimers-drugs-needed-an-independent-voice/
HealthStory,story_reviews_00318,3,Optimism and longevity: Absolute rates of death risk would have improved CBS story,How optimism may help you live longer,CBSNews.com,http://www.cbsnews.com/news/optimism-may-help-you-live-longer/,https://www.healthnewsreview.org/review/optimism-and-longevity-absolute-rates-of-death-risk-would-have-improved-cbs-story/
HealthStory,story_reviews_00319,2,Guardian’s story on strobe lights: Mouse research on Alzheimer’s again finds its way to mainstream audience,Strobe lighting provides a flicker of hope in the fight against Alzheimer’s,The Guardian,https://www.theguardian.com/science/2016/dec/07/strobe-lighting-provides-a-flicker-of-hope-in-the-fight-against-alzheimers,https://www.healthnewsreview.org/review/guardians-story-on-strobe-lights-mouse-research-on-alzheimers-again-finds-it-way-to-mainstream-audience/
HealthStory,story_reviews_00320,4,Exercise leads to ‘better’ sperm? TIME story doesn’t tell us by how much,Exercise May Be the Key to Better Sperm,Time,http://time.com/4591307/exercise-sperm-count/,https://www.healthnewsreview.org/review/exercise-leads-to-better-sperm-time-story-doesnt-tell-us-by-how-much/
HealthStory,story_reviews_00321,5,Reuters Health story on light therapy for drivers is a shining example of solid medical journalism,Driving home from night shift may be safer with light therapy,Reuters Health,http://www.reuters.com/article/us-health-driving-sleepiness-idUSKBN13R2LU,https://www.healthnewsreview.org/review/reuters-health-story-on-light-therapy-for-drivers-is-a-shining-example-of-solid-medical-writing/
HealthStory,story_reviews_00322,4,LA Times strikes the right balance by reporting evenly on both harms and benefits of ‘magic mushrooms’ for cancer patients,Ingredient in magic mushrooms is shown to ease anxiety and depression in cancer patients in one dose,Los Angeles Times,http://www.latimes.com/science/sciencenow/la-sci-sn-magic-mushrooms-cancer-anxiety-20161201-story.html,https://www.healthnewsreview.org/review/la-times-strikes-the-right-balance-by-reporting-evenly-on-both-harms-and-benefits-of-magic-mushrooms-for-cancer-patients/
HealthStory,story_reviews_00323,4,STAT’s roundup of allergy treatment research needed discussion of costs,Allergy treatments enter a new era — with a focus on stopping reactions before they start,STAT,https://www.statnews.com/2016/11/29/allergy-drug-development/,https://www.healthnewsreview.org/review/stats-roundup-of-allergy-treatment-research-needed-discussion-of-costs/
HealthStory,story_reviews_00324,2,AP story on skin patch sweat monitor may make readers wonder: News or marketing?,SWEAT IT OUT! SKIN PATCH AIMS TO TEST SWEAT FOR HEALTH,Associated Press,https://www.statnews.com/2016/11/23/sweat-skin-patch/,https://www.healthnewsreview.org/review/ap-story-on-skin-patch-sweat-monitor-may-make-readers-wonder-news-or-marketing/
HealthStory,story_reviews_00325,4,Thorough WSJ report on insomnia treatments would have benefited from cost comparison,Can’t Get to Sleep? Lay Off the Drugs,The Wall Street Journal,http://www.wsj.com/articles/cant-get-to-sleep-lay-off-the-drugs-1480302360,https://www.healthnewsreview.org/review/thorough-wsj-report-on-insomnia-treatments-would-have-benefited-from-cost-comparison/
HealthStory,story_reviews_00326,2,"NPR story says older patients ‘can benefit’ from lung cancer surgery, but study didn’t show that",Older Patients Can Benefit From Lung Cancer Surgery,NPR,http://www.npr.org/sections/health-shots/2016/11/21/502512901/older-patients-can-benefit-from-lung-cancer-surgery,https://www.healthnewsreview.org/review/npr-story-says-older-patients-can-benefit-from-lung-cancer-surgery-but-study-didnt-show-that/
HealthStory,story_reviews_00327,3,Bloomberg’s conflicted sources ‘love’ new cholesterol drugs — readers need to know about financial relationships with pharma,Amgen’s Repatha Unclogs Arteries in Good Sign for Future Sales,Bloomberg,http://www.bloomberg.com/news/articles/2016-11-15/amgen-s-repatha-unclogs-arteries-in-good-sign-for-future-sales,https://www.healthnewsreview.org/review/bloombergs-conflicted-sources-love-new-cholesterol-drugs-readers-need-to-know-about-financial-relationships-with-pharma/
HealthStory,story_reviews_00328,5,Thorough and well-done: AP story on Vivitrol injections for inmates with opioid use disorder,"PRISONS FIGHT OPIOIDS WITH $1,000 INJECTION: DOES IT WORK?",Associated Press,http://www.cbsnews.com/news/prisons-fight-opioids-with-1000-vivitrol-injections-does-it-work/,https://www.healthnewsreview.org/review/thorough-and-well-done-ap-story-on-vivitrol-injections-for-inmates-with-opioid-use-disorder/
HealthStory,story_reviews_00329,3,New statin guidelines: WaPo story wisely mentions ongoing debate about their overuse,New statin guidelines: Everyone 40 and older should be considered for the drug therapy,The Washington Post,https://www.washingtonpost.com/news/to-your-health/wp/2016/11/13/new-statin-guidelines-everyone-age-40-should-be-considered-for-the-drug-therapy/,https://www.healthnewsreview.org/review/new-statin-guidelines-everyone-40-older-considered-drug-therapy/
HealthStory,story_reviews_00330,3,Zinc for stomach problems: Philly.com story only quoted people with a financial stake in supplements,Simple mineral could be cure for complex disease,The Philadelphia Inquirer,https://www.healthnewsreview.org/wp-content/uploads/2016/11/mineral.png,https://www.healthnewsreview.org/review/zinc-for-stomach-problems-philly-com-story-only-quoted-people-with-a-financial-stake-in-supplements/
HealthStory,story_reviews_00331,2,Reuters–along with many other news sites–parrots erroneous news release on HIV testing via USB stick,Scientists develop new type of HIV test on a USB stick,Reuters,http://www.reuters.com/article/us-health-hiv-usb-idUSKBN13511L,https://www.healthnewsreview.org/review/reuters-along-with-many-other-news-sites-parrots-erroneous-news-release-on-hiv-testing-via-usb-stick/
HealthStory,story_reviews_00332,2,NYT Well blog post overstates the proven benefits of controlled breathing,Breathe. Exhale. Repeat: The benefits of controlled breathing,The New York Times,http://www.nytimes.com/2016/11/09/well/mind/breathe-exhale-repeat-the-benefits-of-controlled-breathing.html?rref=collection%2Fsectioncollection%2Fhealth&action=click&contentCollection=health&region=rank&module=package&version=highlights&contentPlacement=2&pgtype=sectionfront,https://www.healthnewsreview.org/review/new-york-times-story-overstates-the-proven-benefits-of-controlled-breathing/
HealthStory,story_reviews_00333,3,Fast-track treatment for hip fractures: WSJ story needed some figures to back up the claims,Hospitals Fast-Track Treatments for Hip Fractures,The Wall Street Journal,http://www.wsj.com/articles/hospitals-fast-track-treatments-for-hip-fractures-1478547906,https://www.healthnewsreview.org/review/fast-track-treatment-for-hip-fractures-wsj-story-needed-some-figures-to-back-up-the-claims/
HealthStory,story_reviews_00334,4,USA Today gives solid overview on uncertainties around calcium supplements and heart health,Calcium supplements and your heart: Researchers send mixed messages,USA Today,http://www.usatoday.com/story/life/2016/11/06/calcium-supplements-heart/93050736/,https://www.healthnewsreview.org/review/usa-today-gives-solid-overview-on-uncertainties-around-calcium-supplements-and-heart-health/
HealthStory,story_reviews_00335,4,Gastric balloon for weight loss: HealthDay avoids hot air by balancing PR spin with skepticism from independent sources,Balloon-in-a-pill helped obese patients lose weight,Health Day,https://consumer.healthday.com/vitamins-and-nutrition-information-27/misc-weight-news-704/balloon-in-a-pill-helps-obese-patients-lose-weight-in-study-716556.html,https://www.healthnewsreview.org/review/gastric-balloon-for-weight-loss-healthday-avoids-hot-air-by-balancing-pr-spin-with-skepticism-from-independent-sources/
HealthStory,story_reviews_00336,2,Hookworms for asthma: Washington Post oversells preliminary research,Bloodsucking parasitic hookworms could help make millions of people healthier,The Washington Post,https://www.washingtonpost.com/news/speaking-of-science/wp/2016/10/26/slimy-parasitic-hookworms-could-help-make-millions-of-people-healthier/,https://www.healthnewsreview.org/review/hookworms-for-asthma-washington-post-oversells-preliminary-research/
HealthStory,story_reviews_00337,4,Testing cholesterol in toddlers: AP story says it ‘could help’ but study didn’t show that,"Testing cholesterol in toddlers, even younger? Study says it could help",Associated Press,https://www.statnews.com/2016/10/26/cholesterol-test-kids/,https://www.healthnewsreview.org/review/testing-cholesterol-in-toddlers-ap-story-says-it-could-help-but-study-didnt-show-that/
HealthStory,story_reviews_00338,3,Guardian calls statistically insignificant study results a ‘breakthrough’ in care of children with autism,Study offers potential breakthrough in care of children with autism,The Guardian,https://www.theguardian.com/society/2016/oct/25/autisc-children-therapy-method-potential-breakthrough-care-preschool-autism-communication-trial,https://www.healthnewsreview.org/review/study-offers-potential-breakthrough-care-children-autism/
HealthStory,story_reviews_00339,3,WSJ story wisely includes lots of caveats on mail-order telomere tests,Mail-Order Tests Check Cells for Signs of Early Aging,The Wall Street Journal,http://www.wsj.com/articles/mail-order-tests-check-cells-for-signs-of-early-aging-1477328529,https://www.healthnewsreview.org/review/wsj-story-wisely-includes-lots-of-caveats-on-mail-order-telomere-tests/
HealthStory,story_reviews_00340,2,CBS’s look at a preliminary trial using gene therapy needed more on downsides and unknowns,Fighting genetic disease with help from HIV virus,CBSNews.com,http://www.cbsnews.com/news/fighting-genetic-disease-with-help-from-hiv-virus/,https://www.healthnewsreview.org/review/gene-therapy-for-metachromatic-leukodystrophy-cbs-story-needed-more-on-downsides-and-unknowns/
HealthStory,story_reviews_00341,4,PulsePoint app for cardiac arrest: AP story left us with more questions than answers,APP HELPS SAVE SEATTLE CARDIAC PATIENT,Associated Press,http://abcnews.go.com/Technology/wireStory/app-helps-save-seattle-cardiac-patient-42934393,https://www.healthnewsreview.org/review/pulsepoint-app-for-cardiac-victims-ap-story-left-us-with-more-questions-than-answers/
HealthStory,story_reviews_00342,2,Here we go again: TIME writes about preliminary mouse research,How Omega 3 Fats May Improve Fertility,Time,http://time.com/4535182/how-omega-3-fats-may-improve-fertility/,https://www.healthnewsreview.org/review/here-we-go-again-time-writes-about-preliminary-mouse-research-inaccurately/
HealthStory,story_reviews_00343,3,"Are expensive, potent anti-inflammatory drugs a future option for depression? CNN’s story needed more scrutiny of evidence",Anti-inflammatory drugs might someday treat depression,CNN,http://www.cnn.com/2016/10/18/health/anti-inflammatory-drugs-depression/index.html,https://www.healthnewsreview.org/review/depression-and-anti-inflammatory-drugs-cnn-story-needed-more-scrutiny/
HealthStory,story_reviews_00344,3,NPR falls into the anecdotal trap with story on robotic arm for paralyzed man,Brain Implant Restores Sense Of Touch To Paralyzed Man,NPR,http://www.npr.org/sections/health-shots/2016/10/13/497716281/brain-implant-restores-sense-of-touch-to-paralyzed-man,https://www.healthnewsreview.org/review/npr-falls-into-the-anecdotal-trap-with-story-on-robotic-arm-for-paralyzed-man/
HealthStory,story_reviews_00345,3,Potential conflicts of interest abound in HealthDay’s look at Lemtrada for early stages of MS,Powerful MS Drug Used Early May Reverse Some Disability,Health Day,https://consumer.healthday.com/clinical-trials-information-35/clinical-trials-news-136/powerful-ms-drug-used-early-may-help-but-side-effects-an-issue-715786.html,https://www.healthnewsreview.org/review/lemtrada-for-early-stages-of-ms-healthday-story-has-potential-conflicts-of-interest/
HealthStory,story_reviews_00346,3,PARP inhibitors: STAT’s look at new ovarian cancer drugs should have established why we need more on the market,The race to create a new class of ovarian cancer drugs heats up,STAT,https://www.statnews.com/2016/10/08/ovarian-cancer-drug-parp/,https://www.healthnewsreview.org/review/parp-inhibitors-stats-look-at-experimental-ovarian-cancer-drugs-doesnt-establish-why-we-need-more-on-the-market/
HealthStory,story_reviews_00347,3,Reuters’ ‘New day in lung cancer’ presents overly rosy picture of Keytruda,"New day' in lung cancer as Merck drug shines, works with chemo",Reuters,http://www.reuters.com/article/us-health-cancer-merck-co-idUSKCN12904Q,https://www.healthnewsreview.org/review/reuters-rosy-take-on-keytruda-for-lung-cancer/
HealthStory,story_reviews_00348,3,NBC story on severe incontinence study lacked independent sources,Botox Works As Well As Nerve Stimulator for Incontinence - Study,NBCNews.com,http://www.nbcnews.com/health/health-news/botox-works-well-nerve-stimulator-incontinence-study-n659406,https://www.healthnewsreview.org/review/nbc-story-on-severe-incontinence-study-lacked-independent-sources/
HealthStory,story_reviews_00349,5,Experimental immunotherapy for kids with leukemia gets balanced coverage by Washington Post, This 8-year-old is free of cancer — for now — after a ‘breakthrough’ treatment,The Washington Post,https://www.washingtonpost.com/national/health-science/tantalizing-counterattack-offers-breakthrough-hope-for-children-with-leukemia/2016/09/30/cf19b15a-663a-11e6-be4e-23fc4d4d12b4_story.html,https://www.healthnewsreview.org/review/experimental-cancer-treatment-for-kids-with-leukemia-gets-balanced-coverage-by-washington-post/
HealthStory,story_reviews_00350,1,Classic disease-mongering: Fox News story on Marisa Tomei’s struggle with chronic dry eye,Marisa Tomei opens up about her struggle with chronic dry eye,FoxNews.com,http://www.foxnews.com/health/2016/10/02/marisa-tomei-opens-up-about-her-struggle-with-chronic-dry-eye.html,https://www.healthnewsreview.org/review/classic-disease-mongering-fox-newss-story-on-marisa-tomeis-struggle-with-chronic-dry-eye/
HealthStory,story_reviews_00351,3,NY Times gives little scrutiny to industry-funded eczema drug studies,New Drug for Severe Eczema Is Successful in 2 New Trials,The New York Times,http://www.nytimes.com/2016/10/01/health/severe-eczema-atopic-dermatitis-drug.html?rref=collection%2Fsectioncollection%2Fhealth&action=click&contentCollection=health&region=rank&module=package&version=highlights&contentPlacement=2&pgtype=sectionfront&_r=0,https://www.healthnewsreview.org/review/ny-times-gives-little-scrutiny-to-industry-funded-eczema-drug-studies/
HealthStory,story_reviews_00352,3,Inquirer overstates findings of pilot study on app for post-concussion monitoring,How to heal head injuries? Try new app,The Philadelphia Inquirer,http://www.philly.com/philly/health/sportsmedicine/20161002_How_to_heal_head_injuries__Try_new_app.html,https://www.healthnewsreview.org/review/inquirer-overstates-findings-of-pilot-study-on-app-for-post-concussion-monitoring/
HealthStory,story_reviews_00353,4,Benefits of walking for older adults: NPR story missed a cautionary detail,"Walking Fends Off Disability, And It's Not Too Late To Start",NPR,http://www.npr.org/sections/health-shots/2016/09/26/495477531/walking-fends-off-disability-and-its-not-too-late-to-start,https://www.healthnewsreview.org/review/nprs-story-on-benefits-of-walking-for-older-adults-missed-an-important-cautionary-detail/
HealthStory,story_reviews_00354,3,"ABC story on stroke surgery: More needed on costs, harms, conflicts of interest","Blood Clot Removal Could Help More Stroke Victims, Study Finds",ABCNews.com,http://abcnews.go.com/Health/blood-clot-removal-stroke-victims-study-finds/story?id=42389758,https://www.healthnewsreview.org/review/abc-news-story-on-stroke-surgery-more-needed-on-costs-harms-conflicts-of-interest/
HealthStory,story_reviews_00355,2,STAT’s look at migraine drugs in development skimmed over key research details,The drug industry might finally have an answer for migraines,STAT,https://www.statnews.com/2016/09/23/migraine-new-treatments/,https://www.healthnewsreview.org/review/stats-look-at-migraine-drugs-in-development-skimmed-over-key-research-details/
HealthStory,story_reviews_00356,3,WSJ story on new nuclear-imaging tests: What about the data?,New Nuclear-Imaging Tests Show Promise in Locating Cancer,The Wall Street Journal,http://www.wsj.com/articles/new-nuclear-imaging-tests-show-promise-in-locating-cancer-1474855321,https://www.healthnewsreview.org/review/wsj-story-on-new-nuclear-imaging-tests-what-about-the-data/
HealthStory,story_reviews_00357,4,"New radiation guidelines for breast cancer: There’s ‘enough’ evidence, HealthDay story states, skirting specifics","More Breast Cancer Patients Should Consider Radiation, New Guidelines Say",Health Day,https://consumer.healthday.com/cancer-information-5/breast-cancer-news-94/new-guidelines-say-more-breast-cancer-patients-should-get-radiation-715062.html,https://www.healthnewsreview.org/review/new-radiation-guidelines-for-breast-cancer-theres-enough-evidence-healthday-story-tells-us-but-skirts-specifics/
HealthStory,story_reviews_00358,2,TIME’s story on infants and food allergy risks overstates research findings,Babies Should Eat Eggs and Peanuts Early to Avoid Food Allergies,Time,http://time.com/4501203/peanuts-food-allergy/,https://www.healthnewsreview.org/review/times-story-on-babies-and-food-allergies-overstates-research-findings/
HealthStory,story_reviews_00359,2,Reuters mostly rehashes a news release for story on light box therapy for low-male libido,Study shines a light on low winter-time male libido,Reuters,http://www.reuters.com/article/us-health-sex-light-idUSKCN11P0QM,https://www.healthnewsreview.org/review/reuters-mostly-rehashes-a-news-release-for-story-on-light-box-therapy-for-low-male-libido/
HealthStory,story_reviews_00360,3,The Guardian’s look at an inhaler to protect lungs from air pollution borders on puffery,New inhaler protects lungs against effects of air pollution,The Guardian,https://www.theguardian.com/environment/2016/sep/16/new-inhaler-protects-lungs-against-effects-of-air-pollution,https://www.healthnewsreview.org/review/the-guardians-look-at-an-inhaler-to-protect-lungs-from-air-pollution-borders-on-puffery/
HealthStory,story_reviews_00361,3,Surgery instead of reading glasses? NBC’s look at new implant leaned hard on one patient anecdote,No More Readers? New Implant May Help Aging Eyes,NBCNews.com,http://www.nbcnews.com/health/health-news/no-more-readers-new-implant-may-help-aging-eyes-n647436,https://www.healthnewsreview.org/review/surgery-instead-of-reading-glasses-nbcs-look-at-new-implant-was-mostly-one-patient-anecdote/
HealthStory,story_reviews_00362,5,Battling ‘super lice:’ WSJ story provides solid overview on the treatment options,New Ways to Fight Super Lice,The Wall Street Journal,http://www.wsj.com/articles/new-ways-to-fight-super-lice-1473701572,https://www.healthnewsreview.org/review/battling-super-lice-wsj-story-gives-solid-overview-on-the-treatment-options/
HealthStory,story_reviews_00363,3,AP’s look at baseline concussion testing for student athletes lacked critical eye,MICHIGAN ATHLETIC GROUP SAYS CONCUSSION PROGRAM WORKS,Associated Press,http://abcnews.go.com/Sports/wireStory/michigan-athletic-group-unique-concussion-program-works-42030345,https://www.healthnewsreview.org/review/aps-look-at-sideline-concussion-testing-for-student-athletes-lacked-critical-eye/
HealthStory,story_reviews_00364,2,Benefits of infrared saunas: TIME story needed to turn up the heat,You Asked: Are Infrared Saunas Healthy?,Time,http://time.com/4481947/infrared-sauna-benefits-healthy/,https://www.healthnewsreview.org/review/benefits-of-infrared-saunas-time-story-needed-to-turn-up-the-heat/
HealthStory,story_reviews_00365,2,Washington Post story on cord blood transplants for cancer: Too many anecdotes and not enough evidence,"There’s new hope for blood cancers, and it comes from umbilical cords",The Washington Post,https://www.washingtonpost.com/national/health-science/theres-new-hope-for-blood-cancers-and-it-comes-from-umbilical-cords/2016/09/02/04620816-2d89-11e6-9b37-42985f6a265c_story.html,https://www.healthnewsreview.org/review/washington-post-story-on-cord-blood-transplants-for-cancer-too-many-anecdotes-and-not-enough-evidence/
HealthStory,story_reviews_00366,2,CBS story on water-based physical therapy stays in the shallow end,The water workout trend health experts are gushing over,CBSNews.com,http://www.cbsnews.com/news/water-workout-aquatic-treadmill-hydrotherapy-exercise-trend/,https://www.healthnewsreview.org/review/cbs-story-water-based-physical-therapy-stays-shallow-end/
HealthStory,story_reviews_00367,4,HealthDay does a good job reporting on study of long-term weight loss after bariatric surgery,Weight-Loss Surgery Sheds Pounds Long Term,Health Day,https://consumer.healthday.com/vitamins-and-nutrition-information-27/weight-loss-surgery-bariatric-1005/weight-loss-surgery-achieves-long-term-weight-loss-for-many-714392.html,https://www.healthnewsreview.org/review/healthday-does-a-good-job-reporting-on-study-of-long-term-weight-loss-after-bariatric-surgery/
HealthStory,story_reviews_00368,4,"Unlike many other news sites, NPR resists overstating results of Alzheimer’s study",Test Of Experimental Alzheimer's Drug Finds Progress Against Brain Plaques,NPR,http://www.npr.org/sections/health-shots/2016/08/31/491941518/test-of-experimental-alzheimers-drug-finds-progress-against-brain-plaques,https://www.healthnewsreview.org/review/unlike-many-other-news-sites-npr-resists-over-hyping-results-of-alzheimers-study/
HealthStory,story_reviews_00369,2,Hormone replacement for menopause: Times’s attempt to clarify may confuse further,Rethinking the Use of Hormones to Ease Menopause Symptoms,The New York Times,http://well.blogs.nytimes.com/2016/08/29/new-research-counters-fears-about-menopause-hormones/?rref=collection%2Fsectioncollection%2Fhealth&action=click&contentCollection=health&region=rank&module=package&version=highlights&contentPlacement=2&pgtype=sectionfront,https://www.healthnewsreview.org/review/hormone-replacement-for-menopause-ny-timess-attempt-to-clarify-may-confuse-further/
HealthStory,story_reviews_00370,3,"Well-written, Newsweek’s look at blood tests for mental illnesses needed more hard data",CAN BLOOD TESTS DETECT SCHIZOPHRENIA AND OTHER MENTAL ILLNESSES?,Newsweek,http://www.newsweek.com/blood-tests-detect-schizophrenia-mental-illness-493955,https://www.healthnewsreview.org/review/well-written-newsweeks-look-at-blood-tests-for-mental-illnesses-needed-a-bit-more-hard-data/
HealthStory,story_reviews_00371,4,Bloomberg’s story on virtual reality for pain control was a little too rosy,Hospitals Try Giving Patients a Dose of VR,Bloomberg,http://www.bloomberg.com/news/articles/2016-08-29/hospitals-try-giving-patients-a-dose-of-vr,https://www.healthnewsreview.org/review/bloombergs-story-on-virtual-reality-for-pain-control-was-a-little-too-rosy/
HealthStory,story_reviews_00372,4,Powerful patient video anecdote in STAT’s story overshadows realities of new treatment for essential tremor,New treatment offers some hope for an unshakable tremor,STAT,https://www.statnews.com/2016/08/24/treatment-essential-tremor/,https://www.healthnewsreview.org/review/powerful-patient-video-in-stats-story-overshadows-realities-of-new-treatment-for-essential-tremor/
HealthStory,story_reviews_00373,3,Breast density and mammograms: LA Times story leans hard on news release,"How often should you get a mammogram? It depends on whether you have dense breast tissue, experts say",Los Angeles Times,http://www.latimes.com/science/sciencenow/la-sci-sn-mammograms-dense-breasts-20160822-snap-story.html,https://www.healthnewsreview.org/review/breast-density-and-mammograms-la-times-story-leans-hard-on-news-release/
HealthStory,story_reviews_00374,5,A pat on the back to Vox for excellent reporting on melatonin,What is melatonin and can it help me sleep?,Vox,http://www.vox.com/2016/4/25/11425856/what-is-melatonin-sleep,https://www.healthnewsreview.org/review/a-pat-on-the-back-to-vox-com-for-excellent-reporting-on-melatonin/
HealthStory,story_reviews_00375,3,"Medicating kids with ADHD keeps them safer? Not so fast, Wall Street Journal",Medicating Children With ADHD Keeps Them Safer,The Wall Street Journal,http://www.wsj.com/articles/medicating-children-with-adhd-keeps-them-safer-1471366397,https://www.healthnewsreview.org/review/medicating-kids-with-adhd-keeps-them-safer-not-so-fast-wall-street-journal/
HealthStory,story_reviews_00376,4,HealthDay story misleads by making osteoporosis study sound like it compared two drugs,Injected Drug May Help Fight Osteoporosis in Women,Health Day,https://consumer.healthday.com/bone-and-joint-information-4/osteoporosis-news-514/injected-drug-may-help-fight-osteoporisis-in-women-713938.html,https://www.healthnewsreview.org/review/healthday-story-misleads-by-making-osteoporosis-study-sound-like-it-compared-two-drugs/
HealthStory,story_reviews_00377,3,When worms are the clickbait: NPR story confuses more than informs,Could worms in your gut cure your allergies?,NPR,http://www.npr.org/sections/goatsandsoda/2016/08/12/489619045/could-worms-in-your-gut-cure-your-allergies,https://www.healthnewsreview.org/review/when-worms-are-the-clickbait-npr-story-confuses-more-than-informs/
HealthStory,story_reviews_00378,4,Guardian’s reporting on side effects of drugs for bipolar disorder hits many key points,"Lithium should be more widely used for bipolar disorder, researchers say",The Guardian,https://www.theguardian.com/society/2016/aug/14/lithium-should-be-more-widely-used-for-bipolar-disorder-researchers-say,https://www.healthnewsreview.org/review/guardians-reporting-on-side-effects-of-drugs-for-bipolar-disorder-hits-many-key-points/
HealthStory,story_reviews_00379,2,‘Alzheimer’s disease can be fully cured:’ Medical Daily story is a forehead-slapper,"Period Pain Drug Can Cure Alzheimer’s Disease, New Study Suggests",Medical Daily,http://www.medicaldaily.com/period-pain-drug-can-cure-alzheimers-disease-new-study-suggests-394583,https://www.healthnewsreview.org/review/alzheimers-disease-can-be-fully-cured-medical-daily-story-is-a-forehead-slapper/
HealthStory,story_reviews_00380,3,NBC says Zika vaccine trial has ‘striking results’ but it hasn’t even been tested in people yet,Striking' Results from Early Zika Vaccine Trial,NBCNews.com,http://www.nbcnews.com/storyline/zika-virus-outbreak/striking-results-early-zika-vaccine-trial-n623016,https://www.healthnewsreview.org/review/nbcs-says-zika-vaccine-trial-has-striking-results-but-it-hasnt-even-been-tested-in-people-yet/
HealthStory,story_reviews_00381,4,"In just a few short paragraphs, Reuters story covers a lot of ground on asthma pill",Novartis asthma pill shows promise in small trial,Reuters,http://www.reuters.com/article/us-health-asthma-novartis-idUSKCN10H075,https://www.healthnewsreview.org/review/in-just-a-few-short-paragraphs-reuters-story-covers-a-lot-of-ground-on-asthma-pill/
HealthStory,story_reviews_00382,1,‘Game changer’ finds it way into poorly reported story on asthma pill still in development,New Asthma Treatment: Pill Makes Huge Difference In Patients With Severe Symptoms,Medical Daily,http://www.medicaldaily.com/new-asthma-treatment-pill-makes-huge-difference-patients-severe-symptoms-394082,https://www.healthnewsreview.org/review/game-changer-finds-it-way-into-poorly-reported-story-on-asthma-pill-still-in-development/
HealthStory,story_reviews_00383,5,Excellent job by FiveThirtyEight on why at-home colon cancer tests are a good screening option,You Could Skip Your Colonoscopy If You’re Willing To Collect Your Poop,FiveThirtyEight,http://fivethirtyeight.com/features/you-could-skip-your-colonoscopy-if-youre-willing-to-collect-your-poop/,https://www.healthnewsreview.org/review/an-excellent-report-from-fivethirtyeight-on-why-at-home-screening-tests-for-colon-cancer-are-just-as-good-as-colonoscopy/
HealthStory,story_reviews_00384,3,"Fish oil after a heart attack: TIME misses the mark by leaving out harms, study limitations",Fish Oil Has Benefits After a Heart Attack: Study,Time,http://time.com/4430780/fish-oil-benefits-heart-attack/,https://www.healthnewsreview.org/review/fish-oil-for-post-heart-attack-patients-time-misses-the-mark-by-leaving-out-harms-study-limitations/
HealthStory,story_reviews_00385,3,Washington Post story on PTSD treatment ignores evidence in favor of detailed patient anecdote,She found relief for PTSD with a different kind of therapy. But does it work?,The Washington Post,https://www.washingtonpost.com/national/health-science/she-found-relief-for-ptsd-with-a-different-kind-of-therapy-but-does-it-work/2016/08/01/97e7df60-1aca-11e6-8c7b-6931e66333e7_story.html,https://www.healthnewsreview.org/review/washington-post-story-on-ptsd-treatment-ignored-evidence-in-favor-of-detailed-patient-anecdote/
HealthStory,story_reviews_00386,4,Can exercise ‘undo’ sedentary harms? AP story makes observational data sound definitive,"To reverse damage of sitting, take a brisk, hour-long walk",Associated Press,http://www.usnews.com/news/business/articles/2016-07-27/to-reverse-damage-of-sitting-take-a-brisk-hour-long-walk,https://www.healthnewsreview.org/review/can-exercise-undo-sedentary-harms-ap-story-makes-observational-data-sound-definitive-healthnewsreview-org/
HealthStory,story_reviews_00387,2,Allergy-fighting toothpaste? Yet another single-source Fox News story that reads like sponsored content,Allergy sufferers find relief in immunotherapy toothpaste,FoxNews.com,http://www.foxnews.com/health/2016/07/26/allergy-sufferers-find-relief-in-immunotherapy-toothpaste.html,https://www.healthnewsreview.org/review/allergy-sufferers-find-relief-immunotherapy-toothpaste/
HealthStory,story_reviews_00388,2,"Leaning heavily on news release, story on anxiety therapy for children lacks crucial context",Kids With Anxiety Disorders ‘Significantly’ Benefit From Mindfulness Exercises By Changing Brain Activity,Medical Daily,http://www.medicaldaily.com/anxiety-disorders-mindfulness-exercises-brain-activity-392658,https://www.healthnewsreview.org/review/kids-anxiety-disorders-significantly-benefit-mindfulness-exercises-changing-brain-activity/
HealthStory,story_reviews_00389,3,More backstory needed on study of ‘brain training’ benefits for dementia,Brain training' cut dementia risk in healthy adults -U.S. study,Reuters,http://www.reuters.com/article/us-brain-training-dementia-idUSKCN1040TX,https://www.healthnewsreview.org/review/brain-training-cut-dementia-risk-healthy-adults-u-s-study/
HealthStory,story_reviews_00390,2,Fitbit and fertility: Not enough caution or context on 5-woman study,Your Fitbit Could Help You Get Pregnant — Here’s How,BuzzFeed,https://www.buzzfeed.com/stephaniemlee/your-fitbit-could-help-you-get-pregnant-heres-how?utm_term=.hj3RRvPMBG#.sqzDDa3mlv,https://www.healthnewsreview.org/review/fitbit-help-get-pregnant-heres/
HealthStory,story_reviews_00391,3,NYT blog post on sugar’s effect on heart disease markers was a little too short and sweet,Cutting Sugar Rapidly Improves Heart Health Markers,The New York Times,http://well.blogs.nytimes.com/2016/07/19/cutting-sugar-from-diet-rapidly-improves-heart-health-markers/?rref=collection%2Fsectioncollection%2Fhealth&action=click&contentCollection=health&region=rank&module=package&version=highlights&contentPlacement=7&pgtype=sectionfront,https://www.healthnewsreview.org/review/nyt-blog-post-on-sugars-effect-on-heart-disease-was-too-short-and-sweet/
HealthStory,story_reviews_00392,4,USA Today injects a vital dose of scrutiny to story on ‘dry needling’ for pain,Dry needling' for pain therapy is under scrutiny,USA Today,http://www.usatoday.com/story/life/2016/07/17/dry-needling-acupuncture-pain/86940278/,https://www.healthnewsreview.org/review/usa-today-adds-a-vital-dose-of-scrutiny-to-story-on-dry-needling-for-pain/
HealthStory,story_reviews_00393,1,ABC’s look at treating PTSD with virtual reality: Classic example of anecdote over evidence,Treating PTSD With Virtual Reality Therapy: A Way to Heal Trauma,ABCNews.com,http://abcnews.go.com/Technology/treating-ptsd-virtual-reality-therapy-heal-trauma/story?id=38742665,https://www.healthnewsreview.org/review/abcs-look-at-treating-ptsd-with-virtual-reality-classic-example-of-anecdote-over-evidence/
HealthStory,story_reviews_00394,5,Kudos to WSJ for giving thorough look at ‘Heimlich alternative’ devices for choking victims,Can New Devices Match Heimlich to Stop Choking?,The Wall Street Journal,http://www.wsj.com/articles/can-new-devices-match-heimlich-to-stop-choking-1468242002,https://www.healthnewsreview.org/review/kudos-to-wsj-for-giving-thorough-look-at-devices-for-choking-victims/
HealthStory,story_reviews_00395,2,CBS story on stem cells and root canals inflates the benefits and ignores the risks,Stem cell research aims to put an end to root canals,CBSNews.com,http://www.cbsnews.com/news/stem-cell-dental-research-regenerate-tooth-root-canals/,https://www.healthnewsreview.org/review/cbs-story-on-stem-cells-and-root-canals-inflates-the-benefits-and-ignores-the-risks/
HealthStory,story_reviews_00396,3,News release and HealthDay create perfect storm of misinformation on statins and cancer,Could Statins Help Fight Cancer?,Health Day,https://consumer.healthday.com/cancer-information-5/mis-cancer-news-102/could-statins-help-fight-cancer-712725.html,https://www.healthnewsreview.org/review/news-release-and-healthday-create-perfect-storm-of-misinformation-on-statins-and-cancer/
HealthStory,story_reviews_00397,4,"Cavity-fighting liquid for kids: Nice story, but what does the medical evidence show?",A Cavity-Fighting Liquid Lets Kids Avoid Dentists’ Drills,The New York Times,http://www.nytimes.com/2016/07/12/health/silver-diamine-fluoride-dentist-cavities.html?rref=collection%2Fsectioncollection%2Fhealth&action=click&contentCollection=health&region=rank&module=package&version=highlights&contentPlacement=2&pgtype=sectionfront,https://www.healthnewsreview.org/review/cavity-fighting-liquid-for-kids-nice-story-but-what-does-the-medical-evidence-show/
HealthStory,story_reviews_00398,4,STAT’s story on postpartum depression drug– ‘a paradigm shift’ that needed more scrutiny,Experimental drug shows promise for quick treatment of postpartum depression,STAT,https://www.statnews.com/2016/07/12/postpartum-depression-drug/,https://www.healthnewsreview.org/review/far-more-scrutiny-needed-in-stats-story-on-postpartum-depression-drug/
HealthStory,story_reviews_00399,3,‘This is a game changer:’ Reuters story on new dissolvable stent borders on giddy,Abbott wins U.S. approval for stent that absorbs into body,Reuters,http://www.reuters.com/article/us-abbott-stent-idUSKCN0ZL1WC,https://www.healthnewsreview.org/review/this-is-a-game-changer-reuters-story-on-new-dissolvable-stent-borders-on-giddy/
HealthStory,story_reviews_00400,4,AP takes pains to point out lack of long-term data for new dissolvable stent,FDA approves first dissolving stent for US patients,Associated Press,http://www.foxnews.com/health/2016/07/05/fda-approves-first-dissolving-stent-for-us-patients.html,https://www.healthnewsreview.org/review/ap-takes-pains-to-point-out-lack-of-long-term-data-for-new-dissolvable-stent/
HealthStory,story_reviews_00401,4,WSJ story on prostate cancer treatment test leaves us wondering: Why no independent viewpoints?,Test Aids Prostate Cancer Treatment,The Wall Street Journal,http://www.wsj.com/articles/test-aids-prostate-cancer-treatment-1467864061?cb=logged0.13244635775178315,https://www.healthnewsreview.org/review/wsj-story-on-prostate-cancer-treatment-test-leaves-us-wondering-why-no-independent-viewpoints/
HealthStory,story_reviews_00402,3,Platelet-rich plasma for rotator cuff tears: Washington Post’s story gave us aches and pains,"I’ll never go through shoulder surgery again, so here’s what I did",The Washington Post,https://www.washingtonpost.com/national/health-science/ill-never-go-through-shoulder-surgery-again-so-heres-what-i-did/2016/07/01/637d7364-37f0-11e6-a254-2b336e293a3c_story.html,https://www.healthnewsreview.org/review/platelet-rich-plasma-for-rotator-cuff-tears-washington-posts-story-gave-us-aches-and-pains/
HealthStory,story_reviews_00403,4,"CNN can’t resist lure of early-phase ALS stem cell research, but keeps tone moderate","Stem cell study for ALS patients shows promise, yet causes pain",CNN,http://www.cnn.com/2016/06/29/health/als-stem-cell-research/index.html,https://www.healthnewsreview.org/review/cnn-cant-resist-lure-of-early-phase-als-stem-cell-research-but-keeps-tone-moderate/
HealthStory,story_reviews_00404,4,Bloomberg story on fiber benefits hinges on unpublished data from a private fitness app,It’s Comical. It’s Critical. It Might Even Help You Lose Weight.,Bloomberg,http://www.bloomberg.com/news/articles/2016-06-28/it-s-comical-it-s-critical-it-might-even-help-you-lose-weight,https://www.healthnewsreview.org/review/comical-critical-might-even-help-lose-weight/
HealthStory,story_reviews_00405,4,Texting to ‘prevent heart attacks:’ WSJ overstates scope of study,How to Prevent a Heart Attack: Text Patients on Healthy Habits,The Wall Street Journal,http://www.wsj.com/articles/how-to-prevent-a-heart-attack-text-patients-on-healthy-habits-1466992860,https://www.healthnewsreview.org/review/texting-to-prevent-heart-attacks-wsj-overstated-scope-of-study/
HealthStory,story_reviews_00406,4,It’s never OK to use ‘groundbreaking treatment for strokes’ when it’s never been tested in people,Exclusive: Doctors to Test a Groundbreaking Treatment for Strokes,Time,http://time.com/4382200/deep-brain-stimulation-for-stroke/,https://www.healthnewsreview.org/review/its-never-ok-to-use-groundbreaking-treatment-for-strokes-when-its-never-been-tested-in-people/
HealthStory,story_reviews_00407,3,Inducing at 39 weeks: Washington Post story mystifies more than clarifies,Should pregnant women be induced at 39 weeks?,The Washington Post,https://www.washingtonpost.com/national/health-science/should-pregnant-women-be-induced-at-39-weeks/2016/06/27/e1bb9d16-27fe-11e6-b989-4e5479715b54_story.html,https://www.healthnewsreview.org/review/inducing-at-39-weeks-washington-post-story-mystifies-more-than-clarifies/
HealthStory,story_reviews_00408,3,Google Glass for autism: AP story is shortsighted on evidence,CAN GOOGLE GLASS HELP AUTISTIC CHILDREN READ FACES?,Associated Press,http://abcnews.go.com/Technology/wireStory/google-glass-autistic-children-read-faces-40063563,https://www.healthnewsreview.org/review/google-glass-for-autism-ap-story-is-shortsighted-on-evidence/
HealthStory,story_reviews_00409,2,CBS News story on Alzheimer’s treatment follows familiar formula,Can memory loss in Alzheimer's patients be reversed?,CBSNews.com,http://www.cbsnews.com/news/can-memory-loss-in-alzheimers-patients-be-reversed/,https://www.healthnewsreview.org/review/cbs-news-story-on-alzheimers-treatment-follows-tired-formula/
HealthStory,story_reviews_00410,4,U.S. News & World Report story on proton beam radiation left out the evidence,The Promise (and Limits) of Pediatric Proton Radiation,US News & World Report,http://health.usnews.com/health-news/best-childrens-hospitals/articles/2016-06-21/the-promise-and-limits-of-pediatric-proton-radiation?int=98e708,https://www.healthnewsreview.org/review/u-s-news-world-report-story-on-proton-beam-radiation-left-out-the-evidence/
HealthStory,story_reviews_00411,4,NBC News takes level-headed approach covering ‘Jimmy Carter drug’ for lung cancer,Lung Cancer Trial Stopped After Jimmy Carter Drug Shrinks Tumors,NBCNews.com,http://www.nbcnews.com/health/cancer/lung-cancer-trial-stopped-after-jimmy-carter-drug-stops-tumors-n593726,https://www.healthnewsreview.org/review/nbc-news-takes-level-headed-approach-covering-jimmy-carter-drug-for-lung-cancer/
HealthStory,story_reviews_00412,4,Colon cancer screening news: HealthDay’s story missed opportunity to go beyond news release,Expert Panel Reaffirms Need for Colon Cancer Screen Beginning at Age 50,Health Day,https://consumer.healthday.com/cancer-information-5/colon-cancer-news-96/expert-panel-reaffirms-need-for-colon-cancer-screen-beginning-at-50-712009.html,https://www.healthnewsreview.org/review/colon-cancer-screening-news-healthdays-story-missed-opportunity-to-go-beyond-news-release/
HealthStory,story_reviews_00413,4,Independent source and costs: All that’s missing from otherwise solid Reuters story on Victoza,Novo diabetes drug cuts heart risks by less-than-hoped 13 percentage,Reuters,http://www.reuters.com/article/us-health-diabetes-novo-nordisk-idUSKCN0YZ2F7,https://www.healthnewsreview.org/review/independent-source-and-costs-all-thats-missing-from-otherwise-solid-reuters-story-on-victoza/
HealthStory,story_reviews_00414,2,Several errors mar Slate’s story on antidepressant use in kids,Prozac May Be the Only Drug That Effectively Treats Depression in Kids,Slate,http://www.slate.com/articles/health_and_science/medical_examiner/2016/06/prozac_and_antidepressants_are_less_effective_in_children_than_previously.html,https://www.healthnewsreview.org/review/several-errors-mar-slates-story-on-antidepressant-use-in-kids/
HealthStory,story_reviews_00415,3,Scientist’s quest to fight cancer: Captivating story from NPR overlooked limitations,A Scientist's Dream Fulfilled: Harnessing The Immune System To Fight Cancer,NPR,http://www.npr.org/sections/health-shots/2016/06/09/480435066/a-scientists-dream-fulfilled-harnessing-the-immune-system-to-fight-cancer,https://www.healthnewsreview.org/review/scientists-dream-fulfilled-harnessing-immune-system-fight-cancer/
HealthStory,story_reviews_00416,4,Thorough story on underuse of new ovarian cancer tests needed a few more numbers,"Ovarian cancer blood tests: Available, not widely used",The Philadelphia Inquirer,http://www.philly.com/philly/health/cancer/20160612_Ovarian_cancer_blood_tests__Available__not_widely_used.html,https://www.healthnewsreview.org/review/thorough-story-on-underuse-of-new-ovarian-cancer-tests-needed-a-few-more-numbers/
HealthStory,story_reviews_00417,1,WSJ story speculates about benefits of non-existent ‘polypill’ to treat age-related diseases,A ‘Polypill’ May Be the Next Big Preventive Fix,The Wall Street Journal,http://www.wsj.com/articles/a-polypill-may-be-the-next-big-preventive-fix-1465406209,https://www.healthnewsreview.org/review/wsj-story-speculates-about-benefits-of-non-existent-polypill-to-treat-age-related-diseases/
HealthStory,story_reviews_00418,5,Thorough and informative: Vox’s story on stem cell therapy for multiple sclerosis,This isn’t hype: Canadian doctors just reversed severe MS using stem cells,Vox,http://www.vox.com/2016/6/9/11898512/multiple-sclerosis-stem-cell-chemo,https://www.healthnewsreview.org/review/thorough-and-informative-vox-story-on-stem-cell-therapy-for-multiple-sclerosis/
HealthStory,story_reviews_00419,5,Well done: STAT story on extended use of aromatase inhibitors for breast cancer,Breast cancer treatment shows benefit to extended treatment with aromotase inhibitors ,STAT,https://www.statnews.com/2016/06/05/breast-cancer-aromatase-inhibitors/,https://www.healthnewsreview.org/review/well-done-stat-story-on-extending-aromatase-a-breast-cancer-drug-treatment/
HealthStory,story_reviews_00420,2,Guardian hypes possible blood test for depression as ‘breakthrough’,Blood test could identify people who will respond to antidepressants,The Guardian,http://www.theguardian.com/society/2016/jun/07/blood-test-antidepressants-depression-treatement,https://www.healthnewsreview.org/review/holy-grail-and-breakthrough-mar-guardian-piece-on-possible-blood-test-for-depression/
HealthStory,story_reviews_00421,3,Medical Daily story on stem cells for stroke needed injection of independent viewpoints,Stem Cells May Safely Restore Motor Function In Patients Suffering From Disabilities After Stroke,Medical Daily,http://www.medicaldaily.com/stem-cells-stroke-motor-skills-disability-388640,https://www.healthnewsreview.org/review/medical-daily-story-on-stem-cells-for-sroke-needed-injection-of-independent-viewpoints/
HealthStory,story_reviews_00422,4,More succinct data needed in HealthDay story on lowering catheter-associated urinary tract infection rates,Program Cut Catheter-Associated Urinary Tract Infections,Health Day,https://consumer.healthday.com/infectious-disease-information-21/urinary-tract-infection-news-686/program-may-cut-catheter-associated-urinary-tract-infections-711562.html,https://www.healthnewsreview.org/review/better-data-needed-in-healthday-story-on-lowering-catheter-associated-urinary-tract-infection-rates/
HealthStory,story_reviews_00423,2,Reuters story on new drug for excessive sweating was less informative than the news release,Dermira's drug for excessive armpit sweating succeeds in key studies,Reuters,http://www.reuters.com/article/us-dermira-study-idUSKCN0YN5SZ,https://www.healthnewsreview.org/review/reuters-story-on-new-drug-for-excessive-sweating-was-less-informative-than-the-news-release/
HealthStory,story_reviews_00424,3,WSJ story on eczema drug trials bereft of study design details,New Eczema Treatments Could Be Available Soon,The Wall Street Journal,http://www.wsj.com/articles/new-eczema-treatments-could-be-available-soon-1464637182,https://www.healthnewsreview.org/review/wsj-story-on-eczema-drug-trials-bereft-of-study-design-details/
HealthStory,story_reviews_00425,2,Research on statins for breast cancer: The Guardian mischaracterizes results as possible ‘valuable’ treatment,Statins 'could be valuable addition to breast cancer treatment',The Guardian,http://www.theguardian.com/society/2016/jun/01/statins-breast-cancer-research-treatment-cholesterol-oestrogen,https://www.healthnewsreview.org/review/research-on-statins-for-breast-cancer-the-guardian-mischaracterizes-it-as-possible-valuable-treatment/
HealthStory,story_reviews_00426,3,AP story on chest-protecting athletic gear skims over evidence,Chest Protectors Guard Against Deadly Blows to Chest,Associated Press,http://abcnews.go.com/Sports/wireStory/chest-protectors-guard-deadly-blows-chest-39495402,https://www.healthnewsreview.org/review/ap-story-on-gear-to-protect-against-chest-blows-skims-over-evidence/
HealthStory,story_reviews_00427,2,"With no apparent news hook, it’s unclear why Fox News is discussing embryo screening",Embryo screening helps couples avoid genetic diseases,FoxNews.com,http://www.foxnews.com/health/2016/05/26/embryo-screening-helps-couples-avoid-genetic-diseases.html,https://www.healthnewsreview.org/review/with-no-apparent-news-hook-its-unclear-why-fox-news-is-discussing-embryo-screening/
HealthStory,story_reviews_00428,4,WSJ’s look at apps and wearables for ‘text neck’ takes a measured approach,A Cure for Digital Addicts’ ‘Text Neck’?,The Wall Street Journal,http://www.wsj.com/articles/a-cure-for-digital-addicts-text-neck-1464019660,https://www.healthnewsreview.org/review/wsjs-look-at-apps-and-wearables-for-text-neck-takes-well-measured-approach/
HealthStory,story_reviews_00429,2,CBS News story hypes unproven stem cell treatment for spinal cord injury,Experimental procedure aimed at repairing spinal cord shows promise,CBSNews.com,http://www.cbsnews.com/news/experimental-procedure-aimed-at-repairing-spinal-cord-shows-promise/,https://www.healthnewsreview.org/review/cbs-news-story-hypes-unproven-stem-cell-treatment-for-spinal-cord-injury/
HealthStory,story_reviews_00430,4,New surgical method for uterine fibroids gets thorough look by Inquirer,Doctors test new device for uterine fibroids,The Philadelphia Inquirer,http://www.philly.com/philly/health/womenshealth/20160522_Doctors_test_new_device_for_uterine_fibroids.html,https://www.healthnewsreview.org/review/new-surgical-method-for-uterine-fibroids-gets-thorough-look-by-inquirer/
HealthStory,story_reviews_00431,5,"Except for presidential anecdote, NBC story on new melanoma drug was well-balanced",Cancer Drug Keytruda Keeps Some Patients Alive For 3 Years,NBCNews.com,http://www.nbcnews.com/health/cancer/cancer-drug-keytruda-keeps-some-patients-alive-3-years-n576376,https://www.healthnewsreview.org/review/cancer-drug-keytruda-keeps-patients-alive-3-years/
HealthStory,story_reviews_00432,2,"Guardian predicts end to insulin shots based on rehashed news release, mouse research",Type 1 diabetes treatment could end need for insulin shots,The Guardian,http://www.theguardian.com/society/2016/may/18/type-1-diabetes-treatment-could-end-need-for-insulin-shots,https://www.healthnewsreview.org/review/guardian-predicts-end-to-insulin-shots-based-on-rehashed-news-release-mouse-research/
HealthStory,story_reviews_00433,3,Reuters story on oral insulin trial needed sources beyond drug company CEO,Oramed says oral insulin succeeds in midstage type 2 diabetes trial,Reuters,http://www.reuters.com/article/us-oramed-insulin-idUSKCN0Y91F2,https://www.healthnewsreview.org/review/reuters-story-on-oral-insulin-trial-needed-sources-beyond-drug-company-ceo/
HealthStory,story_reviews_00434,3,Reuters jumps the gun on 12-patient trial to test safety of ‘magic mushrooms’,"Magic mushroom ingredient may ease severe depression, study suggests",Reuters,http://www.reuters.com/article/us-health-depression-mushrooms-idUSKCN0Y816C,https://www.healthnewsreview.org/review/magic-mushroom-ingredient-may-ease-severe-depression-study-suggests/
HealthStory,story_reviews_00435,2,Deep brain stimulation for dementia: NPR’s positive tone not matched by evidence,Reviving Memory With An Electrical Current,NPR,http://www.npr.org/sections/health-shots/2016/05/14/477934952/can-electricity-be-used-to-treat-alzheimer-s-disease,https://www.healthnewsreview.org/review/deep-brain-stimulation-for-dementia-nprs-positive-tone-not-matched-by-evidence/
HealthStory,story_reviews_00436,2,CBS’s same-day hip replacement story makes it sound like a new procedure,Same-day hip replacements get patients back on their feet,CBSNews.com,http://www.cbsnews.com/news/same-day-hip-replacements-get-patients-back-on-their-feet/,https://www.healthnewsreview.org/review/day-hip-replacements-get-patients-back-feet/
HealthStory,story_reviews_00437,3,Higher BMI is healthier? NPR story makes well-documented ‘obesity paradox’ sound new,Does Putting On A Few Pounds Help You Cheat Death?,NPR,http://www.npr.org/sections/health-shots/2016/05/10/477376914/does-putting-on-a-few-pounds-help-you-cheat-death,https://www.healthnewsreview.org/review/higher-bmi-is-healthier-npr-story-makes-well-documented-obesity-paradox-sound-new/
HealthStory,story_reviews_00438,3,Fruit and breast cancer risk: TIME leaves out key data details,What Teen Girls Should Eat to Reduce Breast Cancer Risk,Time,http://time.com/4326798/breast-cancer-diet-teen-girls-fruit/,https://www.healthnewsreview.org/review/fruit-and-breast-cancer-risk-time-leaves-out-key-data-details/
HealthStory,story_reviews_00439,2,‘Facelift in a bottle:’ Incomplete NBC coverage reads too much like the news release,"Facelift in a Bottle? 'Second Skin' Tightens Baggy Eyes, Protects Dry Skin",NBCNews.com,http://www.nbcnews.com/health/health-news/facelift-bottle-second-skin-tightens-baggy-eyes-protects-dry-skin-n570521,https://www.healthnewsreview.org/review/facelift-in-a-bottle-nbcs-story-had-little-info-on-quality-of-study-data/
HealthStory,story_reviews_00440,3,‘Second skin’ needs a second look: Times coverage thin on evidence for new wrinkle approach,"‘Second Skin’ May Reduce Wrinkles, Eyebags, Scientists Say",The New York Times,http://www.nytimes.com/2016/05/10/health/second-skin-aging-wrinkles.html?rref=collection%2Fsectioncollection%2Fhealth&action=click&contentCollection=health&region=rank&module=package&version=highlights&contentPlacement=2&pgtype=sectionfront&_r=0,https://www.healthnewsreview.org/review/second-skin-needs-a-second-look-times-coverage-thin-on-evidence-for-new-wrinkle-approach/
HealthStory,story_reviews_00441,4,HealthDay story wisely includes harms of nocturia drug for older adults,Could Nasal Spray Curtail Nighttime Bathroom Trips?,Health Day,https://consumer.healthday.com/sexual-health-information-32/prostate-problem-news-559/will-nasal-spray-curtail-nighttime-bathroom-breaks-710736.html,https://www.healthnewsreview.org/review/healthday-story-wisely-discusses-harms-of-new-nocturia-drug-but-overlooked-data-on-benefits/
HealthStory,story_reviews_00442,3,‘Eat this carb and you won’t gain weight’–TIME story leaves readers hungry,Eat This Carb and You Won’t Gain Weight,Time,http://time.com/4318201/carbohydrates-weight-loss-resistant-starch/,https://www.healthnewsreview.org/review/eat-this-carb-and-you-wont-gain-weight-time-story-leaves-readers-hungry/
HealthStory,story_reviews_00443,5,Vox knocks it out of the park with well-done story on new device for menstrual pain,"This new device claims to be the ""off switch for menstrual pain."" And it might actually work.",Vox,http://www.vox.com/2016/5/3/11518058/livia-period-pain-reliever-review,https://www.healthnewsreview.org/review/vox-knocks-it-out-of-the-park-with-well-done-story-on-new-device-for-menstrual-pain/
HealthStory,story_reviews_00444,3,"Online program to prevent depression: Solid effort by NPR, though a key limitation was overlooked",An Online Program May Help Prevent Depression In Some People,NPR,http://www.npr.org/sections/health-shots/2016/05/03/476591196/online-depression-prevention-programs,https://www.healthnewsreview.org/review/online-program-may-help-prevent-depression-people/
HealthStory,story_reviews_00445,3,LA Times story mischaracterizes studies on intestinal microbiome,"Wine and coffee lovers, drink up! It's great for your microbiome",Los Angeles Times,http://www.latimes.com/science/sciencenow/la-sci-sn-wine-coffee-microbiome-20160429-story.html,https://www.healthnewsreview.org/review/wine-coffee-lovers-drink-great-microbiome/
HealthStory,story_reviews_00446,4,"Personal anecdotes overwhelm cautionary details in WSJ story on ayahuasca, a Peruvian hallucinogenic concoction",Is Peru’s Psychedelic Potion a Cure or a Curse?,The Wall Street Journal,http://www.wsj.com/articles/is-perus-psychedelic-potion-a-cure-or-a-curse-1461944415,https://www.healthnewsreview.org/review/personal-anecdotes-overwhelm-cautionary-details-in-wsj-story-on-ayahuasca-a-peruvian-hallucinogenic-concoction/
HealthStory,story_reviews_00447,3,"With no discussion on limits of animal research, Newsweek story adds to hype on gene therapy","GENE THERAPY MIGHT BE THE BEST, AND PERHAPS ONLY, CHANCE AT CURING BRAIN DISEASES",Newsweek,http://www.newsweek.com/2016/05/06/gene-therapy-brain-disease-453217.html,https://www.healthnewsreview.org/review/by-skipping-discussion-of-research-challenges-newsweek-story-adds-to-hype-on-gene-therapy/
HealthStory,story_reviews_00448,3,"Strong on sources, weak on data: CBS story on using marijuana for painkiller addictions",Could marijuana help treat painkiller and heroin addiction?,CBSNews.com,http://www.cbsnews.com/news/could-marijuana-help-treat-painkiller-and-heroin-addiction/,https://www.healthnewsreview.org/review/in-depth-sourcing-helps-boost-a-data-poor-cbs-story-on-using-marijuana-for-painkiller-addictions/
HealthStory,story_reviews_00449,3,Medical Daily story on Mediterranean diet study mostly echoes news release,"Mediterranean Diet Protects Heart Disease Sufferers From Heart Attack, Stroke",Medical Daily,http://www.medicaldaily.com/mediterranean-diet-heart-attack-stroke-383086,https://www.healthnewsreview.org/review/mediterranean-diet-protects-heart-disease-sufferers-heart-attack-stroke/
HealthStory,story_reviews_00450,2,"ABC joins bandwagon, puts rosy spin on stem cell therapy, this time for muscular dystrophy",Teen Feels 'Hopeful' After Experimental Stem Cell Procedure on Damaged Heart,ABCNews.com,http://abcnews.go.com/Health/teen-feels-hopeful-experimental-stem-cell-procedure-damaged/story?id=38603675,https://www.healthnewsreview.org/review/abc-news-joins-bandwagon-puts-rosy-spin-on-stem-cell-therapy-for-muscular-dystrophy-patient/
HealthStory,story_reviews_00451,3,Reuters Health story wisely notes limitations of NEJM study on treating mini-strokes,Aggressive 'mini-stroke' therapy may cut serious stroke risk by half,Reuters Health,http://www.reuters.com/article/us-health-stroke-tia-treatment-idUSKCN0XH2N4,https://www.healthnewsreview.org/review/reuters-story-wisely-notes-limitations-of-confusing-nejm-study-on-mini-strokes/
HealthStory,story_reviews_00452,2,NBC story built around one patient’s amazing stroke recovery; skimps on data suggesting result is unusual,"New Stroke Treatment Saves Lives, Improves Recovery",NBCNews.com,http://www.nbcnews.com/health/heart-health/new-stroke-treatment-saves-lives-improves-recovery-n558606,https://www.healthnewsreview.org/review/new-stroke-treatment-saves-lives-improves-recovery/
HealthStory,story_reviews_00453,3,"Globe story on experimental autism treatment is all anecdote, no data",Tracking the risks and rewards of transcranial magnetic stimulation,The Boston Globe,https://www.bostonglobe.com/lifestyle/2016/04/18/tracking-risks-and-rewards-transcranial-magnetic-stimulation/VrM0JhIpWgMPDXe2sbyFpI/story.html,https://www.healthnewsreview.org/review/globe-story-on-experimental-autism-treatment-is-all-anecdote-no-data/
HealthStory,story_reviews_00454,4,Philly physician Q&A hits many key points on newer allergy treatments,"More than shots, there's new help for allergy sufferers ",The Philadelphia Inquirer,http://www.philly.com/philly/health/20160417_More_than_shots__there_s_new_help_for_allergy_sufferers.html,https://www.healthnewsreview.org/review/philly-physician-qa-hits-many-key-points-on-newer-allergy-treatments/
HealthStory,story_reviews_00455,2,HealthDay story overstates scope of mammography screening study in younger women,"Many women could benefit from earlier mammograms, analysis finds",Health Day,http://www.cbsnews.com/news/many-women-may-benefit-from-mammograms-in-their-40s-analysis-finds/,https://www.healthnewsreview.org/review/healthday-story-overstates-scope-of-mammography-screening-study/
HealthStory,story_reviews_00456,4,BuzzFeed oversells benefits of experimental technology used on paralyzed man,A Paralysed Man Can Play “Guitar Hero” Using A Computer That Reads His Thoughts,BuzzFeed,http://www.buzzfeed.com/kellyoakes/a-paralysed-man-can-play-guitar-hero-using-a-computer#.sy5pkwooQ,https://www.healthnewsreview.org/review/buzzfeed-oversells-benefits-of-experimental-device-for-paralyzed-man/
HealthStory,story_reviews_00457,5,"Solid effort by NBC on saturated fat study, though story lacked hard numbers on findings",Using Vegetable Oils to Lower Cholesterol May Not Improve Longevity,NBCNews.com,http://www.nbcnews.com/health/diet-fitness/using-vegetable-oils-lower-cholesterol-may-not-improve-longevity-n554936,https://www.healthnewsreview.org/review/solid-effort-by-nbc-on-saturated-fat-study-though-story-lacked-hard-numbers-on-findings/
HealthStory,story_reviews_00458,2,WaPo story generalizes findings of small study on mice to pregnant women,Love of physical activity may start in the womb,The Washington Post,https://www.washingtonpost.com/national/health-science/love-of-physical-activity-may-start-in-the-womb/2016/04/11/abf79a74-fce6-11e5-9140-e61d062438bb_story.html,https://www.healthnewsreview.org/review/wapo-story-generalizes-findings-of-small-mice-study-to-pregnant-women/
HealthStory,story_reviews_00459,4,Aspirin report from CBS doesn’t go much beyond the news release,Should you be taking daily low-dose aspirin for heart health?,CBSNews.com,http://www.cbsnews.com/news/new-guidelines-daily-low-dose-aspirin-heart-health-cancer-prevention/,https://www.healthnewsreview.org/review/aspirin-report-from-cbs-doesnt-go-much-beyond-the-news-release/
HealthStory,story_reviews_00460,5,An array of sources make this STAT story on aspirin task force recommendations very strong,Experts debate: Do healthy people need an aspirin a day?,STAT,https://www.statnews.com/2016/04/11/aspirin-primary-prevention/,https://www.healthnewsreview.org/review/an-array-of-experts-make-this-stat-story-on-aspirin-study-very-strong/
HealthStory,story_reviews_00461,3,Walnut-cholesterol study needed more scrutiny in CBS story,The homeliest nut just got better,CBSNews.com,http://www.cbsnews.com/news/walnuts-are-heart-healthy-and-cholesterol-lowering-in-older-adults/,https://www.healthnewsreview.org/review/cbs-news-story-walnut-study-left-out-hard-data/
HealthStory,story_reviews_00462,4,Stem cell therapy for heart failure: Reuters story covers most of the bases,Vericel stem cell heart failure therapy cuts deaths: study,Reuters,http://www.reuters.com/article/us-health-heart-vericel-idUSKCN0X11NE,https://www.healthnewsreview.org/review/reuters-story-covers-most-of-the-bases/
HealthStory,story_reviews_00463,2,"‘Baby deadline test’ story on NBC News: heavy on anecdotes, light on evidence",Baby Deadline Test: Beat Your Biological Clock,NBCNews.com,http://www.nbcnews.com/health/health-news/baby-deadline-test-beat-your-biological-clock-n548196,https://www.healthnewsreview.org/review/baby-deadline-test-beat-biological-clock/
HealthStory,story_reviews_00464,3,Acupuncture for hot flashes in breast cancer patients: Story left out past study findings,Acupuncture May Ease Hot Flashes for Breast Cancer Patients,Health Day,http://consumer.healthday.com/alternative-medicine-information-3/acupuncture-news-5/acupuncture-may-ease-hot-flashes-for-breast-cancer-patients-709369.html,https://www.healthnewsreview.org/review/acupuncture-for-hot-flashes-related-to-breast-cancer-study-left-out-past-study-findings/
HealthStory,story_reviews_00465,3,Blood tests for concussions: TIME leaves out key details on study results,This New Blood Test Could Detect Concussions,Time,http://time.com/4272765/blood-test-for-concussions/,https://www.healthnewsreview.org/review/new-blood-test-detect-concussions/
HealthStory,story_reviews_00466,4,WaPo leans hard on news release for story on meditation and back pain,"Mindful meditation may be the answer to relieving chronic back pain, study suggests",The Washington Post,https://www.washingtonpost.com/news/to-your-health/wp/2016/03/22/could-meditation-be-the-answer-to-relieving-back-pain-study-shows-surprising-results/,https://www.healthnewsreview.org/review/wapo-story-on-meditation-and-back-pain-relies-heavily-on-news-release/
HealthStory,story_reviews_00467,3,Rehab needed for U.S. News & World Report story on cardiac rehab,The Benefits of Intensive Cardiac Rehabilitation Over Ordinary Cardiac Rehabilitation,US News & World Report,http://health.usnews.com/health-news/patient-advice/articles/2016-03-21/the-benefits-of-intensive-cardiac-rehabilitation-over-ordinary-cardiac-rehabilitation?int=98e708,https://www.healthnewsreview.org/review/cardiac-rehabilitation-story-lacks-evidence-to-back-claims/
HealthStory,story_reviews_00468,2,"Just in time for Easter, bunny research reported as evidence of broccoli’s benefits",Broccoli May Slow or Reverse Some Atherosclerosis,The Wall Street Journal,http://www.wsj.com/articles/broccoli-may-slow-or-reverse-some-atherosclerosis-1458571222,https://www.healthnewsreview.org/review/broccoli-benefits-in-rabbits-or-bunnies-reported-as-evidence-in-wsj/
HealthStory,story_reviews_00469,4,"Quitting cold turkey–strong coverage from LA Times, except for lack of independent sources","To quit smoking, it's best to go cold turkey, study finds",Los Angeles Times,http://www.latimes.com/science/sciencenow/la-sci-sn-to-quit-smoking-total-abstinence-20160314-story.html,https://www.healthnewsreview.org/review/cold-turkey-coverage-from-la-times-lacked-independent-sources/
HealthStory,story_reviews_00470,4,NPR trend piece on fluoride treatments in adults should have drilled into hard evidence,No-Drill Dentistry: Fluoride Treatments Can Prevent Cavities In Adults,NPR,http://www.npr.org/sections/health-shots/2016/03/14/469959427/no-drill-dentistry-fluoride-treatments-can-prevent-cavities-in-adults,https://www.healthnewsreview.org/review/no-drill-dentistry-fluoride-treatments-can-prevent-cavities-adults/
HealthStory,story_reviews_00471,2,Fox News story on gastric balloon: more superficial news that reads like paid content,How a balloon can help you lose weight,FoxNews.com,http://www.foxnews.com/health/2016/03/15/how-balloon-can-help-lose-weight.html,https://www.healthnewsreview.org/review/fox-news-story-gastric-balloon-seems-like-more-sponsored-content/
HealthStory,story_reviews_00472,4,CBS story on stem cell surgery for cataracts kept hype in check but lacked key study details,First-of-its-kind cataract surgery using stem cells shows promise,CBSNews.com,http://www.cbsnews.com/news/cataract-surgery-using-stem-cells-shows-promise-in-babies/,https://www.healthnewsreview.org/review/cbs-report-needed-more-details-on-stem-cell-surgery-study/
HealthStory,story_reviews_00473,2,Fox News story on air quality device reads like sponsored content,Smart air quality device and app helps you breathe easier,FoxNews.com,http://www.foxnews.com/health/2016/03/07/smart-air-quality-device-and-app-helps-breathe-easier.html,https://www.healthnewsreview.org/review/fox-news-air-quality-reads-like-sponsored-content/
HealthStory,story_reviews_00474,3,CNN story on fasting diet study veers into clickbait territory,Occasional fasting could help you live longer,CNN,http://www.cnn.com/2016/03/09/health/fasting-live-longer-feat/index.html,https://www.healthnewsreview.org/review/cnn-story-fasting-diet-study-veers-clickbait-territory/
HealthStory,story_reviews_00475,2,False balance in CNN coverage of female sexual dysfunction: anecdotes given equal weight as systematic evidence review,'Female Viagra' gets mixed reviews,CNN,http://www.cnn.com/2016/02/29/health/female-viagra-gets-mixed-reviews/,https://www.healthnewsreview.org/review/false-balance-in-cnn-coverage-of-female-sexual-dysfunction-anecdotes-given-equal-weight-as-systematic-evidence-review/
HealthStory,story_reviews_00476,3,Interesting but evidence-free story on ibuprofen skin patch,Ibuprofen patch heralds side effect free drug future,Reuters,http://www.reuters.com/article/us-ibuprofen-skinpatch-idUSKCN0VV1P2,https://www.healthnewsreview.org/review/interesting-but-evidence-free-story-on-ibuprofen-skin-patch/
HealthStory,story_reviews_00477,3,Vaginal ring for HIV prevention: a few details would have elevated good coverage to great,"A Vaginal Ring Could Prevent HIV, Two Huge Studies Just Found",BuzzFeed,http://www.buzzfeed.com/azeenghorayshi/vaginal-ring-prevents-hiv,https://www.healthnewsreview.org/review/vaginal-ring-for-hiv-prevention-small-details-would-have-elevated-good-coverage-to-great/
HealthStory,story_reviews_00478,5,"Informative, intelligent coverage of osteoporosis drug tradeoffs",More support for osteoporosis drugs,The Wall Street Journal,http://www.wsj.com/articles/more-support-for-osteoporosis-drugs-1455575920,https://www.healthnewsreview.org/review/informative-intelligent-coverage-of-osteoporosis-drug-tradeoffs/
HealthStory,story_reviews_00479,4,Acupuncture for fibromyalgia: a few small details would’ve improved a strong story,"Acupuncture May Help Ease Fibromyalgia Pain, Study Finds",Health Day,http://consumer.healthday.com/alternative-medicine-information-3/acupuncture-news-5/acupuncture-may-help-ease-fibromyalgia-pain-study-finds-708085.html,https://www.healthnewsreview.org/review/acupuncture-may-help-ease-fibromyalgia-pain-study-finds/
HealthStory,story_reviews_00480,3,Good AP story well told about research to help preemies,Blood-boosters may give tiny preemies a developmental edge,Associated Press,http://abcnews.go.com/Health/wireStory/blood-boosters-give-tiny-preemies-developmental-edge-36941698,https://www.healthnewsreview.org/review/good-ap-story-well-told-about-research-to-help-preemies/
HealthStory,story_reviews_00481,1,ADHD treatment news via lone anecdote more advertising than journalism,When medication doesn't work: Innovative program eases ADHD symptoms naturally,FoxNews.com,http://www.foxnews.com/health/2016/02/14/when-medication-doesnt-work-innovative-program-eases-adhd-symptoms-naturally.html,https://www.healthnewsreview.org/review/adhd-treatment-news-via-lone-anecdote-more-advertising-than-journalism/
HealthStory,story_reviews_00482,4,Independent voices boost coverage of potential opioid addiction treatment,Could This Opioid Implant Really End The Opioid Epidemic?,BuzzFeed,http://www.buzzfeed.com/danvergano/the-opioid-implant,https://www.healthnewsreview.org/review/independent-voices-bolster-coverage-of-potential-opioid-addiction-treatment/
HealthStory,story_reviews_00483,5,Outside commentary adds clarity to story on potential jet lag therapy,"Flashing night-lights may help lessen jet lag, circadian problems",Reuters Health,http://www.reuters.com/article/us-health-circadian-light-flashes-idUSKCN0VH20X,https://www.healthnewsreview.org/review/outside-commentary-adds-clarity-to-story-on-jet-lag-therapy/
HealthStory,story_reviews_00484,3,Story on light-based jet lag research goes dark on some key issues,Study finds new potential treatment for jet lag,CNN,http://www.cnn.com/2016/02/08/health/jet-lag-light-therapy-treatment/index.html,https://www.healthnewsreview.org/review/story-on-light-based-jet-lag-research-goes-dark-on-key-issues/
HealthStory,story_reviews_00485,2,"Excellent sourcing, but questionable anecdotes, for WSJ piece on same-day hip replacement",Same-Day Hip Replacement ,The Wall Street Journal,http://www.wsj.com/articles/same-day-hip-replacement-1454345289,https://www.healthnewsreview.org/review/excellent-sourcing-but-questionable-anecdotes-for-wsj-piece-on-same-day-hip-replacement/
HealthStory,story_reviews_00486,5,Transferring Mom’s bacteria to C-section babies — but what if the bugs aren’t all friendly?,Bacteria From Mother May Colonize Cesarean Births,The New York Times,http://well.blogs.nytimes.com/2016/02/01/post-cesarean-bacteria-transfer-could-change-health-for-life-study-shows/?ref=health&_r=0,https://www.healthnewsreview.org/review/transferring-moms-bacteria-to-c-section-babies-but-what-if-the-bugs-arent-all-friendly/
HealthStory,story_reviews_00487,3,How big is the reduction in breast cancer risk linked to a high-fiber diet? 16 percent or 0.2 percentage point?,A Diet High In Fiber May Help Protect Against Breast Cancer,NPR,http://www.npr.org/sections/thesalt/2016/02/01/464854395/a-diet-high-in-fiber-may-help-protect-against-breast-cancer,https://www.healthnewsreview.org/review/how-big-is-the-reduction-in-breast-cancer-risk-linked-to-a-high-fiber-diet-16-or-02/
HealthStory,story_reviews_00488,3,Multiple perspectives elevate CBS coverage of diet-breast cancer link,Teen eating habits may help cut breast cancer risk,CBSNews.com,http://www.cbsnews.com/news/high-fiber-diet-may-lower-breast-cancer-risk/,https://www.healthnewsreview.org/review/multiple-perspectives-elevate-cbs-coverage-of-diet-breast-cancer-link/
HealthStory,story_reviews_00489,4,Sexy but not sensational: STAT strikes the right balance on stem cell diabetes approach,Cell therapy in protective bubble offers hope for diabetes fix,STAT,http://www.statnews.com/2016/01/25/diabetes-cell-therapy/,https://www.healthnewsreview.org/review/sexy-but-not-sensational-stat-strikes-the-right-balance-on-stem-cell-diabetes-approach/
HealthStory,story_reviews_00490,3,New drug candidate yields “significant weight loss” — but what does that mean?,Zafgen reports promising results from weight-loss drug study,The Boston Globe,https://www.bostonglobe.com/business/2016/01/20/zafgen-reports-promising-results-from-weight-loss-drug-study/Goh8zgrpZRFPhFRgSS87jI/story.html,https://www.healthnewsreview.org/review/new-drug-candidate-results-in-significant-weight-loss-but-what-does-that-mean/
HealthStory,story_reviews_00491,4,"Saturday sleep-ins help prevent diabetes? Small, preliminary study got more attention than it deserved",Sleeping in on weekends may help reduce diabetes risk,Reuters Health,http://www.reuters.com/article/us-health-sleep-diabetes-idUSKCN0UW2BN,https://www.healthnewsreview.org/review/saturday-sleep-ins-help-prevent-diabetes-small-preliminary-study-got-more-attention-than-it-deserved/
HealthStory,story_reviews_00492,4,“Just add water” for student weight loss? Strong CBS report missed on costs and study limitations,School water coolers may help kids lose weight,CBSNews.com,http://www.cbsnews.com/news/school-water-coolers-may-help-kids-lose-weight/,https://www.healthnewsreview.org/review/just-add-water-student-weight-loss-strong-cbs-report-missed-costs-study-limitations/
HealthStory,story_reviews_00493,2,Stem cells for MS: “remarkable” testimonials risk raising false hopes,Cancer treatment offers MS patients hope after 'remarkable' trial results,The Guardian,http://www.theguardian.com/society/2016/jan/18/cancer-treatment-offers-ms-patients-hope-after-remarkable-trial-results,https://www.healthnewsreview.org/review/stem-cells-for-ms-remarkable-testimonials-risk-raising-false-hopes/
HealthStory,story_reviews_00494,2,Weak story on possible new cancer approach passes along news release claims uncritically,Health Buzz: Common Painkiller Fights Cancer; Diclofenac could be the next cancer treatment.,US News & World Report,http://health.usnews.com/health-news/health-wellness/articles/2016-01-13/common-painkiller-fights-cancer,https://www.healthnewsreview.org/review/health-buzz-common-painkiller-fights-cancer-diclofenac-next-cancer-treatment/
HealthStory,story_reviews_00495,5,"Thorough, thoughtful coverage of Task Force’s final mammogram recommendations",Panel Reasserts Mammogram Advice That Triggered Breast Cancer Debate,The New York Times,http://www.nytimes.com/2016/01/12/health/mammogram-breast-cancer-screen-advice-guidance.html?ref=health,https://www.healthnewsreview.org/review/panel-reasserts-mammogram-advice-triggered-breast-cancer-debate/
HealthStory,story_reviews_00496,4,Informative report on mammogram recommendations could have quantified lives saved,New breast cancer screening guidelines at odds with Congress,The Washington Post,https://www.washingtonpost.com/news/to-your-health/wp/2016/01/11/when-should-women-get-mammograms-congress-and-some-key-experts-disagree/,https://www.healthnewsreview.org/review/new-breast-cancer-screening-guidelines-odds-congress/
HealthStory,story_reviews_00497,2,"The Guardian’s bad hair day: No, cortisol in hair can’t “reveal future mental health risk” in children",Cortisol levels in children's hair may reveal future mental health risk,The Guardian,http://www.theguardian.com/society/2016/jan/07/cortisol-levels-in-childrens-hair-may-reveal-future-mental-health-risk,https://www.healthnewsreview.org/review/the-guardians-bad-hair-day-no-cortisol-in-hair-cant-reveal-future-mental-health-risk-in-children/
HealthStory,story_reviews_00498,1,Fox story advertises unproven stem cell therapy for COPD,How stem cell therapy may help treat COPD,FoxNews.com,http://www.foxnews.com/health/2016/01/07/how-stem-cell-therapy-may-help-treat-copd.html,https://www.healthnewsreview.org/review/stem-cell-therapy-may-help-treat-copd/
HealthStory,story_reviews_00499,2,US News “Best Diets” release rehashed as HealthDay story,"Report: DASH Diet Best Overall Eating Plan The MIND, Mediterranean and Fertility diets also get high marks for health",Health Day,http://consumer.healthday.com/vitamins-and-nutrition-information-27/food-and-nutrition-news-316/dash-diet-ranks-as-best-overall-eating-plan-706620.html,https://www.healthnewsreview.org/review/report-dash-diet-best-overall-eating-plan-mind-mediterranean-fertility-diets-also-get-high-marks-health/
HealthStory,story_reviews_00500,4,Tacos and neural tube defects: NPR deftly explains the connection,Why Tortillas May Hold The Key To Healthier Babies,NPR,http://www.npr.org/sections/thesalt/2016/01/04/456278520/why-tortillas-may-hold-the-key-to-healthier-babies,https://www.healthnewsreview.org/review/tortillas-may-hold-key-healthier-babies/
HealthStory,story_reviews_00501,3,Newer blood pressure meds “as good as old ones” — but at doing what exactly?,"Newer Blood Pressure Drugs as Good as Older Ones: Study Analysis indicates ACE inhibitors and ARBs are equally effective, researchers say",Health Day,http://consumer.healthday.com/circulatory-system-information-7/blood-pressure-news-70/newer-blood-pressure-drugs-as-good-as-older-ones-study-706619.html,https://www.healthnewsreview.org/review/newer-blood-pressure-drugs-good-older-ones-study-analysis-indicates-ace-inhibitors-arbs-equally-effective-researchers-say/
HealthStory,story_reviews_00502,4,A gloss over costs in coverage of competing blood pressure meds — but also some strengths,"New class of blood pressure meds as effective as old, analysis shows",The Washington Post,https://www.washingtonpost.com/news/to-your-health/wp/2016/01/04/new-class-of-blood-pressure-meds-as-effective-as-old-analysis-shows/,https://www.healthnewsreview.org/review/new-class-blood-pressure-meds-effective-old-analysis-shows/
HealthStory,story_reviews_00503,4,Got yoga? Generally thorough Times report doesn’t quantify size of bone health benefits,12 Minutes of Yoga for Better Bone Health,The New York Times,http://well.blogs.nytimes.com/2015/12/21/12-minutes-of-yoga-for-stronger-bones/?ref=health&_r=0,https://www.healthnewsreview.org/review/got-yoga-times-carefully-scrutinizes-possible-bone-health-benefits/
HealthStory,story_reviews_00504,4,Times overstates risks of planned vs. unplanned C-sections,"C-Sections Are Best With a Little Labor, a Study Says",The New York Times,http://well.blogs.nytimes.com/2015/12/14/c-sections-are-best-with-a-little-labor-a-study-says/?ref=health&_r=0,https://www.healthnewsreview.org/review/c-sections-best-little-labor-study-says/
HealthStory,story_reviews_00505,3,WSJ reports: Milk collected at night makes mice sleepy,"Got Night Milk? A Possible Treatment for Anxiety, Insomnia",The Wall Street Journal,http://www.wsj.com/articles/got-night-milk-a-possible-treatment-for-anxiety-insomnia-1449503741,https://www.healthnewsreview.org/review/got-night-milk-possible-treatment-anxiety-insomnia-animal-study-cites-increased-melatonin-tryptophan/
HealthStory,story_reviews_00506,4,"Marijuana oil and epilepsy: HealthDay underscores perils of uncontrolled, unblinded studies",Marijuana Chemical Shows Promise for Hard-to-Treat Epilepsy in Kids,Health Day,http://consumer.healthday.com/cognitive-health-information-26/epilepsy-news-235/medical-marijuana-shows-promise-for-hard-to-treat-epilepsy-in-kids-705896.html,https://www.healthnewsreview.org/review/marijuana-oil-and-epilepsy-healthday-underscores-perils-of-uncontrolled-studies/
HealthStory,story_reviews_00507,4,Post lays out limitations of study showing longer survival with breast cancer surgery,"Women with Stage 4 breast cancer survive longer if they have surgery, study shows",The Washington Post,https://www.washingtonpost.com/news/to-your-health/wp/2015/12/02/women-with-stage-4-breast-cancer-survive-longer-if-they-have-surgery-study-shows/,https://www.healthnewsreview.org/review/post-lays-out-limitations-of-study-showing-longer-survival-with-breast-cancer-surgery/
HealthStory,story_reviews_00508,1,CBS cures two diseases in one 400-word story,"""Bubble baby"" stem cell treatment looks like a cure ",CBSNews.com,http://www.cbsnews.com/news/experimental-bubble-baby-treatment-looks-like-a-cure/,https://www.healthnewsreview.org/review/cbs-cures-two-diseases-one-400-word-story/
HealthStory,story_reviews_00509,3,"Fox offers balanced look at infertility treatment alternative, but why is this news now?",The alternative infertility treatment that's helping some women get pregnant,FoxNews.com,http://www.foxnews.com/health/2015/11/29/alternative-infertility-treatment-thats-helping-some-women-get-pregnant.html?intcmp=trending,https://www.healthnewsreview.org/review/fox-offers-solid-look-at-infertility-treatment-alternative-but-why-is-this-news-now/
HealthStory,story_reviews_00510,5,A device to help people with panic attacks breathe easier? Inquirer gives readers the low-down, Panic disorder treatment could be breath of fresh air ,The Philadelphia Inquirer,http://www.philly.com/philly/health/mental-health/20151129_Panic_disorder_treatment_could_be_breath_of_fresh_air.html,https://www.healthnewsreview.org/review/panic-disorder-treatment-breath-fresh-air/
HealthStory,story_reviews_00511,4,Should light therapy be recommended for depression in general — not just in winter?,"Light therapy effective for treating depression, not just winter blues",The Washington Post,https://www.washingtonpost.com/news/to-your-health/wp/2015/11/18/light-therapy-effective-for-treating-depression-not-just-winter-blues/,https://www.healthnewsreview.org/review/light-therapy-effective-treating-depression-not-just-winter-blues/
HealthStory,story_reviews_00512,3,Could coffee “literally be a lifesaver”?,Coffee could literally be a lifesaver,CNN,http://www.cnn.com/2015/11/16/health/coffee-reduced-death-rate-study/index.html,https://www.healthnewsreview.org/review/coffee-literally-lifesaver/
HealthStory,story_reviews_00513,5,Will drinking coffee extend your life? STAT delivers a 5-star answer,Will drinking coffee extend your life? ,STAT,http://www.statnews.com/2015/11/16/coffee-extend-life/,https://www.healthnewsreview.org/review/will-drinking-coffee-extend-life/
HealthStory,story_reviews_00514,5,HealthDay carefully describes link between breastfeeding and preemie eye disease,Breast-Feeding Linked to Reduced Risk of Preemie Eye Problem,Health Day,http://consumer.healthday.com/women-s-health-information-34/breast-feeding-news-82/breastfeeding-reduces-risk-of-preemies-eye-problems-705253.html,https://www.healthnewsreview.org/review/healthday-carefully-describes-link-between-breastfeeding-and-preemie-eye-disease/
HealthStory,story_reviews_00515,2,"WSJ whiffs on meaningful aspects of new melanoma drug approval — including $17,600/month price tag",FDA Approves Roche’s Cotellic Treatment for Melanoma ,The Wall Street Journal,http://www.wsj.com/articles/fda-approves-roches-cotellic-treatment-for-melanoma-1447182496,https://www.healthnewsreview.org/review/fda-approves-roches-cotellic-treatment-melanoma-cotellic-approved-use-combination-another-medication-treat-advanced-melanoma/
HealthStory,story_reviews_00516,3,Coverage of “huge achievement” reported at news conference lacked context and a restraining voice,Medical First: Brain tumor breached with ultrasound ,The Boston Globe,http://www.statnews.com/2015/11/10/ultrasound-brain-tumor/,https://www.healthnewsreview.org/review/coverage-huge-achievement-reported-news-conference-lacked-context-restraining-voice/
HealthStory,story_reviews_00517,5,Get paid to take your pills? Strong Inquirer report covers all the ins and outs,Penn study: Pay patients to take their pills ,The Philadelphia Inquirer,http://www.philly.com/philly/health/20151109_Penn_study__pay_patients_to_take_their_pills.html,https://www.healthnewsreview.org/review/get-paid-to-take-your-pills-strong-inquirer-report-covers-all-the-ins-and-outs/
HealthStory,story_reviews_00518,4,Have better diets “saved more than one million people from dying”?,Better Diets May Be Extending Americans' Lives ,Health Day,http://consumer.healthday.com/cardiovascular-health-information-20/dieting-to-control-cholesterol-health-news-190/better-diets-may-be-extending-americans-lives-704834.html,https://www.healthnewsreview.org/review/better-diets-saved-one-million-people-dying/
HealthStory,story_reviews_00519,3,Uneven coverage of web-based suicide prevention program for doctors,STUDY: NEW DOCS' SUICIDAL THOUGHTS EASED WITH ONLINE THERAPY,Associated Press,http://www.foxnews.com/health/2015/11/04/study-new-docs-suicidal-thoughts-eased-with-online-therapy.html,https://www.healthnewsreview.org/review/study-new-docs-suicidal-thoughts-eased-online-therapy/
HealthStory,story_reviews_00520,4,Textured look at one health system’s relentless suicide prevention efforts,What Happens If You Try To Prevent Every Single Suicide?,NPR,http://www.npr.org/sections/health-shots/2015/11/02/452658644/what-happens-if-you-try-to-prevent-every-single-suicide,https://www.healthnewsreview.org/review/happens-try-prevent-every-single-suicide/
HealthStory,story_reviews_00521,3,Coverage of virus-based cancer treatment skimps on cautions and key outcomes,FDA approves cancer treatment that uses virus to attack tumors,The Boston Globe,http://www.bostonglobe.com/business/2015/10/27/fda-approves-first-cancer-killing-virus/GoITO2gDiYl6liKq3a0o5L/story.html?s_campaign=email_BG_TodaysHeadline&s_campaign=,https://www.healthnewsreview.org/review/coverage-of-virus-based-cancer-treatment-needed-more-on-cautions-and-key-outcomes/
HealthStory,story_reviews_00522,5,Is sugar “definitely toxic”?,"Sugar Is Definitely Toxic, a New Study Says",Time,http://time.com/4087775/sugar-is-definitely-toxic-a-new-study-says/,https://www.healthnewsreview.org/review/is-sugar-definitely-toxic/
HealthStory,story_reviews_00523,5,Thorough look at underuse of long-term reversible contraceptives,IUDs and Hormonal Implants Remain Underused Contraceptives,The New York Times,http://well.blogs.nytimes.com/2015/10/26/iuds-and-hormonal-implants-remain-underused-contraceptives/?ref=health&_r=0,https://www.healthnewsreview.org/review/times-examines-underuse-of-long-term-contraceptives/
HealthStory,story_reviews_00524,2,News release-based story on cancer drug lacks most of what readers need,Merck's Keytruda extends survival in lung cancer study,Reuters,http://www.reuters.com/article/2015/10/26/us-merck-keytruda-lung-idUSKCN0SK1VB20151026,https://www.healthnewsreview.org/review/news-release-based-story-cancer-drug-lacks-readers-need/
HealthStory,story_reviews_00525,3,Optimistic coverage of “portable gluten test” lacks some key context,Portable gluten test promises to ease dining woes,CBSNews.com,http://www.cbsnews.com/news/6sensorlabs-portable-gluten-test-promises-to-ease-dining-woes/,https://www.healthnewsreview.org/review/optimistic-coverage-of-portable-gluten-test-lacks-some-key-context/
HealthStory,story_reviews_00526,4,Evidence overstated in coverage of drug to reduce blood transfusions,"Could an Inexpensive, Underused Drug Reduce Blood Loss During Surgery? Study finds tranexamic acid reduces the need for blood transfusions during joint replacement procedures.",US News & World Report,http://health.usnews.com/health-news/patient-advice/articles/2015/10/20/could-an-inexpensive-underused-drug-reduce-blood-loss-during-surgery?int=98e708,https://www.healthnewsreview.org/review/framing-not-quite-balanced-in-coverage-of-drug-to-reduce-blood-transfusions/
HealthStory,story_reviews_00527,4,Times explores impact of integrated care model for schizophrenia treatment,Talk Therapy Found to Ease Schizophrenia,The New York Times,http://www.nytimes.com/2015/10/20/health/talk-therapy-found-to-ease-schizophrenia.html?ref=health&_r=0,https://www.healthnewsreview.org/review/times-captures-impact-of-new-less-drug-intensive-schizophrenia-treatment/
HealthStory,story_reviews_00528,5,How good is the flu shot? Vox delivers an exemplary answer,How well do flu shots work? Here’s what the science says.,Vox,http://www.vox.com/2015/10/14/9521807/flu-shot-vaccine-effectiveness,https://www.healthnewsreview.org/review/how-good-is-the-flu-shot-vox-delivers-an-exemplary-answer/
HealthStory,story_reviews_00529,3,"“Wine can help” those with type 2 diabetes, says LA Times, but benefits aren’t quantified (and are actually quite small)","Cheers! For those managing diabetes, wine can help, study says",Los Angeles Times,http://www.latimes.com/science/sciencenow/la-sci-sn-diabetes-wine-20151012-story.html,https://www.healthnewsreview.org/review/wine-can-help-those-with-type-2-diabetes-says-la-times-but-benefits-arent-quantified-and-are-actually-quite-small/
HealthStory,story_reviews_00530,5,Careful look at tradeoffs involved with double knee replacement,Why Double Knee Replacement Might Be Best ,The Wall Street Journal,http://www.wsj.com/articles/why-double-knee-replacement-may-be-best-1444664583,https://www.healthnewsreview.org/review/why-double-knee-replacement-might-be-best/
HealthStory,story_reviews_00531,4,Kids after cancer treatment? HealthDay breaks down evidence on ovarian transplant procedure,Ovarian Tissue Transplant Can Help Some Women Have Kids After Cancer Treatment Researchers in Denmark report a success rate of about 30 percent,Health Day,http://consumer.healthday.com/cancer-information-5/mis-cancer-news-102/ovarian-tissue-transplant-can-help-women-have-kids-after-cancer-treatment-703957.html,https://www.healthnewsreview.org/review/kids-after-cancer-treatment-healthday-breaks-down-evidence-on-ovarian-transplant-procedure/
HealthStory,story_reviews_00532,3,The blind shall “see”: Fox promotes new visual aid with one woman’s glowing testimonial,OrCam helps the blind math teacher 'see' again,FoxNews.com,http://www.foxnews.com/health/2015/10/07/orcam-helps-blind-see-again/,https://www.healthnewsreview.org/review/the-blind-shall-see-fox-promotes-new-visual-aid-with-one-womans-glowing-story/
HealthStory,story_reviews_00533,4,Optimal balance of competing views on value of CT heart scans,Heart Scan Can Fine-Tune Risk Estimate for Patients Considering Statins,The New York Times,http://www.nytimes.com/2015/10/06/health/heart-scan-can-fine-tune-risk-estimate-for-patients-considering-statins.html?ref=health,https://www.healthnewsreview.org/review/nice-balance-of-competing-views-on-value-of-ct-heart-scans/
HealthStory,story_reviews_00534,5,Deep dive into the ethics and evidence underlying genetic testing in depression treatment,"Genetic tests for psychiatric drugs spur hope, doubts",The Boston Globe,https://www.bostonglobe.com/metro/2015/10/03/genetic-screening-for-mental-health-grows-rapidly-despite-little-evidence-tests-work/Hak26cUCK38R4hMJK2wlZK/story.html,https://www.healthnewsreview.org/review/deep-dive-into-the-ethics-and-evidence-underlying-genetic-testing-in-psychiatry/
HealthStory,story_reviews_00535,1,US News story confused about difference between rats and people,"Health Buzz: Dried Plums May Reduce Colon Cancer Risk The sweet snack can affect gut bacteria, researchers say.",US News & World Report,http://health.usnews.com/health-news/health-wellness/articles/2015/09/29/dried-plums-may-reduce-colon-cancer-risk,https://www.healthnewsreview.org/review/us-news-story-confused-about-difference-between-rats-and-people/
HealthStory,story_reviews_00536,4,Home birth vs. hospital: Strong WSJ evaluation of new UK guidelines,"New Support for Home Births U.K. board NICE, in a surprise, rules having a baby at home is safer than a hospital in some low-risk pregnancies",The Wall Street Journal,http://www.wsj.com/articles/new-support-for-home-births-1443460410,https://www.healthnewsreview.org/review/home-birth-vs-hospital-strong-wsj-evaluation-new-uk-guidelines/
HealthStory,story_reviews_00537,5,A test that identifies women with breast cancer who can “skip chemo”? AP thoroughly analyzes the claim,"Some with early-stage breast cancer can skip chemo, study says",Associated Press,https://www.bostonglobe.com/lifestyle/health-wellness/2015/09/28/some-with-early-stage-breast-cancer-can-skip-chemo-study-says/rcSTHaktuEI9hBGfsYZBdO/story.html,https://www.healthnewsreview.org/review/a-test-identifies-women-with-breast-cancer-who-can-skip-chemo-ap-report-thoroughly-evaluates-the-claim/
HealthStory,story_reviews_00538,3,Ketamine for depression: NPR coverage leans too heavily on proponents,Club Drug Ketamine Gains Traction As A Treatment For Depression,NPR,http://www.npr.org/sections/health-shots/2015/09/28/443203592/club-drug-ketamine-gains-traction-as-a-treatment-for-depression,https://www.healthnewsreview.org/review/ketamine-for-depression-npr-coverage-leans-too-heavily-on-proponents/
HealthStory,story_reviews_00539,3,"With just 226 words, NYT can’t deliver needed context on Alzheimer’s agitation study",Combination Drug May Ease the Agitation of Alzheimer’s,The New York Times,http://well.blogs.nytimes.com/2015/09/24/combination-drug-may-ease-the-agitation-of-alzheimers/?ref=health&_r=0,https://www.healthnewsreview.org/review/226-words-not-enough-to-deliver-needed-context-on-alzheimers-agitation-study/
HealthStory,story_reviews_00540,2,A bowlful of ‘super berry’ claims backed by zero evidence,"'Super' berry may help boost memory, heart health",FoxNews.com,http://www.foxnews.com/health/2015/09/24/super-berry-may-help-boost-memory-heart-health/,https://www.healthnewsreview.org/review/a-bowlful-of-super-berry-claims-backed-by-zero-evidence/
HealthStory,story_reviews_00541,5,Texting your way to heart health? NPR thoroughly examines the evidence,"Text Reminders Help People Lower Cholesterol, Blood Pressure",NPR,http://www.npr.org/sections/health-shots/2015/09/22/442518139/text-reminders-help-people-lower-their-heart-disease-risk,https://www.healthnewsreview.org/review/texting-your-way-to-heart-health-npr-thoroughly-examines-the-evidence/
HealthStory,story_reviews_00542,0,Useful details in reporting on vaccine treatment for precancerous cervical lesions,Vaccine offers new hope for removing precancerous cervical lesions,Chicago Tribune,http://www.chicagotribune.com/lifestyles/health/sc-cervical-lesions-vaccine-health-0921-20150921-story.html,https://www.healthnewsreview.org/review/good-detail-in-reporting-on-vaccine-treatment-for-precancerous-cervical-lesions/
HealthStory,story_reviews_00543,4,Ginger for allergies? Pretty good brief about a mouse study is missing a few key elements,Powdered Ginger May Ease Seasonal Allergy Symptoms,The Wall Street Journal,http://www.wsj.com/articles/powdered-ginger-may-ease-seasonal-allergy-symptoms-1442853656,https://www.healthnewsreview.org/review/ginger-for-allergies-pretty-good-brief-about-a-mouse-study-is-missing-a-few-key-elements/
HealthStory,story_reviews_00544,3,A diabetes drug that “slashes deaths 32 pct” — what does that really mean?,Lilly diabetes drug slashes deaths 32 pct in heart-risk patients,Reuters,http://www.reuters.com/article/2015/09/17/us-eli-lilly-diabetes-idUSKCN0RH27220150917,https://www.healthnewsreview.org/review/a-drug-that-slashes-deaths-32-pct-what-does-that-really-mean/
HealthStory,story_reviews_00545,4,"Strong overall, NPR report on aspirin for heart protection would have benefited from more numbers","Panel Says Aspirin Lowers Heart Attack Risk For Some, But Not All",NPR,http://www.npr.org/sections/health-shots/2015/09/15/440337151/panel-says-aspirin-lowers-heart-attack-risk-for-some-but-not-all,https://www.healthnewsreview.org/review/thorough-npr-report-on-aspirin-would-have-benefited-from-more-numbers/
HealthStory,story_reviews_00546,5,Nuanced portrait of evidence on prevention benefits of vitamin D,"Vitamin D supplements: Panacea, placebo or something in between?",The Washington Post,https://www.washingtonpost.com/national/health-science/vitamin-d-supplements-panacea-placebo-or-something-in-between/2015/09/14/662699d2-469d-11e5-846d-02792f854297_story.html,https://www.healthnewsreview.org/review/vitamin-d-supplements-panacea-placebo-something/
HealthStory,story_reviews_00547,2,Resveratrol “may slow Alzheimer’s”? Not really,New Evidence Resveratrol May Slow Alzheimer’s,Time,http://time.com/4032194/red-wine-alzheimers/,https://www.healthnewsreview.org/review/resveratrol-may-slow-alzheimers-not-in-this-study/
HealthStory,story_reviews_00548,5,"Over-the-top headline aside, CNN frames resveratrol/Alzheimer’s study in cautious, accurate language","For Alzheimer's patients, resveratrol brings new hope",CNN,http://www.cnn.com/2015/09/11/health/resveratrol-hope-for-alzheimers-patients/,https://www.healthnewsreview.org/review/over-the-top-headline-aside-cnn-frames-resveratrolalzheimers-study-in-cautious-accurate-language/
HealthStory,story_reviews_00549,4,Bloomberg “liquid biopsy” story nods to “skepticism” in headline,Consumer Blood Test to Detect Cancer Hits Market Amid Skepticism,Bloomberg,http://www.bloomberg.com/news/articles/2015-09-10/consumer-blood-test-to-detect-cancer-hits-market-amid-skepticism,https://www.healthnewsreview.org/review/bloomberg-liquid-biopsy-story-nods-to-skepticism-in-headline/
HealthStory,story_reviews_00550,5,Reuters adds some cold water to direct-to-consumer ‘liquid biopsy’,Pathway launches 'liquid biopsy' to find cancer in healthy people,Reuters,http://www.reuters.com/article/2015/09/10/us-genomics-pathway-biopsy-idUSKCN0RA0NU20150910,https://www.healthnewsreview.org/review/reuters-pour-some-cold-water-on-direct-to-consumer-liquid-biopsy/
HealthStory,story_reviews_00551,3,Magic mushrooms for mental health? Shaky basis for story’s proposed “‘paradigm shift”,Psychedelics Promise a ‘Paradigm Shift’ in Treating Mental Illness,Newsweek,http://www.newsweek.com/psychedelics-promise-paradigm-shift-treating-mental-illness-369851,https://www.healthnewsreview.org/review/magic-mushrooms-for-mental-health-shaky-basis-for-storys-proposed-paradigm-shift/
HealthStory,story_reviews_00552,4,"With focus on one patient, story manages to convey complexity of T-cell therapy for leukemia",T-cell therapy results more modest than hoped for chronic leukemia,The Philadelphia Inquirer,http://www.philly.com/philly/health/20150907_T-cell_therapy_results_more_modest_than_hoped_for_chronic_leukemia.html,https://www.healthnewsreview.org/review/single-patient-anecdote-manages-to-convey-complexity-of-t-cell-therapy-for-leukemia/
HealthStory,story_reviews_00553,3,Why are so few women being treated for menopause symptoms? “Rational choice” not high on this story’s list of answers,Women are not getting treated for menopausal symptoms,Reuters Health,http://www.reuters.com/article/2015/08/31/us-health-menopause-idUSKCN0R01Y620150831,https://www.healthnewsreview.org/review/women-not-getting-treated-menopausal-symptoms/
HealthStory,story_reviews_00554,3,“Sleep Fights Colds”? Study author suggests headline flunks Methodology 101,"Sleep Fights Colds, Study Finds",NBCNews.com,http://www.nbcnews.com/health/health-news/sleep-fights-colds-study-finds-n419141,https://www.healthnewsreview.org/review/sleep-fights-colds-study-author-suggests-headline-flunks-methodology-101/
HealthStory,story_reviews_00555,3,Stem cells for spinal cord injury: story lacks detail on how improvements were defined and measured,Asterias's stem cell therapy shows promise in study,Reuters,http://www.reuters.com/article/2015/08/31/us-asterias-study-idUSKCN0R00ZP20150831,https://www.healthnewsreview.org/review/stem-cells-for-spinal-cord-injury-coverage-lacks-detail-on-how-benefits-were-defined-and-measured/
HealthStory,story_reviews_00556,3,Acupuncture for hot flashes: HealthDay strong on placebo effect discussion but missing other details,Acupuncture Best for Hot Flashes in Breast Cancer Survivors: Study,Health Day,http://consumer.healthday.com/alternative-medicine-information-3/acupuncture-news-5/acupuncture-beats-pills-for-hot-flashes-in-breast-cancer-survivors-702622.html,https://www.healthnewsreview.org/review/acupuncture-best-hot-flashes-breast-cancer-survivors-study-even-sham-acupuncture-beat-one-frequently-used-medication/
HealthStory,story_reviews_00557,5,"Harms, limitations explored in Reuters Health’s aspirin/colon cancer coverage",An aspirin a day – for years – may keep colon cancer away,Reuters Health,http://www.reuters.com/article/2015/08/24/us-health-colorectalcancer-prevention-idUSKCN0QT2CV20150824,https://www.healthnewsreview.org/review/aspirin-day-years-may-keep-colon-cancer-away/
HealthStory,story_reviews_00558,5,WSJ fills holes left by incomplete news release on beta-blockers and ovarian cancer,Heart Drug Linked to Extra Years for Cancer Patients,The Wall Street Journal,http://www.wsj.com/articles/heart-drug-linked-to-extra-years-for-cancer-patients-1440388800,https://www.healthnewsreview.org/review/wsj-fills-holes-left-by-incomplete-news-release-on-beta-blockers-and-ovarian-cancer/
HealthStory,story_reviews_00559,5,"Reader question on OTC pain relievers generates thorough, evidence-based response","Should you take Tylenol, Advil, or aspirin for pain? Here's what the evidence says.",Vox,http://www.vox.com/2015/8/17/9165189/best-painkiller-tylenol-aspirin-advil,https://www.healthnewsreview.org/review/reader-question-on-otc-pain-relievers-sparks-thorough-evidence-based-response/
HealthStory,story_reviews_00560,3,"Should you track your fat with a whole-body scan? Many experts would say no, but WSJ coverage lacked a critical voice",Too Much Fat? Try a Whole-Body Scan Procedure gives far more data than a body-mass index,The Wall Street Journal,http://www.wsj.com/articles/too-much-fat-try-a-whole-body-scan-1439828879,https://www.healthnewsreview.org/review/much-fat-try-whole-body-scan-procedure-gives-far-data-body-mass-index/
HealthStory,story_reviews_00561,3,"Can new psychotherapy help with deep, long-lasting grief? It’s “complicated,” says The Times",A Grief So Deep It Won’t Die,The New York Times,http://www.nytimes.com/2015/08/18/health/complicated-grief-so-deep-it-wont-die.html?ref=health&_r=0,https://www.healthnewsreview.org/review/grief-deep-wont-die/
HealthStory,story_reviews_00562,2,Video games as medicine? Sourcing a strong point in coverage of regulatory aspects,'Play This Video Game And Call Me In The Morning',NPR,http://www.npr.org/sections/health-shots/2015/08/17/432004332/play-this-video-game-and-call-me-in-the-morning,https://www.healthnewsreview.org/review/sourcing-a-strong-point-in-coverage-of-video-game-therapy-regulation/
HealthStory,story_reviews_00563,5,Strong report on study of broader multigene breast cancer testing,Testing for more breast cancer genes offers useful information,Reuters Health,http://www.reuters.com/article/2015/08/13/us-health-cancer-multigene-tests-idUSKCN0QI28B20150813,https://www.healthnewsreview.org/review/strong-report-on-study-of-broader-multigene-breast-cancer-testing/
HealthStory,story_reviews_00564,2,FDA approves first computer-based dementia assessment aid; thorough Post report falls just short on key aspects of coverage,FDA approves tool for diagnosing dementia in a doctor’s office,The Washington Post,http://www.washingtonpost.com/local/social-issues/fda-approves-marketing-of-convenient-tool-to-diagnose-dementia/2015/08/10/fe34689e-3d47-11e5-9c2d-ed991d848c48_story.html,https://www.healthnewsreview.org/review/fda-approves-first-computer-based-dementia-assessment-aid-thorough-post-report-falls-just-short-on-key-aspects-of-coverage/
HealthStory,story_reviews_00565,4,High score for HealthDay coverage of “scoring system” for colonoscopy candidates,'Scoring System' May Spot Those in Greatest Need of Colonoscopy; But one expert cautions that even 'low risk' patients can still develop suspicious polyps,Health Day,http://consumer.healthday.com/cancer-information-5/colon-cancer-news-96/scoring-system-might-spot-those-at-highest-need-of-colonoscopy-702042.html,https://www.healthnewsreview.org/review/high-score-healthday-coverage-scoring-system-colonoscopy-candidates/
HealthStory,story_reviews_00566,2,Important Alzheimer’s topic needed a second source for context,Better communication can help couples affected by Alzheimer’s,The Boston Globe,https://www.bostonglobe.com/lifestyle/2015/08/09/better-communication-can-help-couples-affected-alzheimer/t7gwwjiF73gkX1XhfJjPjO/story.html,https://www.healthnewsreview.org/review/important-alzheimers-topic-needed-a-second-source-for-context/
HealthStory,story_reviews_00567,2,FoxNews’ “Lasering Your Lady Parts” – 1 MD & 13 “cured” patients,Lasering your lady parts? New technology helps women revitalize sex life after menopause,FoxNews.com,http://www.foxnews.com/health/2015/08/05/lasering-your-lady-parts-new-technology-helps-women-revitalize-sex-life-after/,https://www.healthnewsreview.org/review/2-star-score-for-foxnews-lasering-your-lady-parts/
HealthStory,story_reviews_00568,1,“Surprising news” about teens & marijuana “all good” – really?,"Surprising news about teens, marijuana, and health issues. It’s all good.",The Washington Post,http://www.washingtonpost.com/news/to-your-health/wp/2015/08/05/good-news-about-teens-and-marijuana-no-links-to-depression-other-health-issues-new-study-says/,https://www.healthnewsreview.org/review/surprising-news-teens-marijuana-good-really/
HealthStory,story_reviews_00569,5,WSJ gives no green light for red palm oil as health aid,A Green Light for Red Palm Oil as Health Aid? Manufacturers cite healthy antioxidants and heart benefits,The Wall Street Journal,http://www.wsj.com/articles/a-green-light-for-red-palm-oil-as-health-aid-1438621978,https://www.healthnewsreview.org/review/wsj-gives-no-green-light-red-palm-oil-health-aid/
HealthStory,story_reviews_00570,1,Too soon for story to say that game app could help people with schizophrenia,Brain training app could help people with schizophrenia,Reuters,http://www.reuters.com/article/2015/08/03/us-health-schizophrenia-training-idUSKCN0Q81B620150803,https://www.healthnewsreview.org/review/brain-training-app-help-people-schizophrenia/
HealthStory,story_reviews_00571,4,"Solid reporting, but broader ethical/medical questions not addressed",How Well Does the Newly Approved Weight-Loss 'Balloon' Work? Expert notes it will probably only be effective for short-term weight loss,Health Day,http://consumer.healthday.com/public-health-information-30/food-and-drug-administration-news-315/how-does-the-newly-approved-weight-loss-balloon-device-work-701796.html,https://www.healthnewsreview.org/review/well-newly-approved-weight-loss-balloon-work-expert-notes-will-probably-effective-short-term-weight-loss/
HealthStory,story_reviews_00572,3,Story’s “one-two punch” for breast cancer could leave some women knocked out by side effects,One-two punch of two generics for breast cancer may be more powerful than wonder drug tamoxifen,The Washington Post,http://www.washingtonpost.com/news/to-your-health/wp/2015/07/27/breast-cancer-study-inexpensive-one-two-punch-of-combining-two-generics-may-be-more-powerful-than-wonder-drug-tamoxifen/,https://www.healthnewsreview.org/review/storys-one-two-punch-for-breast-cancer-leaves-some-women-knocked-out-by-side-effects/
HealthStory,story_reviews_00573,3,Evidence-based message on HPV vaccine would have benefited from more specifics,Gardasil: Yup. Still Safe.,Slate,http://www.slate.com/blogs/bad_astronomy/2015/07/27/gardasil_new_study_shows_it_s_safe.html,https://www.healthnewsreview.org/review/gardasil-yup-still-safe/
HealthStory,story_reviews_00574,3,WSJ business story on Alzheimer’s drugs missed key aspects of health angle,"Lilly’s Alzheimer’s Drug May Slow Patients’ Decline, Study Shows Separate study shows experimental Biogen drug also holds promise",The Wall Street Journal,http://www.wsj.com/articles/lillys-alzheimers-drug-may-slow-patients-decline-study-shows-1437562986,https://www.healthnewsreview.org/review/alzheimers-drugs/
HealthStory,story_reviews_00575,1,A pill that neutralizes gluten? Fox rehash of a CBC story reflects polluted health news stream,"Pill may make pizza, pasta safe for gluten-free diners",FoxNews.com,http://www.foxnews.com/health/2015/07/22/pill-may-make-pizza-pasta-safe-for-gluten-free-diners/,https://www.healthnewsreview.org/review/pill-allows-fox-rehashes-cbc-st/
HealthStory,story_reviews_00576,4,"Can you jog away from an early grave? This story gives a well-supported, evidence-based answer",What’s The Optimal Speed For Exercise? ,FiveThirtyEight,http://fivethirtyeight.com/features/whats-the-optimal-speed-for-exercise/,https://www.healthnewsreview.org/review/how-fast-should-you-run/
HealthStory,story_reviews_00577,3,Strong look at evidence underlying saliva test for Alzheimer’s,Could a Saliva Test Help Spot Alzheimer's?,Health Day,http://consumer.healthday.com/cognitive-health-information-26/alzheimer-s-news-20/could-a-saliva-test-help-spot-alzheimer-s-701366.html,https://www.healthnewsreview.org/review/strong-look-at-evidence-underlying-saliva-test-for-alzheimers/
HealthStory,story_reviews_00578,1,Saliva test for Alzheimer’s? Bare-bones report misses a host of concerns, Alzheimer’s May Show Up in Saliva,Time,http://time.com/3963430/alzheimers-test-saliva/,https://www.healthnewsreview.org/review/saliva-test-for-alzheimers/
HealthStory,story_reviews_00579,5,Thoughtful and thorough coverage on prenatal tests’ ability to find cancer in mothers,Prenatal Blood Tests Could Detect Cancer in Mothers,The Wall Street Journal,http://www.wsj.com/articles/prenatal-blood-tests-could-detect-cancer-in-mothers-1436818819,https://www.healthnewsreview.org/review/thoughtful-thorough-coverage-prenatal-tests-ability-find-cancer-mothers/
HealthStory,story_reviews_00580,2,Prenatal testing finds mother’s cancer — but CBS lost an opportunity to explain research’s broader relevance,Prenatal testing can detect cancer in pregnant mothers ,CBSNews.com,http://www.cbsnews.com/news/prenatal-testing-can-detect-cancer-in-pregnant-mothers/,https://www.healthnewsreview.org/review/prenatal-testing-finds-mothers-cancer-but-cbs-misses-opportunity-to-explain-researchs-broader-relevance/
HealthStory,story_reviews_00581,4,Costs and risks spelled out clearly in NBC report on statins,"More People Should Get Statins, Report Says",NBCNews.com,http://www.nbcnews.com/health/heart-health/more-people-should-get-statins-report-finds-n391936,https://www.healthnewsreview.org/review/costs-and-risks-spelled-out-clearly-in-nbc-report-on-statins/
HealthStory,story_reviews_00582,5,Comprehensive coverage of two new statin studies,2 Studies Back Guidelines for Wider Use of Statins,The New York Times,http://www.nytimes.com/2015/07/15/health/broader-statin-use-gets-support-from-2-new-studies.html?ref=health&_r=0,https://www.healthnewsreview.org/review/comprehensive-coverage-of-two-new-statin-studies/
HealthStory,story_reviews_00583,3,Need to shine a better light on after-sun products,A New Frontier in Sun Protection,The Wall Street Journal,http://www.wsj.com/articles/a-new-frontier-in-sun-protection-1436555970,https://www.healthnewsreview.org/review/need-to-shine-better-light-on-after-sun-products/
HealthStory,story_reviews_00584,5,"Business story on Entresto, newly approved heart failure drug, capably covers most of the health implications",F.D.A. Approves Heart Drug Entresto Said to Cut Death Risk by 20%,The New York Times,http://www.nytimes.com/2015/07/08/business/international/fda-approves-heart-drug-entresto-after-promising-trial-results.html?ref=health&_r=1,https://www.healthnewsreview.org/review/f-d-approves-heart-drug-entresto-said-cut-death-risk-20/
HealthStory,story_reviews_00585,2,Problems with evidence and anatomy in coverage of coronary calcium test,"Calcium Scan Can Predict Premature Death Risk, Study Says Noninvasive look at arteries may benefit people without obvious heart symptoms",Health Day,http://consumer.healthday.com/vitamins-and-nutrition-information-27/high-cholesterol-health-news-359/calcium-scan-can-predict-premature-death-risk-study-says-701059.html,https://www.healthnewsreview.org/review/problems-with-evidence-and-anatomy-in-coverage-of-coronary-calcium-test/
HealthStory,story_reviews_00586,3,Bariatric surgery for type 2 diabetes: informative WSJ report needed cost and complications info,"Weight-Loss Surgery Better Than Diet and Exercise in Treating Type 2 Diabetes, Study Finds",The Wall Street Journal,http://www.wsj.com/articles/weight-loss-surgery-better-than-diet-and-exercise-in-treating-type-2-diabetes-study-finds-1435763877,https://www.healthnewsreview.org/review/bariatric-surgery-for-type-2-diabetes-informative-wsj-report-needed-cost-and-harms-info/
HealthStory,story_reviews_00587,3,Story about “organ-on-a-chip” benefits could have used an independent voice,Organ-On-Chip Could Revolutionize Drug Testing,Newsweek,http://www.newsweek.com/organ-chip-could-revolutionize-drug-testing-349950,https://www.healthnewsreview.org/review/story-about-organ-on-a-chip-benefits-could-have-used-an-independent-voice/
HealthStory,story_reviews_00588,4,Strong report questions effectiveness of breast cancer screening — but needed a discussion of study limitations,Here's new evidence that widespread breast cancer screening isn't effective,Vox,http://www.vox.com/2015/7/6/8900751/breast-cancer-overdiagnosis,https://www.healthnewsreview.org/review/effectiveness-of-breast-cancer-screening/
HealthStory,story_reviews_00589,2,Transvaginal ultrasound to confirm placement of Essure device: Story based on a Bayer news release offers little information of value,FDA OKs second test to see if Essure contraceptive is placed right,Reuters,http://www.reuters.com/article/2015/07/01/us-bayer-fda-medical-device-idUSKCN0PB5AU20150701,https://www.healthnewsreview.org/review/transvaginal-ultrasound-to-confirm-placement-of-essure-device-story-based-on-a-bayer-news-release-offers-little-information-of-value/
HealthStory,story_reviews_00590,2,Benefits of readmission to same hospital for post-op complications: Coverage lacking in critical evaluation,"For post-op complications, go back to the same hospital: study",Reuters Health,http://www.reuters.com/article/2015/06/29/us-postop-complications-readmissions-idUSKCN0P92VQ20150629,https://www.healthnewsreview.org/review/benefits-of-readmission-to-same-hospital-for-post-op-complications-coverage-lacking-in-critical-evaluation/
HealthStory,story_reviews_00591,4,"Report on stroke clot-removal guidelines emphasizes need for careful patient selection, care coordination","Heart Association's Stroke Guidelines Support Clot-Removing Device If clot-busting drugs don't work, device can be used to pull the blockage out through the artery",Health Day,http://consumer.healthday.com/cardiovascular-health-information-20/misc-stroke-related-heart-news-360/new-heart-association-guidelines-recommend-blood-vessel-procedure-700846.html,https://www.healthnewsreview.org/review/report-on-stroke-clot-removal-guidelines-emphasizes-careful-patient-selection-need-for-care-coordination/
HealthStory,story_reviews_00592,2,"Report on “immersive” colonoscopy features lots of flash, but few evidence-supported facts","A virtual ""walk"" through the colon could detect cancer earlier",CBSNews.com,http://www.cbsnews.com/news/a-virtual-walk-through-the-colon-detects-cancer-earlier/,https://www.healthnewsreview.org/review/report-on-immersive-colonoscopy-features-lots-of-flash-but-few-evidence-supported-facts/
HealthStory,story_reviews_00593,3,"Fiber and your gut bacteria: coverage of small, preliminary study raises many questions, offers few answers",In Defense of Fiber: How Changing Your Diet Changes Your Gut Bacteria ,Time,http://time.com/3936636/diet-gut-bacteria/,https://www.healthnewsreview.org/review/fiber-and-your-gut-bacteria-coverage-of-small-preliminary-study-raises-many-questions-offers-few-answers/
HealthStory,story_reviews_00594,2,Nonsense masquerading as news in Fox coverage of “cancer-fighting spices”,Cancer-fighting spices offer flavorful way to eat healthy,FoxNews.com,http://www.foxnews.com/health/2015/06/30/cancer-fighting-spices-offer-flavorful-way-to-eat-healthy/,https://www.healthnewsreview.org/review/nonsense-masquerading-news-fox-coverage-cancer-fighting-spices/
HealthStory,story_reviews_00595,3,Waiting too long to challenge claims of “perfect accuracy” in a pancreatic cancer test,A blood test for pancreatic cancer may re-stack the odds in patients' favor,Los Angeles Times,http://www.latimes.com/science/sciencenow/la-sci-blood-test-pancreatic-cancer-20150624-story.html,https://www.healthnewsreview.org/review/blood-test-pancreatic-cancer-may-re-stack-odds-patients-favor/
HealthStory,story_reviews_00596,2,"Harms, limitations missing from news release-based coverage of pancreatic cancer test",MD Anderson researchers find potential way to detect pancreatic cancer early,Houston Chronicle,http://www.chron.com/local/prognosis/article/MD-Anderson-researchers-find-potential-way-to-6346813.php,https://www.healthnewsreview.org/review/harms-limitations-missing-from-news-release-based-coverage-of-pancreatic-cancer-test/
HealthStory,story_reviews_00597,2,Enthusiasm for “100% accurate” pancreatic cancer test does not reflect limited evidence quality,Blood Test Might Detect Deadly Pancreatic Cancer in Early Stages,NBCNews.com,http://www.nbcnews.com/health/cancer/blood-test-might-detect-deadly-pancreatic-cancer-early-stages-n381221,https://www.healthnewsreview.org/review/enthusiasm-for-100-accurate-pancreatic-cancer-test-does-not-reflect-limited-evidence-quality/
HealthStory,story_reviews_00598,2,Why is U.S. News allowing a Cleveland Clinic neurosurgeon to promote a device in its health news pages?,A Ray of Hope for Patients With Malignant Brain Tumors ,US News & World Report,http://health.usnews.com/health-news/patient-advice/articles/2015/06/24/a-ray-of-hope-for-patients-with-malignant-brain-tumors?int=98e708,https://www.healthnewsreview.org/review/why-is-u-s-news-allowing-a-neurosurgeon-to-promote-a-new-device-in-its-health-news-pages/
HealthStory,story_reviews_00599,0,WaPo hypes diet that “reboots” the body and “reduces cancer risk”; offers no supporting evidence,Here’s how a five-day diet that mimics fasting may ‘reboot’ the body and reduce cancer risk,The Washington Post,http://www.washingtonpost.com/news/to-your-health/wp/2015/06/22/heres-how-a-five-day-diet-that-mimics-fasting-may-reboot-the-body-and-reduce-cancer-risk/,https://www.healthnewsreview.org/review/wapo-hypes-diet-that-reboots-the-body-and-reduces-cancer-risk-offers-no-supporting-evidence/
HealthStory,story_reviews_00600,4,Compelling tale of heart innovation would have benefited from a few more details,Building a Better Valve ,The New York Times,http://www.nytimes.com/2015/06/22/health/heart-failure-aortic-valve-disease-tavr.html?ref=health&_r=0,https://www.healthnewsreview.org/review/compelling-tale-of-heart-innovation-would-have-benefited-from-a-few-more-details/
HealthStory,story_reviews_00601,4,1st half of story over promotes surgery-free appendicitis option,Surgery-free option for appendicitis could become the norm,CNN,http://www.cnn.com/2015/06/16/health/no-surgery-appendicitis/index.html,https://www.healthnewsreview.org/review/surgery-free-option-appendicitis-become-norm/
HealthStory,story_reviews_00602,4,Story on speculative metformin health benefits needed a nod to potential harms,An old-line diabetes drug may have new uses against diseases of aging,The Washington Post,http://www.washingtonpost.com/national/health-science/an-old-line-diabetes-drug-may-have-new-uses-against-diseases-of-aging/2015/06/15/6a16e83c-0a0f-11e5-9e39-0db921c47b93_story.html,https://www.healthnewsreview.org/review/story-on-speculative-metformin-health-benefits-needed-a-nod-to-potential-harms/
HealthStory,story_reviews_00603,3,Diet and exercise during pregnancy: benefits-focused discussion needed a bit more balance on harms,"Exercise, diet or both may protect against excess pregnancy weight",Reuters Health,http://www.reuters.com/article/2015/06/12/us-pregnancy-weight-diet-fitness-idUSKBN0OS2D220150612,https://www.healthnewsreview.org/review/diet-and-exercise-during-pregnancy-benefits-focused-discussion-needed-a-bit-more-balance-on-harms/
HealthStory,story_reviews_00604,4,"A first-person account of insomnia therapy focusing on “data, not pills”",The Evidence Points to a Better Way to Fight Insomnia ,The New York Times,http://www.nytimes.com/2015/06/09/upshot/the-evidence-points-to-a-better-way-to-fight-insomnia.html?_r=0&abt=0002&abg=0,https://www.healthnewsreview.org/review/a-first-person-account-of-insomnia-therapy-focusing-on-data-not-pills/
HealthStory,story_reviews_00605,3,"A diabetes drug study, and resulting news coverage, reflect problems with American health care",No heart safety issues seen with Merck Januvia diabetes drug: study ,Reuters,http://www.reuters.com/article/2015/06/08/us-diabetes-merck-idUSKBN0OO2EF20150608,https://www.healthnewsreview.org/review/diabetes-drug-study-resulting-news-coverage-reflect-problems-american-health-care/
HealthStory,story_reviews_00606,4,Inquirer emphasizes alternatives to brain games like Lumosity,Can brain games change behaviors long term?,The Philadelphia Inquirer,http://www.philly.com/philly/health/20150607_Can_brain_games_change_behaviors_long_term_.html,https://www.healthnewsreview.org/review/inquirer-emphasizes-alternatives-brain-games-like-lumosity/
HealthStory,story_reviews_00607,4,In search of better back pain treatment: NPR guides us to the right destination (with a few detours along the way),Lost Posture: Why Indigenous Cultures Don't Have Back Pain,NPR,http://www.npr.org/sections/goatsandsoda/2015/06/08/412314701/lost-posture-why-indigenous-cultures-dont-have-back-pain,https://www.healthnewsreview.org/review/in-search-of-better-back-pain-treatment-npr-guides-us-to-the-right-destination-with-a-few-detours/
HealthStory,story_reviews_00608,3,Antidepressants in pregnancy: absolute rates of harm would have improved risk message,"Antidepressants in pregnancy pose little risk to babies, study finds ",CBSNews.com,http://www.cbsnews.com/news/antidepressants-in-pregnancy-pose-little-risk-to-babies-study-finds/,https://www.healthnewsreview.org/review/antidepressants-in-pregnancy-absolute-rates-of-harm-would-have-improved-risk-message/
HealthStory,story_reviews_00609,3,"Incomplete, fear-mongering message from NBC’s “diet may kill prostate cancer survivors”",Average U.S. Diet May Kill Prostate Cancer Survivors ,NBCNews.com,http://www.nbcnews.com/health/cancer/average-u-s-diet-may-kill-prostate-cancer-survivors-n367841,https://www.healthnewsreview.org/review/incomplete-fear-mongering-message-from-nbcs-diet-may-kill-prostate-cancer-survivors/
HealthStory,story_reviews_00610,5,WSJ shines light on harms of whole-brain radiation for cancer that spreads to the brain,New Study Questions Use of Whole-Brain Radiation to Treat Cancer,The Wall Street Journal,http://www.wsj.com/articles/new-study-questions-use-of-whole-brain-radiation-to-treat-cancer-1433107097,https://www.healthnewsreview.org/review/wsj-shines-light-on-harms-of-whole-brain-radiation-for-cancer-that-spreads-to-the-brain/
HealthStory,story_reviews_00611,3,Keytruda and colon cancer: coverage of benefits not balanced with harms and cost info,Merck Drug Helps Colon Cancer Patients With DNA Repair Defect,Bloomberg,http://www.bloomberg.com/news/articles/2015-05-29/merck-drug-helps-colon-cancer-patients-with-dna-repair-defect,https://www.healthnewsreview.org/review/keytruda-and-colon-cancer-coverage-of-benefits-not-balanced-with-harms-and-cost-info/
HealthStory,story_reviews_00612,3,Survival statistic unbalances coverage of virus-based melanoma therapy,Scientists are using herpes to treat skin cancer — and it’s working,The Washington Post,http://www.washingtonpost.com/news/speaking-of-science/wp/2015/05/26/scientists-are-using-herpes-to-treat-skin-cancer-and-its-working/,https://www.healthnewsreview.org/review/emphasis-on-average-not-median-survival-detracts-from-coverage-of-virus-based-melanoma-therapy/
HealthStory,story_reviews_00613,4,Waiting to clamp the umbilical cord — NPR carefully balances discussion of benefits and harms,Delayed Umbilical Cord Clamping May Benefit Children Years Later,NPR,http://www.npr.org/sections/health-shots/2015/05/26/409697568/delayed-umbilical-cord-clamping-may-benefit-children-years-later,https://www.healthnewsreview.org/review/waiting-to-clamp-the-umbilical-cord-npr-carefully-balances-discussion-of-benefits-and-harms/
HealthStory,story_reviews_00614,4,Coverage of delayed umbilical cord clamping omits possible harms to baby and an important study limitation,Waiting a few minutes to cut umbilical cord helps baby,USA Today,http://www.usatoday.com/story/news/2015/05/26/umbilical-cord-clamping/27790669/,https://www.healthnewsreview.org/review/coverage-of-delayed-umbilical-cord-clamping-omits-possible-harms-to-baby-important-study-limitation/
HealthStory,story_reviews_00615,2,Not enough women getting bone scans for osteoporosis? Incomplete story fails to dig deeper than the news release,Too Many Women Who Need Bone Screening Aren't Getting It ,Health Day,http://consumer.healthday.com/bone-and-joint-information-4/bone-joint-and-tendon-news-72/too-many-women-who-need-bone-screening-aren-t-getting-it-699578.html,https://www.healthnewsreview.org/review/not-enough-women-getting-bone-scans-for-osteoporosis-incomplete-story-fails-to-dig-deeper-than-the-news-release/
HealthStory,story_reviews_00616,3,Predicting Alzheimer’s: What two new studies add and how the Times covered them,Studies Confirm Brain Plaque Can Help Predict Alzheimer’s,The New York Times,http://www.nytimes.com/2015/05/20/health/studies-confirm-brain-plaque-can-help-predict-alzheimers.html?_r=0,https://www.healthnewsreview.org/review/predicting-alzheimers-what-two-new-studies-add-and-how-the-times-covered-them/
HealthStory,story_reviews_00617,1,Weak CBS story on IBS test has same problems as related med center news release,New tests offer hope for millions of patients with irritable bowel syndrome,CBSNews.com,http://www.cbsnews.com/news/irritable-bowel-syndrome-ibs-new-blood-tests/,https://www.healthnewsreview.org/review/weak-cbs-story-on-ibs-test-has-same-problems-as-related-med-center-news-release/
HealthStory,story_reviews_00618,3,"Post coverage of new lung cancer test misses on caveats, costs, and harms","New test could sharply reduce risky, costly lung cancer biopsies",The Washington Post,http://www.washingtonpost.com/news/to-your-health/wp/2015/05/17/new-test-could-sharply-reduce-risky-costly-lung-cancer-biopsies/,https://www.healthnewsreview.org/review/post-coverage-of-new-lung-cancer-test-misses-on-caveats-costs-and-harms/
HealthStory,story_reviews_00619,3,Rosy CBS report on vitamin study lacks meaningful description of skin cancer impact,Vitamin B3 could help reduce skin cancer risk,CBSNews.com,http://www.cbsnews.com/news/vitamin-b3-could-help-reduce-skin-cancer-risk/,https://www.healthnewsreview.org/review/rosy-cbs-report-on-vitamin-study-lacks-meaningful-description-of-skin-cancer-impact/
HealthStory,story_reviews_00620,5,"Balanced, complete evaluation of study on vitamin supplements for skin cancer prevention",Study: Vitamin B3 may help prevent certain skin cancers,Associated Press,http://abcnews.go.com/Health/wireStory/study-vitamin-b3-prevent-skin-cancers-31024391,https://www.healthnewsreview.org/review/balanced-complete-evaluation-of-study-on-vitamin-supplement-for-skin-cancer-prevention/
HealthStory,story_reviews_00621,4,Mediterranean diet and cognitive function: Solid WSJ report would’ve benefited from cost info,"Mediterranean Diet Boosts Brain Power, Clinical Study Finds",The Wall Street Journal,http://www.wsj.com/articles/mediterranean-diet-boosts-brain-power-study-finds-1431356748?mod=mktw,https://www.healthnewsreview.org/review/mediterranean-diet-boosts-brain-power-clinical-study-finds/
HealthStory,story_reviews_00622,2,Bold claims for migraine treatment are based on opinions and anecdote in this story," For Headaches, A Lifestyle Change May Be Better Than A Doctor Visit ",NPR,http://www.npr.org/blogs/health/2015/05/11/404693609/for-headache-pain-a-lifestyle-change-may-be-better-than-a-doctor-visit,https://www.healthnewsreview.org/review/bold-claims-for-migraine-treatment-are-based-on-opinions-and-anecdote-in-this-story/
HealthStory,story_reviews_00623,5,"Balanced, insightful report on tradeoffs of treating premature babies at edge of survival",Premature Babies May Benefit From Intensive-Care Treatment,The Wall Street Journal,http://www.wsj.com/articles/premature-babies-may-benefit-from-intensive-care-treatment-1430995819,https://www.healthnewsreview.org/review/balanced-insightful-report-on-tradeoffs-of-treating-premature-babies-at-edge-of-survival/
HealthStory,story_reviews_00624,3,Unbalanced Times column reflects coffee confirmation bias,More Consensus on Coffee’s Benefits Than You Might Think,The New York Times,http://www.nytimes.com/2015/05/12/upshot/more-consensus-on-coffees-benefits-than-you-might-think.html?_r=0&abt=0002&abg=1,https://www.healthnewsreview.org/review/unbalanced-times-report-reflects-coffee-confirmation-bias/
HealthStory,story_reviews_00625,5,The Times offers informative breakdown on the value of lung cancer screening,On Medicare and Assessing the Value of Lung Cancer Screening,The New York Times,http://www.nytimes.com/2015/05/12/health/on-medicare-and-assessing-the-value-of-lung-cancer-screening.html,https://www.healthnewsreview.org/review/medicare-assessing-value-lung-cancer-screening/
HealthStory,story_reviews_00626,5,Philadelphia Inquirer highlights FDA “loophole” allowing use of heart device without testing,Penn study questions Lariat device to prevent stroke in heart patients,The Philadelphia Inquirer,http://www.philly.com/philly/health/hearthealth/20150505_Penn_study_questions_Lariat_device_to_prevent_stroke_in_heart_patients.html,https://www.healthnewsreview.org/review/penn-study-questions-lariat-device-prevent-stroke-heart-patients/
HealthStory,story_reviews_00627,4,"Fox story points to key limitations of study on massage therapy for infertility, but misses high study dropout rate",Can massage therapy treat infertility?,FoxNews.com,http://www.foxnews.com/health/2015/05/01/can-massage-therapy-treat-infertility/,https://www.healthnewsreview.org/review/ox-story-points-to-key-limitations-of-study-on-massage-therapy-for-infertility-but-misses-65-study-dropout-rate/
HealthStory,story_reviews_00628,2,Over-emphasis on fructose obscures larger science-based message: too much of any sugar is bad for you,Fructose May Increase Cravings for High-Calorie Foods,The New York Times,http://well.blogs.nytimes.com/2015/05/04/fructose-may-increase-cravings-for-high-calorie-foods/?ref=health&_r=0,https://www.healthnewsreview.org/review/over-emphasis-on-fructose-obscures-larger-science-based-message-too-much-of-any-sugar-is-bad-for-you/
HealthStory,story_reviews_00629,3,Coverage of “better” HIV self test doesn’t support the claim,The U.K.’s New At-Home HIV Test Is Better Than Anything We Have In The U.S. ,FiveThirtyEight,http://fivethirtyeight.com/datalab/the-u-k-s-new-at-home-hiv-test-is-better-than-anything-we-have-in-the-u-s/,https://www.healthnewsreview.org/review/coverage-of-better-hiv-self-test-doesnt-support-the-claim/
HealthStory,story_reviews_00630,4,Fox story fails to dent dubious hair-growth helmet claims,New helmet technology helping patients tackle baldness,FoxNews.com,http://www.foxnews.com/health/2015/04/26/helmet-to-regrow-hair/,https://www.healthnewsreview.org/review/new-helmet-technology-helping-patients-tackle-baldness/
HealthStory,story_reviews_00631,5,The Times shines in coverage of new injection for double chins, Injection Offers Option to Slim Down Double Chin Without Surgery,The New York Times,http://www.nytimes.com/2015/05/01/health/injection-kybella-double-chin.html?ref=health&_r=0,https://www.healthnewsreview.org/review/times-shines-in-coverage-of-new-injection-for-double-chins/
HealthStory,story_reviews_00632,3,Post coverage of chin fat drug lacks key specifics and an independent perspective,The new Botox? FDA approves an injection to fight double chins ,The Washington Post,http://www.washingtonpost.com/news/to-your-health/wp/2015/04/29/the-new-botox-fda-approves-an-injection-to-fight-double-chins/,https://www.healthnewsreview.org/review/post-coverage-of-chin-fat-drug-lacks-key-specifics-and-an-independent-perspective/
HealthStory,story_reviews_00633,3,More incomplete coverage on the benefits of new cholesterol drugs,New drugs show promise for treating high cholesterol ,CBSNews.com,http://www.cbsnews.com/news/new-class-of-drugs-treating-high-cholesterol/,https://www.healthnewsreview.org/review/new-drugs-show-promise-treating-high-cholesterol/
HealthStory,story_reviews_00634,2,"Feel-good story about CPR is long on emotion, short on sobering reality of low success rates","At gathering, living proof that CPR can save cardiac-arrest victims",The Philadelphia Inquirer,http://www.philly.com/philly/health/20150426_At_gathering__living_proof_that_CPR_can_save_cardiac-arrest_victims.html,https://www.healthnewsreview.org/review/gathering-living-proof-cpr-can-save-cardiac-arrest-victims/
HealthStory,story_reviews_00635,4,Potential harms missing in coverage of Color Genomics cancer test,Color Genomics Sells $249 Breast Cancer Gene Test to Masses,Bloomberg,http://www.bloomberg.com/news/articles/2015-04-21/color-genomics-brings-245-breast-cancer-risk-test-kit-to-masses,https://www.healthnewsreview.org/review/color-genomics-sells-249-breast-cancer-gene-test-masses/
HealthStory,story_reviews_00636,3,Aspirin for cancer prevention: A few small details would make a big difference in this story,"Aspirin May Help Ward Off Gastro Cancers, Study Finds",Health Day,http://consumer.healthday.com/general-health-information-16/aspirin-news-46/aspirin-appears-to-help-ward-off-gastro-cancers-698461.html,https://www.healthnewsreview.org/review/aspirin-may-help-ward-off-gastro-cancers-study-finds/
HealthStory,story_reviews_00637,2,"Story on new melanoma drug combo neglects to mention $250,000 price tag", Bristol-Myers immunotherapy combo promising in melanoma: study,Reuters,http://www.reuters.com/article/2015/04/20/us-bristolmyers-immunotherapy-idUSKBN0NB1AJ20150420,https://www.healthnewsreview.org/review/bristol-myers-immunotherapy-combo-promising-melanoma-study/
HealthStory,story_reviews_00638,2,"Labeled as “news”, one MD’s opinion on pap smear/pelvic exam guidelines",The real importance of getting a pap smear and pelvic exam,FoxNews.com,http://www.foxnews.com/health/2015/04/13/real-importance-getting-pap-and-pelvic-exam/,https://www.healthnewsreview.org/review/labeled-news-one-mds-opinion-pap-smearpelvic-exam-guidelines/
HealthStory,story_reviews_00639,2,Autism brain imaging story didn’t deliver clear picture,Toddler brain images reveal which may have autism and struggle with language,The Washington Post,http://www.washingtonpost.com/news/to-your-health/wp/2015/04/09/brain-images-appear-to-predict-which-toddlers-may-have-autism-and-struggle-with-language/,https://www.healthnewsreview.org/review/autism-brain-imaging-story-didnt-deliver-clear-picture/
HealthStory,story_reviews_00640,5,"New skin cancer radiation treatment – 5 star story, but….",Skin Cancer Removal With Miniaturized Radiation,The Wall Street Journal,http://www.wsj.com/articles/skin-cancer-removal-with-miniaturized-radiation-1428358712,https://www.healthnewsreview.org/review/new-skin-cancer-radiation-treatment-5-star-story-but/
HealthStory,story_reviews_00641,3,More likely to frighten than inform,Pregnant Women: Get More Omega-3s,US News & World Report,http://health.usnews.com/health-news/health-wellness/articles/2015/04/03/pregnant-women-get-more-omega-3s?int=98e708,https://www.healthnewsreview.org/review/omega3-story-more-likely-to-frighten-than-inform/
HealthStory,story_reviews_00642,2,Managing the stress of cancer,Managing the stress of cancer,The Boston Globe,http://www.bostonglobe.com/lifestyle/health-wellness/2015/04/03/deepbreath/9ZLuo38hJKJQUJbxn3yX5I/story.html#,https://www.healthnewsreview.org/review/managing-the-stress-of-cancer/
HealthStory,story_reviews_00643,4,Learning to Say No to Dialysis,Learning to Say No to Dialysis,The New York Times,http://www.nytimes.com/2015/03/31/health/learning-to-say-no-to-dialysis.html,https://www.healthnewsreview.org/review/learning-to-say-no-to-dialysis/
HealthStory,story_reviews_00644,2,The MIND diet: 10 foods that fight Alzheimer’s (and 5 to avoid),The MIND diet: 10 foods that fight Alzheimer’s (and 5 to avoid),CBSNews.com,http://www.cbsnews.com/media/mind-diet-foods-avoid-alzheimers-boost-brain-health/,https://www.healthnewsreview.org/review/the-mind-diet-10-foods-that-fight-alzheimers-and-5-to-avoid/
HealthStory,story_reviews_00645,3,Why Doctors Are Trying A Skin Cancer Drug To Treat A Brain Tumor,Why Doctors Are Trying A Skin Cancer Drug To Treat A Brain Tumor,NPR,http://www.npr.org/blogs/health/2015/03/26/394327128/why-doctors-are-trying-a-skin-cancer-drug-to-treat-a-brain-tumor,https://www.healthnewsreview.org/review/why-doctors-are-trying-a-skin-cancer-drug-to-treat-a-brain-tumor/
HealthStory,story_reviews_00646,4,Experts Back Angelina Jolie Pitt in Choices for Cancer Prevention,Experts Back Angelina Jolie Pitt in Choices for Cancer Prevention,The New York Times,http://www.nytimes.com/2015/03/25/science/experts-back-angelina-jolie-pitt-in-choices-for-cancer-prevention.html,https://www.healthnewsreview.org/review/experts-back-angelina-jolie-pitt-in-choices-for-cancer-prevention/
HealthStory,story_reviews_00647,3,Vitamin D supplements may slow prostate cancer,Vitamin D supplements may slow prostate cancer,HealthDay,http://consumer.healthday.com/cancer-information-5/mis-cancer-news-102/vitamin-d-supplements-might-slow-prostate-cancer-study-suggests-697648.html,https://www.healthnewsreview.org/review/vitamin-d-supplements-may-slow-prostate-cancer/
HealthStory,story_reviews_00648,2,"Artificial sweetener may help treat aggressive cancers, study finds","Artificial sweetener may help treat aggressive cancers, study finds",,http://www.foxnews.com/health/2015/03/23/artificial-sweetener-may-help-treat-aggressive-cancers-study-finds/,https://www.healthnewsreview.org/review/artificial-sweetener-may-help-treat-aggressive-cancers-study-finds/
HealthStory,story_reviews_00649,3,Men Are New Target for Osteoporosis Treatment,Men Are New Target for Osteoporosis Treatment,The Wall Street Journal,http://www.wsj.com/articles/men-are-new-target-for-osteoporosis-treatment-1427125978,https://www.healthnewsreview.org/review/men-are-new-target-for-osteoporosis-treatment/
HealthStory,story_reviews_00650,4,"E-cigarettes: Helping smokers quit, or fueling a new addiction?","E-cigarettes: Helping smokers quit, or fueling a new addiction?",CNN,http://www.cnn.com/2015/03/23/health/e-cigarettes-smoking-addiction-nicotine/index.html,https://www.healthnewsreview.org/review/e-cigarettes-helping-smokers-quit-or-fueling-a-new-addiction/
HealthStory,story_reviews_00651,4,Non-prescription allergy relief: what you need to know,Non-prescription allergy relief: what you need to know,USA Today,http://www.usatoday.com/story/news/2015/03/22/non-prescription-allergy-treatment/24845259/,https://www.healthnewsreview.org/review/non-prescription-allergy-relief-what-you-need-to-know/
HealthStory,story_reviews_00652,3,A Simple 3-Part Test May Predict Alzheimer’s,A Simple 3-Part Test May Predict Alzheimer’s,TIME,http://time.com/3749130/alzheimers-test-dementia/,https://www.healthnewsreview.org/review/a-simple-3-part-test-may-predict-alzheimers/
HealthStory,story_reviews_00653,4,Breast biopsy accuracy is questioned in experimental study,Breast biopsy accuracy is questioned in experimental study,AP Associated Press,http://tucson.com/news/science/health-med-fit/breast-biopsy-accuracy-is-questioned-in-experimental-study/article_f2d6e47d-bbf0-5684-8539-f6b859ba96c6.html,https://www.healthnewsreview.org/review/breast-biopsy-accuracy-is-questioned-in-experimental-study/
HealthStory,story_reviews_00654,5,"Manual Clot Removal After Heart Attack May Not Help, Could Harm","Manual Clot Removal After Heart Attack May Not Help, Could Harm",HealthDay,http://consumer.healthday.com/cardiovascular-health-information-20/angioplasty-news-26/manual-clot-removal-after-heart-attack-may-not-help-could-harm-697481.html,https://www.healthnewsreview.org/review/manual-clot-removal-after-heart-attack-may-not-help-could-harm/
HealthStory,story_reviews_00655,4,Can Personal Air Purifiers Keep Cold and Flu Bugs Away?,Can Personal Air Purifiers Keep Cold and Flu Bugs Away?,The Wall Street Journal,http://www.wsj.com/articles/can-personal-air-purifiers-keep-cold-and-flu-bugs-away-1426523645,https://www.healthnewsreview.org/review/can-personal-air-purifiers-keep-cold-and-flu-bugs-away/
HealthStory,story_reviews_00656,4,Studies boost hopes for new class of cholesterol medicines,Studies boost hopes for new class of cholesterol medicines,AP Associated Press,http://www.philly.com/philly/health/hearthealth/20150315_ap_04e14045cafa4111b1207602f3df6198.html#SdPp3l24qqyHpT7K.99,https://www.healthnewsreview.org/review/studies-boost-hopes-for-new-class-of-cholesterol-medicines/
HealthStory,story_reviews_00657,5,Tests of Cholesterol Drugs Offer Hope of Reducing Heart Attacks and Strokes,Tests of Cholesterol Drugs Offer Hope of Reducing Heart Attacks and Strokes,The New York Times,http://www.nytimes.com/2015/03/16/business/tests-of-cholesterol-drugs-offer-hope-of-reducing-heart-attacks-and-strokes.html,https://www.healthnewsreview.org/review/tests-of-cholesterol-drugs-offer-hope-of-reducing-heart-attacks-and-strokes/
HealthStory,story_reviews_00658,4,Stress Test or 3-D Scan? And the Best Heart Exam Is …,Stress Test or 3-D Scan? And the Best Heart Exam Is …,,http://www.nbcnews.com/health/heart-health/stress-test-or-3-d-scan-best-heart-exam-n323316,https://www.healthnewsreview.org/review/stress-test-or-3-d-scan-and-the-best-heart-exam-is/
HealthStory,story_reviews_00659,3,A Simple Flashcard Test to Detect Concussions,A Simple Flashcard Test to Detect Concussions,The New York Times,http://well.blogs.nytimes.com/2015/03/11/a-2-minute-test-to-detect-concussions/?rref=health&module=Ribbon&version=context&region=Header&action=click&contentCollection=Health&pgtype=Blogs,https://www.healthnewsreview.org/review/a-simple-flashcard-test-to-detect-concussions/
HealthStory,story_reviews_00660,2,College kids make robotic arms for children without real ones,College kids make robotic arms for children without real ones,CNN,http://www.cnn.com/2015/03/06/health/ucf-3d-printed-arms-for-kids/index.html,https://www.healthnewsreview.org/review/college-kids-make-robotic-arms-for-children-without-real-ones/
HealthStory,story_reviews_00661,2,"Vegetarians who ate fish had lowest colorectal cancer risk, study says","Vegetarians who ate fish had lowest colorectal cancer risk, study says",Los Angeles Times,http://www.latimes.com/science/sciencenow/la-sci-sn-vegetarian-diet-fish-colorectal-cancer-20150309-story.html,https://www.healthnewsreview.org/review/vegetarians-who-ate-fish-had-lowest-colorectal-cancer-risk-study-says/
HealthStory,story_reviews_00662,3,Electric ‘noise’ treats Parkinson’s symptoms,Electric ‘noise’ treats Parkinson’s symptoms,Reuters,http://www.reuters.com/article/2015/03/09/us-sweden-parkinsons-device-idUSKBN0M512020150309,https://www.healthnewsreview.org/review/electric-noise-treats-parkinsons-symptoms/
HealthStory,story_reviews_00663,4,The Gentle Cesarean: More Like A Birth Than An Operation,The Gentle Cesarean: More Like A Birth Than An Operation,NPR,http://www.npr.org/blogs/health/2015/03/09/390977656/the-gentle-cesarean-more-like-a-birth-than-an-operation,https://www.healthnewsreview.org/review/the-gentle-cesarean-more-like-a-birth-than-an-operation/
HealthStory,story_reviews_00664,4,Walk A Little Faster To Get The Most Out of Your Exercise Time,Walk A Little Faster To Get The Most Out of Your Exercise Time,NPR,http://www.npr.org/blogs/health/2015/03/02/390230746/walk-a-little-faster-to-get-the-most-out-of-your-exercise-time,https://www.healthnewsreview.org/review/walk-a-little-faster-to-get-the-most-out-of-your-exercise-time/
HealthStory,story_reviews_00665,3,Intent on surviving another decade? Ace this test,Intent on surviving another decade? Ace this test,Los Angeles Times,http://www.latimes.com/science/sciencenow/la-sci-sn-ten-year-survival-test-20150302-story.html,https://www.healthnewsreview.org/review/intent-on-surviving-another-decade-ace-this-test/
HealthStory,story_reviews_00666,2,How a New Treadmill Test Predicts ‘Survival of the Fittest’,How a New Treadmill Test Predicts ‘Survival of the Fittest’,,http://abcnews.go.com/Health/treadmill-test-predicts-survival-fittest/story?id=29331839,https://www.healthnewsreview.org/review/how-a-new-treadmill-test-predicts-survival-of-the-fittest/
HealthStory,story_reviews_00667,2,Young girl’s story may lead Idaho to approve marijuana oil,Young girl’s story may lead Idaho to approve marijuana oil,AP Associated Press,http://abcnews.go.com/Health/wireStory/young-girls-story-lead-idaho-approve-marijuana-oil-29308553,https://www.healthnewsreview.org/review/young-girls-story-may-lead-idaho-to-approve-marijuana-oil/
HealthStory,story_reviews_00668,2,Sex in Old Age May Lead to a Sharper Mind,Sex in Old Age May Lead to a Sharper Mind,The Wall Street Journal,http://www.wsj.com/articles/sex-in-old-age-may-lead-to-a-sharper-mind-1425316336,https://www.healthnewsreview.org/review/sex-in-old-age-may-lead-to-a-sharper-mind/
HealthStory,story_reviews_00669,4,Should Pregnant Women Eat More Tuna?,Should Pregnant Women Eat More Tuna?,The New York Times,http://well.blogs.nytimes.com/2015/03/02/should-pregnant-women-eat-more-tuna/?ref=health,https://www.healthnewsreview.org/review/should-pregnant-women-eat-more-tuna/
HealthStory,story_reviews_00670,2,Nerve Treatment Via Nose Shows Promise Against Migraines,Nerve Treatment Via Nose Shows Promise Against Migraines,Health Day,http://consumer.healthday.com/cognitive-health-information-26/brain-health-news-80/nasal-cavity-anesthetic-shows-promise-against-migraines-696870.html,https://www.healthnewsreview.org/review/nerve-treatment-via-nose-shows-promise-against-migraines/
HealthStory,story_reviews_00671,4,App ‘trains’ your brain to see better,App ‘trains’ your brain to see better,,http://www.foxnews.com/health/2015/02/26/app-trains-your-brain-to-see-better/,https://www.healthnewsreview.org/review/app-trains-your-brain-to-see-better/
HealthStory,story_reviews_00672,3,"Weight-Loss Surgery May Lower Some Pregnancy Complications, Raise Others","Weight-Loss Surgery May Lower Some Pregnancy Complications, Raise Others",Health Day,http://consumer.healthday.com/vitamins-and-nutrition-information-27/obesity-health-news-505/weight-loss-surgery-may-lower-some-pregnancy-complications-raise-others-696854.html,https://www.healthnewsreview.org/review/weight-loss-surgery-may-lower-some-pregnancy-complications-raise-others/
HealthStory,story_reviews_00673,4,Phone support can help ease postpartum depression,Phone support can help ease postpartum depression,Reuters Health,http://www.reuters.com/article/2015/02/24/us-postpartum-depression-phone-support-idUSKBN0LS2LS20150224,https://www.healthnewsreview.org/review/phone-support-can-help-ease-postpartum-depression/
HealthStory,story_reviews_00674,4,Lay off the mega-doses of Vitamin D,Lay off the mega-doses of Vitamin D,The Washington Post,http://www.washingtonpost.com/news/to-your-health/wp/2015/02/24/lay-off-the-mega-doses-of-vitamin-d/,https://www.healthnewsreview.org/review/lay-off-the-mega-doses-of-vitamin-d/
HealthStory,story_reviews_00675,3,"Medical mystery: Men who take frequent saunas live longer, study shows","Medical mystery: Men who take frequent saunas live longer, study shows",Los Angeles Times,http://www.latimes.com/science/sciencenow/la-sci-sn-sauna-health-20150223-story.html,https://www.healthnewsreview.org/review/medical-mystery-men-who-take-frequent-saunas-live-longer-study-shows/
HealthStory,story_reviews_00676,3,Skin patch may protect against life-threatening peanut allergy,Skin patch may protect against life-threatening peanut allergy,,http://www.today.com/health/peanut-patch-may-protect-against-life-threatening-allergy-2D80506626,https://www.healthnewsreview.org/review/skin-patch-may-protect-against-life-threatening-peanut-allergy/
HealthStory,story_reviews_00677,3,Gilead’s Pill Can Stop HIV. So Why Does Almost Nobody Take It?,Gilead’s Pill Can Stop HIV. So Why Does Almost Nobody Take It?,,http://www.bloomberg.com/news/articles/2015-02-18/gilead-s-pill-can-stop-hiv-so-why-does-almost-nobody-take-it-,https://www.healthnewsreview.org/review/gileads-pill-can-stop-hiv-so-why-does-almost-nobody-take-it/
HealthStory,story_reviews_00678,5,‘Mindfulness’ May Help Ease Sleep Problems for Seniors,‘Mindfulness’ May Help Ease Sleep Problems for Seniors,HealthDay,http://consumer.healthday.com/alternative-medicine-information-3/meditation-news-467/mindfulness-may-help-older-adults-sleep-problems-696519.html,https://www.healthnewsreview.org/review/mindfulness-may-help-ease-sleep-problems-for-seniors/
HealthStory,story_reviews_00679,4,Gradual smoking cessation may be possible with nicotine addiction pill,Gradual smoking cessation may be possible with nicotine addiction pill,Reuters,http://www.reuters.com/article/2015/02/18/us-smoking-nicotine-cessation-idUSKBN0LL1ZD20150218,https://www.healthnewsreview.org/review/gradual-smoking-cessation-may-be-possible-with-nicotine-addiction-pill/
HealthStory,story_reviews_00680,4,Medicine Given Even Before Smokers Are Ready to Quit Is Found to Help Them,Medicine Given Even Before Smokers Are Ready to Quit Is Found to Help Them,The New York Times,http://www.nytimes.com/2015/02/18/health/pills-found-to-help-chances-of-quitting-smoking-in-the-future.html?_r=0,https://www.healthnewsreview.org/review/medicine-given-even-before-smokers-are-ready-to-quit-is-found-to-help-them/
HealthStory,story_reviews_00681,3,Researchers test device to help deaf children detect sounds,Researchers test device to help deaf children detect sounds,AP Associated Press,http://www.philly.com/philly/health/kidshealth/20150213_ap_d068513573664b56981e6b632a9877a8.html,https://www.healthnewsreview.org/review/researchers-test-device-to-help-deaf-children-detect-sounds/
HealthStory,story_reviews_00682,2,"In Image-Guided Operating Suites, Surgeons See Real-Time MRI, CT Scans","In Image-Guided Operating Suites, Surgeons See Real-Time MRI, CT Scans",The Wall Street Journal,http://www.wsj.com/articles/in-image-guided-operating-suites-surgeons-see-real-time-mri-ct-scans-1424122291,https://www.healthnewsreview.org/review/in-image-guided-operating-suites-surgeons-see-real-time-mri-ct-scans/
HealthStory,story_reviews_00683,4,Alcohol good for your heart? Evidence is evaporating,Alcohol good for your heart? Evidence is evaporating,USA Today,http://www.usatoday.com/story/news/2015/02/15/alcohol-heart-cardiovascular-health/23109823/,https://www.healthnewsreview.org/review/alcohol-good-for-your-heart-evidence-is-evaporating/
HealthStory,story_reviews_00684,5,"Chemoprevention works against breast cancer, but these drugs are not popular","Chemoprevention works against breast cancer, but these drugs are not popular",The Washington Post,http://www.washingtonpost.com/national/health-science/chemoprevention-works-against-breast-cancer-but-these-drugs-are-not-popular/2015/02/16/8c58a702-9ce9-11e4-a7ee-526210d665b4_story.html,https://www.healthnewsreview.org/review/chemoprevention-works-against-breast-cancer-but-these-drugs-are-not-popular/
HealthStory,story_reviews_00685,4,It’s Hard To Know Where Gluten Sensitivity Stops And The Placebo Effect Begins,It’s Hard To Know Where Gluten Sensitivity Stops And The Placebo Effect Begins,FiveThirtyEight,http://fivethirtyeight.com/features/its-hard-to-know-where-gluten-sensitivity-stops-and-the-placebo-effect-begins/,https://www.healthnewsreview.org/review/its-hard-to-know-where-gluten-sensitivity-stops-and-the-placebo-effect-begins/
HealthStory,story_reviews_00686,4,"For most strokes, clot-retrieval device boosts effectiveness of drug treatment","For most strokes, clot-retrieval device boosts effectiveness of drug treatment",Los Angeles Times,http://www.latimes.com/science/sciencenow/la-sci-sn-stroke-treatment-better-20150211-story.html,https://www.healthnewsreview.org/review/for-most-strokes-clot-retrieval-device-boosts-effectiveness-of-drug-treatment/
HealthStory,story_reviews_00687,2,"Before you conclude that you’re gluten-sensitive, consider FODMAPs foods","Before you conclude that you’re gluten-sensitive, consider FODMAPs foods",The Washington Post,http://www.washingtonpost.com/national/health-science/before-you-conclude-that-youre-gluten-sensitive-consider-fodmaps-foods/2015/02/09/a66349fa-6c19-11e4-a31c-77759fc1eacc_story.html,https://www.healthnewsreview.org/review/before-you-conclude-that-youre-gluten-sensitive-consider-fodmaps-foods/
HealthStory,story_reviews_00688,3,Can elderberry help treat colds and flu?,Can elderberry help treat colds and flu?,,http://www.cbsnews.com/news/can-elderberry-help-treat-colds-and-flu/,https://www.healthnewsreview.org/review/can-elderberry-help-treat-colds-and-flu/
HealthStory,story_reviews_00689,2,"Achillion, Gilead drug cocktail cures hepatitis C in six weeks","Achillion, Gilead drug cocktail cures hepatitis C in six weeks",Reuters,http://www.reuters.com/article/2015/02/09/us-achillion-gilead-idUSKBN0LD16U20150209,https://www.healthnewsreview.org/review/achillion-gilead-drug-cocktail-cures-hepatitis-c-in-six-weeks/
HealthStory,story_reviews_00690,2,"Your IUD and Implant Last Much Longer Than They Claim, Study Says","Your IUD and Implant Last Much Longer Than They Claim, Study Says",TIME,http://time.com/3698739/iud-implant-last-longer/,https://www.healthnewsreview.org/review/your-iud-and-implant-last-much-longer-than-they-claim-study-says/
HealthStory,story_reviews_00691,2,New treatment instantly relieves knee pain,New treatment instantly relieves knee pain,,http://www.foxnews.com/health/2015/02/06/new-treatment-instantly-relieves-knee-pain/,https://www.healthnewsreview.org/review/new-treatment-instantly-relieves-knee-pain/
HealthStory,story_reviews_00692,4,10 million wisdom teeth are removed each year. That might be way too many.,10 million wisdom teeth are removed each year. That might be way too many.,,http://www.vox.com/2015/1/13/7539983/wisdom-teeth-necessary,https://www.healthnewsreview.org/review/10-million-wisdom-teeth-are-removed-each-year-that-might-be-way-too-many/
HealthStory,story_reviews_00693,3,How This Woman Used Yoga to Avoid Back Surgery,How This Woman Used Yoga to Avoid Back Surgery,,http://abcnews.go.com/Health/woman-yoga-avoid-back-surgery/story?id=28670320,https://www.healthnewsreview.org/review/how-this-woman-used-yoga-to-avoid-back-surgery/
HealthStory,story_reviews_00694,3,Mail-Order Viruses Are The New Antibiotics,Mail-Order Viruses Are The New Antibiotics,BuzzFeed,http://www.buzzfeed.com/azeenghorayshi/mail-order-viruses-are-the-new-antibiotics#.faYJe8jJr,https://www.healthnewsreview.org/review/mail-order-viruses-are-the-new-antibiotics/
HealthStory,story_reviews_00695,3,Can Attention Deficit Drugs ‘Normalize’ a Child’s Brain?,Can Attention Deficit Drugs ‘Normalize’ a Child’s Brain?,The New York Times,http://well.blogs.nytimes.com/2015/02/02/can-attention-deficit-drugs-normalize-a-childs-brain/,https://www.healthnewsreview.org/review/can-attention-deficit-drugs-normalize-a-childs-brain/
HealthStory,story_reviews_00696,3,Five Nobel laureates backing antiaging dietary supplement,Five Nobel laureates backing antiaging dietary supplement,The Boston Globe,http://www.bostonglobe.com/business/2015/02/03/anti-aging-supplement-from-prominent-local-scientists/FvHsy28Hd9fILmrR4OZArO/story.html,https://www.healthnewsreview.org/review/five-nobel-laureates-backing-antiaging-dietary-supplement/
HealthStory,story_reviews_00697,1,Ending the multivitamin debate: Why taking one may actually save your life,Ending the multivitamin debate: Why taking one may actually save your life,,http://www.foxnews.com/health/2015/02/02/ending-multivitamin-debate-why-taking-one-may-actually-save-your-life/,https://www.healthnewsreview.org/review/ending-the-multivitamin-debate-why-taking-one-may-actually-save-your-life/
HealthStory,story_reviews_00698,4,"Placebo effect influenced by perceived cost, study finds","Placebo effect influenced by perceived cost, study finds",Los Angeles Times,http://www.latimes.com/science/sciencenow/la-sci-sn-expensive-placebos-work-better-20150127-story.html,https://www.healthnewsreview.org/review/placebo-effect-influenced-by-perceived-cost-study-finds/
HealthStory,story_reviews_00699,4,Trial finds GSK Ebola shot is safe and provokes immune response,Trial finds GSK Ebola shot is safe and provokes immune response,Reuters,http://www.reuters.com/article/2015/01/28/us-health-ebola-vaccine-idUSKBN0L12MC20150128,https://www.healthnewsreview.org/review/trial-finds-gsk-ebola-shot-is-safe-and-provokes-immune-response/
HealthStory,story_reviews_00700,3,Curcumin may help lower inflammation in metabolic syndrome,Curcumin may help lower inflammation in metabolic syndrome,Reuters Health,http://www.reuters.com/article/2015/01/28/us-health-inflammation-curcumin-idUSKBN0L12LX20150128,https://www.healthnewsreview.org/review/curcumin-may-help-lower-inflammation-in-metabolic-syndrome/
HealthStory,story_reviews_00701,2,Insulin spray may be helpful for people with early dementia,Insulin spray may be helpful for people with early dementia,The Washington Post,http://www.washingtonpost.com/national/health-science/insulin-spray-may-be-helpful-for-people-with-early-dementia/2015/01/26/fddc7630-9cd8-11e4-a7ee-526210d665b4_story.html,https://www.healthnewsreview.org/review/insulin-spray-may-be-helpful-for-people-with-early-dementia/
HealthStory,story_reviews_00702,2,Nasal spray shows promise as treatment for Alzheimer’s disease,Nasal spray shows promise as treatment for Alzheimer’s disease,,http://www.foxnews.com/health/2015/01/23/nasal-spray-shows-promise-as-treatment-for-alzheimer-disease/,https://www.healthnewsreview.org/review/nasal-spray-shows-promise-as-treatment-for-alzheimers-disease/
HealthStory,story_reviews_00703,2,Breathing for Your Better Health,Breathing for Your Better Health,The Wall Street Journal,http://www.wsj.com/articles/breathing-for-your-better-health-1422311283,https://www.healthnewsreview.org/review/breathing-for-your-better-health/
HealthStory,story_reviews_00704,2,Double Chin? There May Be a Drug for That,Double Chin? There May Be a Drug for That,,http://www.bloomberg.com/news/2015-01-23/double-chin-there-may-be-a-drug-for-that.html,https://www.healthnewsreview.org/review/double-chin-there-may-be-a-drug-for-that/
HealthStory,story_reviews_00705,4,DNA Blood Test Gives Women A New Option For Prenatal Screening,DNA Blood Test Gives Women A New Option For Prenatal Screening,NPR,http://www.npr.org/blogs/health/2015/01/26/368449371/dna-blood-test-gives-women-a-new-option-for-prenatal-screening,https://www.healthnewsreview.org/review/dna-blood-test-gives-women-a-new-option-for-prenatal-screening/
HealthStory,story_reviews_00706,4,Day Tripping: Benefits Seen in Psychedelics,Day Tripping: Benefits Seen in Psychedelics,Newsweek,http://www.newsweek.com/day-tripping-benefits-seen-use-psychedelics-301847,https://www.healthnewsreview.org/review/day-tripping-benefits-seen-in-psychedelics/
HealthStory,story_reviews_00707,1,Is proton therapy the ‘magic bullet’ for cancer?,Is proton therapy the ‘magic bullet’ for cancer?,CNN,http://www.cnn.com/2015/01/22/tech/mci-proton-therapy/index.html,https://www.healthnewsreview.org/review/is-proton-therapy-the-magic-bullet-for-cancer/
HealthStory,story_reviews_00708,2,Study Hints That ‘Video Feedback’ Therapy May Help Curb Autism,Study Hints That ‘Video Feedback’ Therapy May Help Curb Autism,HealthDay,http://consumer.healthday.com/cognitive-health-information-26/autism-news-51/study-hints-that-video-feedback-therapy-may-help-prevent-autism-695657.html,https://www.healthnewsreview.org/review/study-hints-that-video-feedback-therapy-may-help-curb-autism/
HealthStory,story_reviews_00709,5,Researchers in Italy Found Bergamot Lowered Blood Cholesterol,Researchers in Italy Found Bergamot Lowered Blood Cholesterol,The Wall Street Journal,http://www.wsj.com/articles/researchers-in-italy-found-bergamot-lowered-blood-cholesterol-1421703338,https://www.healthnewsreview.org/review/researchers-in-italy-found-bergamot-lowered-blood-cholesterol/
HealthStory,story_reviews_00710,3,"Drinking beetroot juice reduces high blood pressure, trial shows","Drinking beetroot juice reduces high blood pressure, trial shows",,http://www.medicalnewstoday.com/articles/288229.php,https://www.healthnewsreview.org/review/drinking-beetroot-juice-reduces-high-blood-pressure-trial-shows/
HealthStory,story_reviews_00711,4,Mohs surgery: Minimal scars vs. high cost,Mohs surgery: Minimal scars vs. high cost,The Philadelphia Inquirer,http://www.philly.com/philly/health/20150118_Mohs_surgery__Minimal_scars_vs__high_cost.html,https://www.healthnewsreview.org/review/mohs-surgery-minimal-scars-vs-high-cost/
HealthStory,story_reviews_00712,3,"When Bariatric Surgery’s Benefits Wane, This Procedure Can Help","When Bariatric Surgery’s Benefits Wane, This Procedure Can Help",NPR,http://www.npr.org/blogs/health/2015/01/19/377731653/when-bariatric-surgerys-benefits-wane-this-procedure-can-help,https://www.healthnewsreview.org/review/when-bariatric-surgerys-benefits-wane-this-procedure-can-help/
HealthStory,story_reviews_00713,3,FDA approves a device for weight loss,FDA approves a device for weight loss,Los Angeles Times,http://www.latimes.com/science/sciencenow/la-sci-sn-fda-device-weight-loss-20150114-story.html,https://www.healthnewsreview.org/review/fda-approves-a-device-for-weight-loss/
HealthStory,story_reviews_00714,2,Blueberries May Lower Blood Pressure,Blueberries May Lower Blood Pressure,The New York Times,http://well.blogs.nytimes.com/2015/01/14/blueberries-may-lower-blood-pressure/?ref=health,https://www.healthnewsreview.org/review/blueberries-may-lower-blood-pressure/
HealthStory,story_reviews_00715,3,A better way to help people quit smoking?,A better way to help people quit smoking?,The Washington Post,http://www.washingtonpost.com/news/to-your-health/wp/2015/01/13/a-better-way-to-help-people-quit-smoking/,https://www.healthnewsreview.org/review/a-better-way-to-help-people-quit-smoking/
HealthStory,story_reviews_00716,5,"Vitamin D May Boost Colon Cancer Survival, Study Finds","Vitamin D May Boost Colon Cancer Survival, Study Finds",HealthDay,http://consumer.healthday.com/cancer-information-5/colon-cancer-news-96/vitamin-d-may-boost-colon-cancer-survival-study-finds-695421.html,https://www.healthnewsreview.org/review/vitamin-d-may-boost-colon-cancer-survival-study-finds/
HealthStory,story_reviews_00717,2,New drug Opdivo successfully ends lung cancer trial,New drug Opdivo successfully ends lung cancer trial,USA Today,http://www.usatoday.com/story/news/health/2015/01/12/new-drug-opdivo-successful-in-lung-cancer-trial/21659553/,https://www.healthnewsreview.org/review/new-drug-opdivo-successfully-ends-lung-cancer-trial/
HealthStory,story_reviews_00718,3,Head Start Program Might Help Fight Childhood Obesity: Study,Head Start Program Might Help Fight Childhood Obesity: Study,HealthDay,http://consumer.healthday.com/kids-health-information-23/child-development-news-124/head-start-might-help-fight-child-obesity-695373.html,https://www.healthnewsreview.org/review/head-start-program-might-help-fight-childhood-obesity-study/
HealthStory,story_reviews_00719,3,"Add an avocado, lower your cholesterol","Add an avocado, lower your cholesterol",,http://www.today.com/health/avocado-day-lowers-cholesterol-1D80410564,https://www.healthnewsreview.org/review/add-an-avocado-lower-your-cholesterol/
HealthStory,story_reviews_00720,3,"Eating Avocados Daily May Be Good for the Heart, Study Shows","Eating Avocados Daily May Be Good for the Heart, Study Shows",,http://www.bloomberg.com/news/2015-01-07/eating-avocados-daily-may-be-good-for-the-heart-study-shows.html,https://www.healthnewsreview.org/review/eating-avocados-daily-may-be-good-for-the-heart-study-shows/
HealthStory,story_reviews_00721,3,"Avocados may help lower ‘bad’ cholesterol, study finds","Avocados may help lower ‘bad’ cholesterol, study finds",,http://www.medicalnewstoday.com/articles/287626.php,https://www.healthnewsreview.org/review/avocados-may-help-lower-bad-cholesterol-study-finds/
HealthStory,story_reviews_00722,2,Bite Back At Bad Cholesterol: Eat An Avocado A Day,Bite Back At Bad Cholesterol: Eat An Avocado A Day,NPR,http://www.npr.org/blogs/thesalt/2015/01/07/375653050/take-a-swipe-at-bad-cholesterol-eat-an-avocado-a-day,https://www.healthnewsreview.org/review/bite-back-at-bad-cholesterol-eat-an-avocado-a-day/
HealthStory,story_reviews_00723,2,Best time of the month for women to quit smoking,Best time of the month for women to quit smoking,,http://www.cbsnews.com/news/menstrual-cycle-best-time-for-women-to-quit-smoking/,https://www.healthnewsreview.org/review/best-time-of-the-month-for-women-to-quit-smoking/
HealthStory,story_reviews_00724,3,How Exercise Keeps Us Young,How Exercise Keeps Us Young,The New York Times,http://well.blogs.nytimes.com/2015/01/07/how-exercise-keeps-us-young/,https://www.healthnewsreview.org/review/how-exercise-keeps-us-young/
HealthStory,story_reviews_00725,2,New drug tricks metabolism into burning fat as if you’ve just finished a meal,New drug tricks metabolism into burning fat as if you’ve just finished a meal,The Washington Post,http://www.washingtonpost.com/news/to-your-health/wp/2015/01/05/new-drug-tricks-metabolism-into-burning-fat-as-if-youve-just-finished-a-meal/,https://www.healthnewsreview.org/review/new-drug-tricks-metabolism-into-burning-fat-as-if-youve-just-finished-a-meal/
HealthStory,story_reviews_00726,2,Cempra’s lead oral antibiotic meets main goal in late-stage trial,Cempra’s lead oral antibiotic meets main goal in late-stage trial,Reuters,http://www.foxnews.com/health/2015/01/05/cempras-lead-oral-antibiotic-meets-main-goal-in-late-stage-trial/,https://www.healthnewsreview.org/review/cempras-lead-oral-antibiotic-meets-main-goal-in-late-stage-trial/
HealthStory,story_reviews_00727,0,SLOWDOWN IN NUMBER OF SYSTEMATIC STORY REVIEWS BECAUSE OF LOSS OF FUNDING,SLOWDOWN IN NUMBER OF SYSTEMATIC STORY REVIEWS BECAUSE OF LOSS OF FUNDING,,,https://www.healthnewsreview.org/review/slowdown-in-number-of-systematic-story-reviews-because-of-loss-of-funding/
HealthStory,story_reviews_00728,5,New drugs improve options for melanoma patients,New drugs improve options for melanoma patients,USA Today,http://www.usatoday.com/story/news/nation/2013/05/29/melanoma-drugs-fda/2370007/,https://www.healthnewsreview.org/review/new-drugs-improve-options-for-melanoma-patients/
HealthStory,story_reviews_00729,4,"New Drug May Help Some Asthmatics, Study Finds","New Drug May Help Some Asthmatics, Study Finds",The New York Times,http://www.nytimes.com/2013/05/22/business/dupilumab-a-new-drug-may-help-some-asthmatics.html?_r=0,https://www.healthnewsreview.org/review/new-drug-may-help-some-asthmatics-study-finds/
HealthStory,story_reviews_00730,3,"Regeneron, Sanofi asthma drug seen as potential game changer","Regeneron, Sanofi asthma drug seen as potential game changer",Reuters Health,http://www.reuters.com/article/2013/05/21/us-regeneron-sanofi-asthma-idUSBRE94K0I020130521,https://www.healthnewsreview.org/review/regeneron-sanofi-asthma-drug-seen-as-potential-game-changer/
HealthStory,story_reviews_00731,3,Seeking Clues to Heart Disease in DNA of an Unlucky Family,Seeking Clues to Heart Disease in DNA of an Unlucky Family,The New York Times,http://www.nytimes.com/2013/05/13/health/seeking-clues-to-a-heart-killer-in-the-dna-binding-a-family.html?hp&_r=1&,https://www.healthnewsreview.org/review/seeking-clues-to-heart-disease-in-dna-of-an-unlucky-family/
HealthStory,story_reviews_00732,4,Wireless Pacemaker Shows Promise in Early Study,Wireless Pacemaker Shows Promise in Early Study,HealthDay,http://consumer.healthday.com/Article.asp?AID=676197,https://www.healthnewsreview.org/review/wireless-pacemaker-shows-promise-in-early-study/
HealthStory,story_reviews_00733,5,Gene test may help guide prostate cancer treatment,Gene test may help guide prostate cancer treatment,AP Associated Press,http://www.usatoday.com/story/news/nation/2013/05/08/gene-test-prostate-cancer/2142643/,https://www.healthnewsreview.org/review/gene-test-may-help-guide-prostate-cancer-treatment/
HealthStory,story_reviews_00734,5,"Implanted Device May Predict Epilepsy Seizures, Study Suggests","Implanted Device May Predict Epilepsy Seizures, Study Suggests",HealthDay,http://consumer.healthday.com/Article.asp?AID=676009,https://www.healthnewsreview.org/review/implanted-device-may-predict-epilepsy-seizures-study-suggests/
HealthStory,story_reviews_00735,3,Newly Discovered Hormone Could Yield New Treatment For Diabetes,Newly Discovered Hormone Could Yield New Treatment For Diabetes,TIME,http://healthland.time.com/2013/04/29/newly-discovered-hormone-could-yield-new-treatment-for-diabetes/?iid=hl-main-lead,https://www.healthnewsreview.org/review/newly-discovered-hormone-could-yield-new-treatment-for-diabetes/
HealthStory,story_reviews_00736,4,Are Pricey Computer-Aided Mammograms Worth It?,Are Pricey Computer-Aided Mammograms Worth It?,HealthDay,http://consumer.healthday.com/Article.asp?AID=675407,https://www.healthnewsreview.org/review/are-pricey-computer-aided-mammograms-worth-it/
HealthStory,story_reviews_00737,5,Stomach CT scans may help find osteoporosis – study,Stomach CT scans may help find osteoporosis – study,Reuters Health,http://www.reuters.com/article/2013/04/15/us-health-ctscsn-osteoporosis-idUSBRE93E15G20130415,https://www.healthnewsreview.org/review/stomach-ct-scans-may-help-find-osteoporosis-study/
HealthStory,story_reviews_00738,3,Freezing Treatment May Help Destroy Lung Tumors: Study,Freezing Treatment May Help Destroy Lung Tumors: Study,HealthDay,http://consumer.healthday.com/Article.asp?AID=675345,https://www.healthnewsreview.org/review/freezing-treatment-may-help-destroy-lung-tumors-study/
HealthStory,story_reviews_00739,1,Walnuts for Diabetes,Walnuts for Diabetes,The New York Times,http://well.blogs.nytimes.com/2013/04/08/walnuts-for-diabetes/?ref=health,https://www.healthnewsreview.org/review/walnuts-for-diabetes/
HealthStory,story_reviews_00740,3,Is a Better Sleeping Pill on the Way?,Is a Better Sleeping Pill on the Way?,HealthDay,http://consumer.healthday.com/Article.asp?AID=675073,https://www.healthnewsreview.org/review/is-a-better-sleeping-pill-on-the-way/
HealthStory,story_reviews_00741,3,Experimental sleep drug may cause fewer side effects: Merck study,Experimental sleep drug may cause fewer side effects: Merck study,Reuters Health,http://www.reuters.com/article/2013/04/03/us-sleep-drug-idUSBRE93210T20130403,https://www.healthnewsreview.org/review/experimental-sleep-drug-may-cause-fewer-side-effects-merck-study/
HealthStory,story_reviews_00742,2,Can Enzymes Make the Meal?,Can Enzymes Make the Meal?,The Wall Street Journal,http://online.wsj.com/article/SB10001424127887324557804578376562539148102.html,https://www.healthnewsreview.org/review/can-enzymes-make-the-meal/
HealthStory,story_reviews_00743,3,Simple Breath Test Might Diagnose Heart Failure,Simple Breath Test Might Diagnose Heart Failure,HealthDay,http://consumer.healthday.com/Article.asp?AID=674730,https://www.healthnewsreview.org/review/simple-breath-test-might-diagnose-heart-failure/
HealthStory,story_reviews_00744,3,New method for hip replacement wins favor with some surgeons,New method for hip replacement wins favor with some surgeons,The Washington Post,http://www.washingtonpost.com/national/health-science/new-method-for-hip-replacement-wins-favor-with-some-surgeons/2013/03/25/15a9ec24-7ad1-11e2-a044-676856536b40_story.html,https://www.healthnewsreview.org/review/new-method-for-hip-replacement-wins-favor-with-some-surgeons/
HealthStory,story_reviews_00745,3,"Women who ate more soy survive lung cancer better, study finds","Women who ate more soy survive lung cancer better, study finds",MSNBC,http://vitals.nbcnews.com/_news/2013/03/25/17459143-women-who-ate-more-soy-survive-lung-cancer-better-study-finds?lite,https://www.healthnewsreview.org/review/women-who-ate-more-soy-survive-lung-cancer-better-study-finds/
HealthStory,story_reviews_00746,4,"Therapy often as good as surgery for knees, study finds","Therapy often as good as surgery for knees, study finds",AP Associated Press,http://vitals.nbcnews.com/_news/2013/03/19/17371367-therapy-often-as-good-as-surgery-for-knees-study-finds?lite,https://www.healthnewsreview.org/review/therapy-often-as-good-as-surgery-for-knees-study-finds/
HealthStory,story_reviews_00747,3,Small trial shows “brain pacemaker” may ease severe anorexia,Small trial shows “brain pacemaker” may ease severe anorexia,Reuters Health,http://www.reuters.com/article/2013/03/07/health-anorexia-brain-idUSL6N0BXJ1K20130307,https://www.healthnewsreview.org/review/small-trial-shows-brain-pacemaker-may-ease-severe-anorexia/
HealthStory,story_reviews_00748,3,Drugs May Help Relieve Restless Legs Syndrome,Drugs May Help Relieve Restless Legs Syndrome,HealthDay,http://consumer.healthday.com/Article.asp?AID=674088,https://www.healthnewsreview.org/review/drugs-may-help-relieve-restless-legs-syndrome/
HealthStory,story_reviews_00749,4,Folic acid in pregnancy tied to lower autism risk,Folic acid in pregnancy tied to lower autism risk,Reuters Health,www.reuters.com/article/2013/02/12/us-folic-acid-pregnancy-idUSBRE91B1HO20130212,https://www.healthnewsreview.org/review/folic-acid-in-pregnancy-tied-to-lower-autism-risk/
HealthStory,story_reviews_00750,4,Folic acid linked to reduced risk of autism spectrum disorders,Folic acid linked to reduced risk of autism spectrum disorders,Los Angeles Times,"http://www.latimes.com/health/boostershots/la-heb-autism-folic-acid-20130212,0,495631.story",https://www.healthnewsreview.org/review/folic-acid-linked-to-reduced-risk-of-autism-spectrum-disorders/
HealthStory,story_reviews_00751,3,Folic acid in pregnancy may help lower autism risk,Folic acid in pregnancy may help lower autism risk,CNN Health,http://thechart.blogs.cnn.com/2013/02/12/folic-acid-in-pregnancy-may-help-lower-autism-risk/?hpt=he_c2,https://www.healthnewsreview.org/review/folic-acid-in-pregnancy-may-help-lower-autism-risk/
HealthStory,story_reviews_00752,3,A Pill So People With Celiac Disease Can Eat Freely?,A Pill So People With Celiac Disease Can Eat Freely?,HealthDay,http://consumer.healthday.com/Article.asp?AID=673218,https://www.healthnewsreview.org/review/a-pill-so-people-with-celiac-disease-can-eat-freely/
HealthStory,story_reviews_00753,5,Long-awaited stroke studies show hopeful new treatment no better than older one,Long-awaited stroke studies show hopeful new treatment no better than older one,The Washington Post,http://www.washingtonpost.com/national/health-science/long-awaited-stroke-studies-show-hopeful-new-treatment-no-better-than-older-one/2013/02/08/cf3b90f4-7142-11e2-ac36-3d8d9dcaa2e2_story.html,https://www.healthnewsreview.org/review/long-awaited-stroke-studies-show-hopeful-new-treatment-no-better-than-older-one/
HealthStory,story_reviews_00754,3,Omega-6 Fats Linked to Increased Risk of Heart Disease,Omega-6 Fats Linked to Increased Risk of Heart Disease,TIME,http://healthland.time.com/2013/02/06/omega-6-fats-linked-to-increased-risk-of-heart-disease/,https://www.healthnewsreview.org/review/omega-6-fats-linked-to-increased-risk-of-heart-disease-2/
HealthStory,story_reviews_00755,3,Re-Analysis Refutes Diet Guidelines Favoring Vegetable Fats,Re-Analysis Refutes Diet Guidelines Favoring Vegetable Fats,HealthDay,http://consumer.healthday.com/Article.asp?AID=673216,https://www.healthnewsreview.org/review/re-analysis-refutes-diet-guidelines-favoring-vegetable-fats/
HealthStory,story_reviews_00756,2,Yoga and the Mind: Can Yoga Reduce Symptoms of Major Psychiatric Disorders?,Yoga and the Mind: Can Yoga Reduce Symptoms of Major Psychiatric Disorders?,TIME,http://healthland.time.com/2013/01/28/yoga-and-the-mind-can-yoga-reduce-symptoms-of-major-psychiatric-disorders/?iid=hl-main-lead,https://www.healthnewsreview.org/review/yoga-and-the-mind-can-yoga-reduce-symptoms-of-major-psychiatric-disorders/
HealthStory,story_reviews_00757,3,"For Early Cancer, Lumpectomy Beats Mastectomy for Survival: Study","For Early Cancer, Lumpectomy Beats Mastectomy for Survival: Study",HealthDay,http://consumer.healthday.com/Article.asp?AID=672843,https://www.healthnewsreview.org/review/for-early-cancer-lumpectomy-beats-mastectomy-for-survival-study/
HealthStory,story_reviews_00758,2,Vanda sleep drug effective in second late-stage trial,Vanda sleep drug effective in second late-stage trial,Reuters Health,http://www.reuters.com/article/2013/01/23/us-vanda-trial-sleepdrug-idUSBRE90M0NP20130123,https://www.healthnewsreview.org/review/vanda-sleep-drug-effective-in-second-late-stage-trial/
HealthStory,story_reviews_00759,5,Drug Is Shown to Help Pancreatic Cancer Cases,Drug Is Shown to Help Pancreatic Cancer Cases,The New York Times,http://www.nytimes.com/2013/01/23/business/pancreatic-cancer-drug-found-to-extend-life.html?ref=health,https://www.healthnewsreview.org/review/drug-is-shown-to-help-pancreatic-cancer-cases/
HealthStory,story_reviews_00760,4,FDA Approves 1st Skin Patch to Combat Migraines,FDA Approves 1st Skin Patch to Combat Migraines,HealthDay,http://consumer.healthday.com/Article.asp?AID=672713,https://www.healthnewsreview.org/review/fda-approves-1st-skin-patch-to-combat-migraines/
HealthStory,story_reviews_00761,4,The other incontinence,The other incontinence,The Philadelphia Inquirer,http://www.philly.com/philly/health/20130121_The_other_incontinence.html,https://www.healthnewsreview.org/review/the-other-incontinence/
HealthStory,story_reviews_00762,4,Women With A Berry-Snacking Habit May Have Healthier Hearts,Women With A Berry-Snacking Habit May Have Healthier Hearts,NPR,http://www.npr.org/blogs/thesalt/2013/01/14/169323332/women-with-a-berry-snacking-habit-may-have-healthier-hearts,https://www.healthnewsreview.org/review/women-with-a-berry-snacking-habit-may-have-healthier-hearts/
HealthStory,story_reviews_00763,3,Berries Linked to Lower Heart Disease Among Women,Berries Linked to Lower Heart Disease Among Women,TIME,http://healthland.time.com/2013/01/15/berries-linked-to-lower-heart-disease-among-women/?iid=hl-main-lead,https://www.healthnewsreview.org/review/berries-linked-to-lower-heart-disease-among-women/
HealthStory,story_reviews_00764,2,"Berries May Cut Heart Attack Risk in Women, Study Says","Berries May Cut Heart Attack Risk in Women, Study Says",HealthDay,http://consumer.healthday.com/Article.asp?AID=672494,https://www.healthnewsreview.org/review/berries-may-cut-heart-attack-risk-in-women-study-says/
HealthStory,story_reviews_00765,3,"IUD Might Ease Heavy Menstrual Bleeding, Study Suggests","IUD Might Ease Heavy Menstrual Bleeding, Study Suggests",HealthDay,http://consumer.healthday.com/Article.asp?AID=672349,https://www.healthnewsreview.org/review/iud-might-ease-heavy-menstrual-bleeding-study-suggests/
HealthStory,story_reviews_00766,3,Experimental drug may help people with bipolar disorder,Experimental drug may help people with bipolar disorder,Reuters Health,http://uk.reuters.com/article/2013/01/08/bipolar-drug-idUKL5E9C818M20130108,https://www.healthnewsreview.org/review/experimental-drug-may-help-people-with-bipolar-disorder/
HealthStory,story_reviews_00767,3,New Eye Test May Help Predict Risk of Glaucoma,New Eye Test May Help Predict Risk of Glaucoma,WebMD,http://www.webmd.com/eye-health/news/20130102/eye-test-risk-glaucoma,https://www.healthnewsreview.org/review/new-eye-test-may-help-predict-risk-of-glaucoma/
HealthStory,story_reviews_00768,3,Drug Fulfills Promise Of Research Into Cystic Fibrosis Gene,Drug Fulfills Promise Of Research Into Cystic Fibrosis Gene,NPR,http://www.npr.org/blogs/health/2013/01/02/168353348/drug-fulfills-promise-of-research-into-cystic-fibrosis-gene,https://www.healthnewsreview.org/review/drug-fulfills-promise-of-research-into-cystic-fibrosis-gene/
HealthStory,story_reviews_00769,5,"Energy Drinks Promise Edge, but Experts Say Proof Is Scant","Energy Drinks Promise Edge, but Experts Say Proof Is Scant",The New York Times,http://www.nytimes.com/2013/01/02/health/scant-proof-is-found-to-back-up-claims-by-energy-drinks.html?ref=health&_r=0,https://www.healthnewsreview.org/review/energy-drinks-promise-edge-but-experts-say-proof-is-scant/
HealthStory,story_reviews_00770,5,New test could help diagnose Alzheimer’s disease in live patients,New test could help diagnose Alzheimer’s disease in live patients,The Philadelphia Inquirer,http://www.philly.com/philly/health/20121218_New_test_could_help_diagnose_Alzheimer_s_disease_in_live_patients.html,https://www.healthnewsreview.org/review/new-test-could-help-diagnose-alzheimers-disease-in-live-patients/
HealthStory,story_reviews_00771,3,Treating Kidneys With Radio Waves May Ease Tough-to-Control Hypertension,Treating Kidneys With Radio Waves May Ease Tough-to-Control Hypertension,HealthDay,http://consumer.healthday.com/Article.asp?AID=671715,https://www.healthnewsreview.org/review/treating-kidneys-with-radio-waves-may-ease-tough-to-control-hypertension/
HealthStory,story_reviews_00772,3,Beet Juice Lowers Blood Pressure,Beet Juice Lowers Blood Pressure,WebMD,http://www.webmd.com/hypertension-high-blood-pressure/news/20121212/beetroot-juice-blood-pressure,https://www.healthnewsreview.org/review/beet-juice-lowers-blood-pressure/
HealthStory,story_reviews_00773,1,New method allows better prostate cancer testing,New method allows better prostate cancer testing,MSNBC,http://www.msnbc.msn.com/id/50149531/ns/health/#.UMc8mYXU38A,https://www.healthnewsreview.org/review/new-method-allows-better-prostate-cancer-testing/
HealthStory,story_reviews_00774,4,"In Girl’s Last Hope, Altered Immune Cells Beat Leukemia","In Girl’s Last Hope, Altered Immune Cells Beat Leukemia",The New York Times,http://www.nytimes.com/2012/12/10/health/a-breakthrough-against-leukemia-using-altered-t-cells.html?ref=health,https://www.healthnewsreview.org/review/in-girls-last-hope-altered-immune-cells-beat-leukemia/
HealthStory,story_reviews_00775,3,University of Pennsylvania gene therapy shows promise in eradicating some blood cancers,University of Pennsylvania gene therapy shows promise in eradicating some blood cancers,The Philadelphia Inquirer,http://www.philly.com/philly/health/20121210_University_of_Pennsylvania_gene_therapy_shows_promise_in_eradicating_some_blood_cancers.html,https://www.healthnewsreview.org/review/university-of-pennsylvania-gene-therapy-shows-promise-in-eradicating-some-blood-cancers/
HealthStory,story_reviews_00776,3,Drug Shows Promise for Lupus Skin Conditions,Drug Shows Promise for Lupus Skin Conditions,WebMD,http://lupus.webmd.com/news/20121205/drug-lupus-skin-conditions,https://www.healthnewsreview.org/review/drug-shows-promise-for-lupus-skin-conditions/
HealthStory,story_reviews_00777,3,"Experimental Antidepressant Appears Quick-Acting, Safe","Experimental Antidepressant Appears Quick-Acting, Safe",HealthDay,http://consumer.healthday.com/Article.asp?AID=671429,https://www.healthnewsreview.org/review/experimental-antidepressant-appears-quick-acting-safe/
HealthStory,story_reviews_00778,5,Bigger Role Seen for Breast Cancer Drug,Bigger Role Seen for Breast Cancer Drug,The New York Times,http://www.nytimes.com/2012/12/06/health/extended-use-of-breast-cancer-drug-suggested.html?ref=health&_r=0&pagewanted=print,https://www.healthnewsreview.org/review/bigger-role-seen-for-breast-cancer-drug/
HealthStory,story_reviews_00779,5,Longer tamoxifen use cuts breast cancer deaths,Longer tamoxifen use cuts breast cancer deaths,AP Associated Press,http://www.denverpost.com/fitness/ci_22128646/longer-tamoxifen-use-cuts-breast-cancer-deaths,https://www.healthnewsreview.org/review/longer-tamoxifen-use-cuts-breast-cancer-deaths/
HealthStory,story_reviews_00780,3,Long-term treatment cuts breast cancer deaths,Long-term treatment cuts breast cancer deaths,USA Today,http://www.usatoday.com/story/news/nation/2012/12/04/hormone-treatment-breast-cancer/1746805/,https://www.healthnewsreview.org/review/long-term-treatment-cuts-breast-cancer-deaths/
HealthStory,story_reviews_00781,5,Is a Breath Test for Colon Cancer Possible?,Is a Breath Test for Colon Cancer Possible?,HealthDay,http://consumer.healthday.com/Article.asp?AID=671303,https://www.healthnewsreview.org/review/is-a-breath-test-for-colon-cancer-possible/
HealthStory,story_reviews_00782,3,Breath Test May Detect Colon Cancer,Breath Test May Detect Colon Cancer,WebMD,http://www.webmd.com/colorectal-cancer/news/20121129/breath-test-colon-cancer,https://www.healthnewsreview.org/review/breath-test-may-detect-colon-cancer/
HealthStory,story_reviews_00783,3,Magnets zap blues for some with depression,Magnets zap blues for some with depression,USA Today,http://www.usatoday.com/story/news/2012/11/30/magnets-zap-depression/1738621/http://www.usatoday.com/story/news/2012/11/30/magnets-zap-depression/1738621/,https://www.healthnewsreview.org/review/magnets-zap-blues-for-some-with-depression/
HealthStory,story_reviews_00784,4,Experimental Insomnia Drug Shows Promise,Experimental Insomnia Drug Shows Promise,Health Day,http://consumer.healthday.com/Article.asp?AID=671066,https://www.healthnewsreview.org/review/experimental-insomnia-drug-shows-promise/
HealthStory,story_reviews_00785,1,Certain Arthritis Patients Fare Worse After Joint Replacement: Study,Certain Arthritis Patients Fare Worse After Joint Replacement: Study,Health Day,http://consumer.healthday.com/Article.asp?AID=671000,https://www.healthnewsreview.org/review/certain-arthritis-patients-fare-worse-after-joint-replacement-study/
HealthStory,story_reviews_00786,4,Probiotics’ Benefits May Be More Than a Gut Feeling,Probiotics’ Benefits May Be More Than a Gut Feeling,The Wall Street Journal,http://online.wsj.com/article/SB10001424127887324784404578143402702878118.html,https://www.healthnewsreview.org/review/probiotics-benefits-may-be-more-than-a-gut-feeling/
HealthStory,story_reviews_00787,3,Nanoparticles Show Potential for Treating MS,Nanoparticles Show Potential for Treating MS,WebMD,http://www.webmd.com/multiple-sclerosis/news/20121115/nanoparticles-show-potential-for-treating-ms?page=2,https://www.healthnewsreview.org/review/nanoparticles-show-potential-for-treating-ms/
HealthStory,story_reviews_00788,3,"New approach could treat MS, other autoimmune diseases","New approach could treat MS, other autoimmune diseases",NBCNews.com,http://vitals.nbcnews.com/_news/2012/11/18/15246299-new-approach-could-treat-ms-other-autoimmune-diseases?lite,https://www.healthnewsreview.org/review/new-approach-could-treat-ms-other-autoimmune-diseases/
HealthStory,story_reviews_00789,4,"Meditation Might Cut Risk of Heart Attack, Stroke in Blacks","Meditation Might Cut Risk of Heart Attack, Stroke in Blacks",Health Day,http://consumer.healthday.com/Article.asp?AID=670657,https://www.healthnewsreview.org/review/meditation-might-cut-risk-of-heart-attack-stroke-in-blacks/
HealthStory,story_reviews_00790,2,Strongest Study Yet Shows Meditation Can Lower Risk of Heart Attack and Stroke,Strongest Study Yet Shows Meditation Can Lower Risk of Heart Attack and Stroke,Time,http://healthland.time.com/2012/11/14/mind-over-matter-strongest-study-yet-shows-meditation-can-lower-risk-of-heart-attack-and-stroke/#ixzz2CIv0dAxn,https://www.healthnewsreview.org/review/strongest-study-yet-shows-meditation-can-lower-risk-of-heart-attack-and-stroke/
HealthStory,story_reviews_00791,3,Drug Slows Knee Osteoarthritis Progression,Drug Slows Knee Osteoarthritis Progression,WebMD,http://www.webmd.com/pain-management/knee-pain/news/20121108/drug-slows-knee-osteoarthritis,https://www.healthnewsreview.org/review/drug-slows-knee-osteoarthritis-progression/
HealthStory,story_reviews_00792,3,Centuries-Old Art of Cupping May Bring Some Pain Relief,Centuries-Old Art of Cupping May Bring Some Pain Relief,The Wall Street Journal,http://online.wsj.com/article/SB10001424127887324073504578114970824081566.html,https://www.healthnewsreview.org/review/centuries-old-art-of-cupping-may-bring-some-pain-relief/
HealthStory,story_reviews_00793,2,Infusing Good Cholesterol May Help Unclog Arteries,Infusing Good Cholesterol May Help Unclog Arteries,WebMD,http://www.webmd.com/cholesterol-management/news/20121105/good-cholesterol-infusion-unclog-arteries,https://www.healthnewsreview.org/review/infusing-good-cholesterol-may-help-unclog-arteries/
HealthStory,story_reviews_00794,3,Amgen experimental drug lowers cholesterol in mid-stage trial,Amgen experimental drug lowers cholesterol in mid-stage trial,Reuters Health,http://www.reuters.com/article/2012/11/05/us-heart-amgen-idUSBRE8A418B20121105,https://www.healthnewsreview.org/review/amgen-experimental-drug-lowers-cholesterol-in-mid-stage-trial/
HealthStory,story_reviews_00795,3,New Drug May Help Those Who Can’t Take Statins,New Drug May Help Those Who Can’t Take Statins,Health Day,http://consumer.healthday.com/Article.asp?AID=670343,https://www.healthnewsreview.org/review/new-drug-may-help-those-who-cant-take-statins/
HealthStory,story_reviews_00796,5,Doctors debate value of ‘fringe’ heart treatment,Doctors debate value of ‘fringe’ heart treatment,Associated Press,http://www.denverpost.com/fitness/ci_21928391/doctors-debate-value-fringe-heart-treatment,https://www.healthnewsreview.org/review/doctors-debate-value-of-fringe-heart-treatment/
HealthStory,story_reviews_00797,5,Researchers raise concerns over chelation heart study,Researchers raise concerns over chelation heart study,USA Today,http://www.usatoday.com/story/news/nation/2012/11/04/chelation-therapy-heart-disease/1678251/,https://www.healthnewsreview.org/review/researchers-raise-concerns-over-chelation-heart-study/
HealthStory,story_reviews_00798,2,Early Autism Treatment Benefits Kids’ Brains,Early Autism Treatment Benefits Kids’ Brains,WebMD,http://www.webmd.com/brain/autism/news/20121029/early-autism-treatment-kids-brains,https://www.healthnewsreview.org/review/early-autism-treatment-benefits-kids-brains/
HealthStory,story_reviews_00799,5,The Berry Essence of Fat Burning?,The Berry Essence of Fat Burning?,The Wall Street Journal,http://online.wsj.com/article/SB10001424052970204840504578084811010354082.html,https://www.healthnewsreview.org/review/the-berry-essence-of-fat-burning/
HealthStory,story_reviews_00800,3,"You are getting cooler: Hypnosis works for hot flashes, study finds","You are getting cooler: Hypnosis works for hot flashes, study finds",Los Angeles Times,"http://www.latimes.com/health/boostershots/la-heb-hypnosis-hot-flashes-menopause-20121025,0,4728822.story",https://www.healthnewsreview.org/review/you-are-getting-cooler-hypnosis-works-for-hot-flashes-study-finds/
HealthStory,story_reviews_00801,2,Hypnosis Halts Hot Flashes for Some Women,Hypnosis Halts Hot Flashes for Some Women,WebMD,http://www.webmd.com/menopause/news/20121025/hypnosis_halts_hot_flashes,https://www.healthnewsreview.org/review/hypnosis-halts-hot-flashes-for-some-women/
HealthStory,story_reviews_00802,1,Israeli medical device offers new Alzheimer’s treatment,Israeli medical device offers new Alzheimer’s treatment,Reuters Health,http://www.reuters.com/article/2012/10/24/us-neuronix-alzheimers-idUSBRE89N0O520121024,https://www.healthnewsreview.org/review/israeli-medical-device-offers-new-alzheimers-treatment/
HealthStory,story_reviews_00803,5,Study: Multivitamins may lower cancer risk in men,Study: Multivitamins may lower cancer risk in men,Associated Press,http://www.usatoday.com/story/news/nation/2012/10/17/multivitamins-cancer-risk-men/1638929/,https://www.healthnewsreview.org/review/study-multivitamins-may-lower-cancer-risk-in-men/
HealthStory,story_reviews_00804,4,Daily multivitamin shown to help ward off cancer in men,Daily multivitamin shown to help ward off cancer in men,Reuters Health,http://www.reuters.com/article/2012/10/17/us-cancer-vitamins-idUSBRE89G11U20121017,https://www.healthnewsreview.org/review/daily-multivitamin-shown-to-help-ward-off-cancer-in-men/
HealthStory,story_reviews_00805,3,"Epilepsy Drug Shows Promise as Weight-Loss Aid, Study Says","Epilepsy Drug Shows Promise as Weight-Loss Aid, Study Says",Health Day,http://consumer.healthday.com/Article.asp?AID=669639,https://www.healthnewsreview.org/review/epilepsy-drug-shows-promise-as-weight-loss-aid-study-says/
HealthStory,story_reviews_00806,2,Options in Treating Incontinence,Options in Treating Incontinence,The New York Times,http://well.blogs.nytimes.com/2012/10/15/options-in-treating-incontinence/?ref=health,https://www.healthnewsreview.org/review/options-in-treating-incontinence/
HealthStory,story_reviews_00807,0,Measuring Brain Plaques May Yield Clues to Alzheimer’s Risk,Measuring Brain Plaques May Yield Clues to Alzheimer’s Risk,Health Day,http://consumer.healthday.com/Article.asp?AID=669532,https://www.healthnewsreview.org/review/measuring-brain-plaques-may-yield-clues-to-alzheimers-risk/
HealthStory,story_reviews_00808,4,Cervical cancer vaccine in early stages,Cervical cancer vaccine in early stages,CNN,http://thechart.blogs.cnn.com/2012/10/10/cervical-cancer-vaccine-in-early-stages/?hpt=he_c2,https://www.healthnewsreview.org/review/cervical-cancer-vaccine-in-early-stages/
HealthStory,story_reviews_00809,3,Cervical cancer vaccine shows promise,Cervical cancer vaccine shows promise,The Philadelphia Inquirer,http://www.philly.com/philly/health/20121011_Cervical_cancer_vaccine_shows_promise.html,https://www.healthnewsreview.org/review/cervical-cancer-vaccine-shows-promise/
HealthStory,story_reviews_00810,1,Covidien tools shown effective against PAD,Covidien tools shown effective against PAD,Star Tribune,http://www.startribune.com/business/173814851.html,https://www.healthnewsreview.org/review/covidien-tools-shown-effective-against-pad/
HealthStory,story_reviews_00811,4,"Tomato Helps Cut the Risk of a Stroke, Study Shows","Tomato Helps Cut the Risk of a Stroke, Study Shows",The Wall Street Journal,http://online.wsj.com/article/SB10000872396390444897304578044680394134430.html,https://www.healthnewsreview.org/review/tomato-helps-cut-the-risk-of-a-stroke-study-shows/
HealthStory,story_reviews_00812,4,Tomatoes may help reduce stroke risk,Tomatoes may help reduce stroke risk,CNN,http://thechart.blogs.cnn.com/2012/10/08/tomatoes-may-put-the-brakes-on-stroke/?hpt=he_c2,https://www.healthnewsreview.org/review/tomatoes-may-help-reduce-stroke-risk/
HealthStory,story_reviews_00813,4,Tomatoes May Lower Your Risk for Stroke,Tomatoes May Lower Your Risk for Stroke,WebMD,http://www.webmd.com/stroke/news/20121008/tomatoes-may-lower-your-risk-stroke,https://www.healthnewsreview.org/review/tomatoes-may-lower-your-risk-for-stroke/
HealthStory,story_reviews_00814,4,A new course for concussions,A new course for concussions,The Philadelphia Inquirer,http://www.philly.com/philly/health/20121009_A_new_course_for_concussions.html,https://www.healthnewsreview.org/review/a-new-course-for-concussions/
HealthStory,story_reviews_00815,5,Alzheimer drug shows some promise in mild disease,Alzheimer drug shows some promise in mild disease,Associated Press,http://www.denverpost.com/fitness/ci_21725322/alzheimer-drug-shows-some-promise-mild-disease,https://www.healthnewsreview.org/review/alzheimer-drug-shows-some-promise-in-mild-disease/
HealthStory,story_reviews_00816,4,Alzheimer’s Drug Slows Memory Decline,Alzheimer’s Drug Slows Memory Decline,WebMD,http://www.webmd.com/alzheimers/news/20121008/alzheimers-drug-slows-memory-decline,https://www.healthnewsreview.org/review/alzheimers-drug-slows-memory-decline/
HealthStory,story_reviews_00817,4,Drug Shows Promise in Treating a Type of Muscular Dystrophy in Boys,Drug Shows Promise in Treating a Type of Muscular Dystrophy in Boys,The New York Times,http://www.nytimes.com/2012/10/04/business/drug-shows-promise-in-treating-type-of-muscular-dystrophy.html?ref=health,https://www.healthnewsreview.org/review/drug-shows-promise-in-treating-a-type-of-muscular-dystrophy-in-boys/
HealthStory,story_reviews_00818,4,Benefits Seen In Hormone Use Early In Menopause,Benefits Seen In Hormone Use Early In Menopause,Associated Press,http://www.huffingtonpost.com/2012/10/03/benefits-seen-in-hormone-_0_n_1935931.html,https://www.healthnewsreview.org/review/benefits-seen-in-hormone-use-early-in-menopause/
HealthStory,story_reviews_00819,2,Menopause Therapy Found Less Risky,Menopause Therapy Found Less Risky,The Wall Street Journal,http://online.wsj.com/article/SB10000872396390443493304578034442800175774.html?mod=googlenews_wsj,https://www.healthnewsreview.org/review/study-supports-hormone-treatments-for-menopause/
HealthStory,story_reviews_00820,3,Is a 3-D Mammogram Better at Avoiding False Positives?,Is a 3-D Mammogram Better at Avoiding False Positives?,The Wall Street Journal,http://online.wsj.com/article/SB10000872396390444712904578024932844225310.html?mod=WSJ_0_0_WP_2715_RIGHTTopCarousel_1,https://www.healthnewsreview.org/review/is-a-3-d-mammogram-better-at-avoiding-false-positives/
HealthStory,story_reviews_00821,1,"New Anti-Clotting Drug Bests Warfarin, Study Says","New Anti-Clotting Drug Bests Warfarin, Study Says",Health Day,http://consumer.healthday.com/Article.asp?AID=669118,https://www.healthnewsreview.org/review/new-anti-clotting-drug-bests-warfarin-study-says/
HealthStory,story_reviews_00822,3,New Melanoma Treatment Might Delay Cancer Progression,New Melanoma Treatment Might Delay Cancer Progression,Health Day,http://consumer.healthday.com/Article.asp?AID=669108,https://www.healthnewsreview.org/review/new-melanoma-treatment-might-delay-cancer-progression/
HealthStory,story_reviews_00823,3,DNA markers may predict impotence after prostate cancer,DNA markers may predict impotence after prostate cancer,MSNBC,http://vitals.nbcnews.com/_news/2012/09/27/14114422-dna-markers-may-predict-impotence-after-prostate-cancer,https://www.healthnewsreview.org/review/dna-markers-may-predict-impotence-after-prostate-cancer/
HealthStory,story_reviews_00824,3,New Device May Reduce Repeat Breast Cancer Surgeries,New Device May Reduce Repeat Breast Cancer Surgeries,Health Day,http://consumer.healthday.com/Article.asp?AID=668522,https://www.healthnewsreview.org/review/new-device-may-reduce-repeat-breast-cancer-surgeries/
HealthStory,story_reviews_00825,5,"Study: Placebo or not, acupuncture helps with pain","Study: Placebo or not, acupuncture helps with pain",Associated Press,http://www.usatoday.com/news/story/2012/09/10/study-placebo-or-not-acupuncture-helps-with-pain/57735412/1,https://www.healthnewsreview.org/review/study-placebo-or-not-acupuncture-helps-with-pain/
HealthStory,story_reviews_00826,3,Acupuncture has limited benefit for chronic pain,Acupuncture has limited benefit for chronic pain,Reuters Health,http://www.reuters.com/article/2012/09/10/us-health-accupuncture-idUSBRE88916A20120910,https://www.healthnewsreview.org/review/acupuncture-has-limited-benefit-for-chronic-pain/
HealthStory,story_reviews_00827,3,"Relief for Severe Asthma, at a High Price","Relief for Severe Asthma, at a High Price",The New York Times,http://well.blogs.nytimes.com/2012/09/03/relief-for-severe-asthma-at-a-high-price/?ref=health,https://www.healthnewsreview.org/review/relief-for-severe-asthma-at-a-high-price/
HealthStory,story_reviews_00828,2,Heart study helps save lives of young athletes,Heart study helps save lives of young athletes,USA Today,http://www.usatoday.com/news/health/story/2012-08-26/heart-study-young-athletes/57331496/1,https://www.healthnewsreview.org/review/heart-study-helps-save-lives-of-young-athletes/
HealthStory,story_reviews_00829,4,Circumcision pluses outweigh risks: Pediatricians,Circumcision pluses outweigh risks: Pediatricians,Associated Press,http://www.denverpost.com/fitness/ci_21407043/circumcision-pluses-outweigh-risks-pediatricians,https://www.healthnewsreview.org/review/circumcision-pluses-outweigh-risks-pediatricians/
HealthStory,story_reviews_00830,4,Pediatricians Decide Boys Are Better Off Circumcised Than Not,Pediatricians Decide Boys Are Better Off Circumcised Than Not,NPR,http://www.npr.org/blogs/health/2012/08/27/159955340/pediatricians-decide-boys-are-better-off-circumcised-than-not,https://www.healthnewsreview.org/review/pediatricians-decide-boys-are-better-off-circumcised-than-not/
HealthStory,story_reviews_00831,4,Walnuts May Improve Sperm Quality in Healthy Men,Walnuts May Improve Sperm Quality in Healthy Men,WebMD,http://www.webmd.com/infertility-and-reproduction/news/20120815/walnuts-may-improve-sperm-quality-healthy-men,https://www.healthnewsreview.org/review/walnuts-may-improve-sperm-quality-in-healthy-men/
HealthStory,story_reviews_00832,5,Can daily aspirin help ward off cancer?,Can daily aspirin help ward off cancer?,Reuters Health,http://www.reuters.com/article/2012/08/10/us-aspirin-cancer-idUSBRE87914Z20120810,https://www.healthnewsreview.org/review/can-daily-aspirin-help-ward-off-cancer/
HealthStory,story_reviews_00833,4,Daily Aspirin May Reduce Risk of Cancer Death,Daily Aspirin May Reduce Risk of Cancer Death,WebMD,http://www.webmd.com/cancer/news/20120812/aspirin-may-cut-risk-of-cancer-death,https://www.healthnewsreview.org/review/daily-aspirin-may-reduce-risk-of-cancer-death/
HealthStory,story_reviews_00834,5,U-M oversees cutting-edge trial that offers hope in fight against Lou Gehrig’s disease,U-M oversees cutting-edge trial that offers hope in fight against Lou Gehrig’s disease,Detroit Free Press,http://www.freep.com/apps/pbcs.dll/article?AID=2012308050233,https://www.healthnewsreview.org/review/u-m-oversees-cutting-edge-trial-that-offers-hope-in-fight-against-lou-gehrigs-disease/
HealthStory,story_reviews_00835,5,Magnetic stimulation helps some people with treatment-resistant depression,Magnetic stimulation helps some people with treatment-resistant depression,The Washington Post,http://www.washingtonpost.com/national/health-science/magnetic-stimulation-helps-some-people-with-treatment-resistant-depression/2012/08/03/66922da8-d672-11e1-b2d5-2419d227d8b0_print.html,https://www.healthnewsreview.org/review/magnetic-stimulation-helps-some-people-with-treatment-resistant-depression/
HealthStory,story_reviews_00836,4,Hormone boosts mental function in small study,Hormone boosts mental function in small study,Reuters Health,http://in.reuters.com/article/2012/08/06/us-hormone-mental-function-idINBRE8751BD20120806,https://www.healthnewsreview.org/review/hormone-boosts-mental-function-in-small-study/
HealthStory,story_reviews_00837,3,"Hormone May Boost Aging, Failing Brains","Hormone May Boost Aging, Failing Brains",Health Day,http://consumer.healthday.com/Article.asp?AID=667426,https://www.healthnewsreview.org/review/hormone-may-boost-aging-failing-brains/
HealthStory,story_reviews_00838,4,Study: PSA Testing Cuts Worst Prostate Cancers,Study: PSA Testing Cuts Worst Prostate Cancers,WebMD,http://www.webmd.com/prostate-cancer/news/20120730/study-psa-testing-cuts-worst-prostate-cancers,https://www.healthnewsreview.org/review/study-psa-testing-cuts-worst-prostate-cancers/
HealthStory,story_reviews_00839,4,Abandoning PSA Screening Could Cost Lives: Study,Abandoning PSA Screening Could Cost Lives: Study,Health Day,http://health.usnews.com/health-news/news/articles/2012/07/30/abandoning-psa-screening-could-cost-lives-study,https://www.healthnewsreview.org/review/abandoning-psa-screening-could-cost-lives-study/
HealthStory,story_reviews_00840,3,Prostate Cancer Screening: Why Can’t Doctors Agree?,Prostate Cancer Screening: Why Can’t Doctors Agree?,Time,http://healthland.time.com/2012/07/30/prostate-cancer-screening-why-cant-doctors-agree/,https://www.healthnewsreview.org/review/prostate-cancer-screening-why-cant-doctors-agree/
HealthStory,story_reviews_00841,4,Immune-Disorder Drug Shows Promise for Alzheimer’s,Immune-Disorder Drug Shows Promise for Alzheimer’s,The Wall Street Journal,http://online.wsj.com/article/SB10001424052702303754904577532833079592486.html,https://www.healthnewsreview.org/review/immune-disorder-drug-shows-promise-for-alzheimers-2/
HealthStory,story_reviews_00842,3,Fruitful news from tart cherry studies,Fruitful news from tart cherry studies,Los Angeles Times,"http://www.latimes.com/health/la-he-sour-cherry-20120714,0,4603452.story",https://www.healthnewsreview.org/review/fruitful-news-from-tart-cherry-studies/
HealthStory,story_reviews_00843,2,A New Check for Heart Problems,A New Check for Heart Problems,The Wall Street Journal,http://online.wsj.com/article/SB10001424052702304550004577508733483782646.html,https://www.healthnewsreview.org/review/a-new-check-for-heart-problems/
HealthStory,story_reviews_00844,4,Nutrient Drink Might Boost Memory in Early Alzheimer’s: Study,Nutrient Drink Might Boost Memory in Early Alzheimer’s: Study,Health Day,http://consumer.healthday.com/Article.asp?AID=666520,https://www.healthnewsreview.org/review/nutrient-drink-might-boost-memory-in-early-alzheimers-study/
HealthStory,story_reviews_00845,5,A New Treatment’s Tantalizing Promise Brings Heartbreaking Ups and Downs,A New Treatment’s Tantalizing Promise Brings Heartbreaking Ups and Downs,The New York Times,http://www.nytimes.com/2012/07/09/health/new-frontiers-of-cancer-treatment-bring-breathtaking-swings.html?_r=1&ref=health,https://www.healthnewsreview.org/review/a-new-treatments-tantalizing-promise-brings-heartbreaking-ups-and-downs/
HealthStory,story_reviews_00846,3,New Laser Aims to Zap Cellulite at the Source,New Laser Aims to Zap Cellulite at the Source,The Wall Street Journal,http://online.wsj.com/article/SB10001424052702303649504577496981754619546.html?mod=health_newsreel,https://www.healthnewsreview.org/review/new-laser-aims-to-zap-cellulite-at-the-source/
HealthStory,story_reviews_00847,2,Gene healing in a lotion? Researchers say they’re close,Gene healing in a lotion? Researchers say they’re close,MSNBC,http://vitals.msnbc.msn.com/_news/2012/07/02/12526461-gene-healing-in-a-lotion-researchers-say-theyre-close?lite,https://www.healthnewsreview.org/review/gene-healing-in-a-lotion-researchers-say-theyre-close/
HealthStory,story_reviews_00848,5,Botox may help multiple sclerosis tremors,Botox may help multiple sclerosis tremors,Reuters Health,http://www.reuters.com/article/2012/07/03/us-botox-sclerosis-idUSBRE8611AJ20120703,https://www.healthnewsreview.org/review/botox-may-help-multiple-sclerosis-tremors/
HealthStory,story_reviews_00849,3,Gel Shows Promise as Future Male Contraceptive,Gel Shows Promise as Future Male Contraceptive,Health Day,http://consumer.healthday.com/Article.asp?AID=666342,https://www.healthnewsreview.org/review/gel-shows-promise-as-future-male-contraceptive/
HealthStory,story_reviews_00850,4,Newer ‘Second-Line’ Diabetes Drug May Outperform Older Meds,Newer ‘Second-Line’ Diabetes Drug May Outperform Older Meds,HealthDay,http://consumer.healthday.com/Article.asp?AID=666147,https://www.healthnewsreview.org/review/newer-second-line-diabetes-drug-may-outperform-older-meds/
HealthStory,story_reviews_00851,4,"Not All Calories Equal, Study Shows","Not All Calories Equal, Study Shows",The Wall Street Journal,http://online.wsj.com/article/SB10001424052702304458604577490943279845790.html,https://www.healthnewsreview.org/review/not-all-calories-equal-study-shows/
HealthStory,story_reviews_00852,5,Low-carb diet burns the most calories in small study,Low-carb diet burns the most calories in small study,USA Today,http://www.usatoday.com/news/health/story/2012-06-27/calories-low-carb-weight-loss/55843134/1,https://www.healthnewsreview.org/review/low-carb-diet-burns-the-most-calories-in-small-study/
HealthStory,story_reviews_00853,3,Brain EEG Test Might Help Spot Autism: Study,Brain EEG Test Might Help Spot Autism: Study,Health Day,http://consumer.healthday.com/Article.asp?AID=666037,https://www.healthnewsreview.org/review/brain-eeg-test-might-help-spot-autism-study/
HealthStory,story_reviews_00854,5,Seaweed supplement may aid weight loss: study,Seaweed supplement may aid weight loss: study,Reuters Health,http://www.reuters.com/article/2012/06/13/us-seaweed-weightloss-idUSBRE85C1DD20120613,https://www.healthnewsreview.org/review/seaweed-supplement-may-aid-weight-loss-study/
HealthStory,story_reviews_00855,1,Study questions efficacy and safety of knee injections,Study questions efficacy and safety of knee injections,CNN,http://thechart.blogs.cnn.com/2012/06/11/study-questions-efficacy-and-safety-of-knee-injections/?hpt=he_c2,https://www.healthnewsreview.org/review/study-questions-efficacy-and-safety-of-knee-injections/
HealthStory,story_reviews_00856,4,Type 1 Diabetes Stem Cell Treatment Shows Promise,Type 1 Diabetes Stem Cell Treatment Shows Promise,WebMD,http://diabetes.webmd.com/news/20120611/stem-cells-type-1-diabetes,https://www.healthnewsreview.org/review/type-1-diabetes-stem-cell-treatment-shows-promise/
HealthStory,story_reviews_00857,3,Drinking Coffee May Delay Alzheimer’s Disease,Drinking Coffee May Delay Alzheimer’s Disease,WebMD,http://www.webmd.com/alzheimers/news/20120607/coffee-may-help-turn-tide-on-alzheimers-disease,https://www.healthnewsreview.org/review/drinking-coffee-may-delay-alzheimers-disease/
HealthStory,story_reviews_00858,3,Blood Tests Might Help Guide Breast Cancer Care,Blood Tests Might Help Guide Breast Cancer Care,Health Day,http://consumer.healthday.com/Article.asp?AID=665443,https://www.healthnewsreview.org/review/blood-tests-might-help-guide-breast-cancer-care/
HealthStory,story_reviews_00859,3,New Epilepsy Tactic: Fight Inflammation,New Epilepsy Tactic: Fight Inflammation,The New York Times,http://www.nytimes.com/2012/06/05/health/research/new-epilepsy-tactic-fight-inflammation.html?_r=1&ref=health,https://www.healthnewsreview.org/review/new-epilepsy-tactic-fight-inflammation/
HealthStory,story_reviews_00860,5,Study: Dark Chocolate May Lower Heart Disease and Stroke Risks,Study: Dark Chocolate May Lower Heart Disease and Stroke Risks,WebMD,http://www.webmd.com/heart-disease/news/20120531/will-dark-chocolate-day-keep-doctor-away,https://www.healthnewsreview.org/review/study-dark-chocolate-may-lower-heart-disease-and-stroke-risks/
HealthStory,story_reviews_00861,3,Can Aspirin Help Ward Off Skin Cancer?,Can Aspirin Help Ward Off Skin Cancer?,Time,http://healthland.time.com/2012/05/29/can-aspirin-help-ward-off-skin-cancer/,https://www.healthnewsreview.org/review/can-aspirin-help-ward-off-skin-cancer/
HealthStory,story_reviews_00862,4,Common Painkillers May Help Prevent Skin Cancer: Study,Common Painkillers May Help Prevent Skin Cancer: Study,Health Day,http://consumer.healthday.com/Article.asp?AID=665168,https://www.healthnewsreview.org/review/common-painkillers-may-help-prevent-skin-cancer-study/
HealthStory,story_reviews_00863,5,Drastic method targets hard-to-treat hypertension,Drastic method targets hard-to-treat hypertension,Associated Press,http://www.msnbc.msn.com/id/47590752/ns/health-health_care/#.T8TL6b_D78A,https://www.healthnewsreview.org/review/drastic-method-targets-hard-to-treat-hypertension/
HealthStory,story_reviews_00864,4,Long-Lasting Birth Control Cuts Pregnancy Rate,Long-Lasting Birth Control Cuts Pregnancy Rate,The Wall Street Journal,http://online.wsj.com/article/SB10001424052702304707604577422553757669354.html,https://www.healthnewsreview.org/review/long-lasting-birth-control-cuts-pregnancy-rate/
HealthStory,story_reviews_00865,2,New Blood Thinner May Lower Chances of Clots in High-Risk Heart Patients: FDA,New Blood Thinner May Lower Chances of Clots in High-Risk Heart Patients: FDA,Health Day,http://consumer.healthday.com/Article.asp?AID=664984,https://www.healthnewsreview.org/review/new-blood-thinner-may-lower-chances-of-clots-in-high-risk-heart-patients-fda/
HealthStory,story_reviews_00866,4,Chinese Herb Kudzu May Help Drinkers Cut Down,Chinese Herb Kudzu May Help Drinkers Cut Down,WebMD,http://www.webmd.com/mental-health/alcohol-abuse/news/20120517/chinese-herb-kudzu-may-help-drinkers-cut-down?page=2&print=true,https://www.healthnewsreview.org/review/chinese-herb-kudzu-may-help-drinkers-cut-down/
HealthStory,story_reviews_00867,2,Acupuncture May Be Worth a Shot for COPD,Acupuncture May Be Worth a Shot for COPD,WebMD,http://www.webmd.com/lung/news/20120514/acupuncture-may-be-worth-shot-for-copd,https://www.healthnewsreview.org/review/acupuncture-may-be-worth-a-shot-for-copd/
HealthStory,story_reviews_00868,3,New Method Easing Preparation May Encourage Colon Checks,New Method Easing Preparation May Encourage Colon Checks,The Wall Street Journal,http://blogs.wsj.com/health/2012/05/14/new-method-easing-preparation-may-encourage-colon-checks/,https://www.healthnewsreview.org/review/new-method-easing-preparation-may-encourage-colon-checks/
HealthStory,story_reviews_00869,5,Prep-free virtual colonoscopy could be as effective as scope procedure,Prep-free virtual colonoscopy could be as effective as scope procedure,The Boston Globe,http://www.boston.com/Boston/dailydose/2012/05/prep-free-virtual-colonoscopy-could-effective-scope-procedure/WgEstvjqpsR3sShkUbOdoI/story.html,https://www.healthnewsreview.org/review/prep-free-virtual-colonoscopy-could-be-as-effective-as-scope-procedure/
HealthStory,story_reviews_00870,1,Eggs at Breakfast May Delay Hunger,Eggs at Breakfast May Delay Hunger,WebMD,http://www.webmd.com/diet/news/20120511/eggs-at-breakfast-may-delay-hunger,https://www.healthnewsreview.org/review/eggs-at-breakfast-may-delay-hunger/
HealthStory,story_reviews_00871,1,Egg producers fund study confirming the health benefits of eggs,Egg producers fund study confirming the health benefits of eggs,Los Angeles Times,"http://www.latimes.com/health/boostershots/la-heb-egg-protein-breakfast-diet-20120512,0,3093964.story",https://www.healthnewsreview.org/review/egg-producers-fund-study-confirming-the-health-benefits-of-eggs/
HealthStory,story_reviews_00872,5,Marijuana may ease multiple sclerosis symptoms,Marijuana may ease multiple sclerosis symptoms,Reuters Health,http://www.reuters.com/article/2012/05/14/us-marijuana-sclerosis-idUSBRE84D0RS20120514,https://www.healthnewsreview.org/review/marijuana-may-ease-multiple-sclerosis-symptoms/
HealthStory,story_reviews_00873,5,Men’s fertility test available for home,Men’s fertility test available for home,Chicago Tribune,"http://www.chicagotribune.com/health/ct-x-at-home-sperm-test-20120502,0,4880709.story",https://www.healthnewsreview.org/review/mens-fertility-test-available-for-home/
HealthStory,story_reviews_00874,3,How That Glass of Red Wine Might Help You Live Longer,How That Glass of Red Wine Might Help You Live Longer,Health Day,http://consumer.healthday.com/Article.asp?AID=664276,https://www.healthnewsreview.org/review/how-that-glass-of-red-wine-might-help-you-live-longer/
HealthStory,story_reviews_00875,5,Mixed message on antidepressant for hot flashes,Mixed message on antidepressant for hot flashes,Reuters Health,http://www.reuters.com/article/2012/04/23/us-mixed-message-antidepressant-idUSBRE83M15020120423,https://www.healthnewsreview.org/review/mixed-message-on-antidepressant-for-hot-flashes/
HealthStory,story_reviews_00876,4,Preventive medicines can help migraine sufferers,Preventive medicines can help migraine sufferers,USA Today,http://www.usatoday.com/news/health/story/2012-04-20/migraine-guidelines/54489780/1,https://www.healthnewsreview.org/review/preventive-medicines-can-help-migraine-sufferers/
HealthStory,story_reviews_00877,3,Experts issue new guidelines for preventing migraines with drugs,Experts issue new guidelines for preventing migraines with drugs,Los Angeles Times,"http://www.latimes.com/health/boostershots/la-heb-migraine-prevention-guidelines-20120423,0,1438243.story",https://www.healthnewsreview.org/review/experts-issue-new-guidelines-for-preventing-migraines-with-drugs/
HealthStory,story_reviews_00878,4,Surgery for migraines: Help or hokum?,Surgery for migraines: Help or hokum?,The Philadelphia Inquirer,http://www.philly.com/philly/health/20120421_Surgery_for_migraines__A_big_help_or_hokum_.html,https://www.healthnewsreview.org/review/surgery-for-migraines-help-or-hokum/
HealthStory,story_reviews_00879,3,"Alzheimer’s: New test aids early diagnosis, but worth it to know?","Alzheimer’s: New test aids early diagnosis, but worth it to know?",Los Angeles Times,"http://www.latimes.com/health/boostershots/la-heb-diagnosing-alzheimers-test-20120416,0,7996579.story",https://www.healthnewsreview.org/review/alzheimers-new-test-aids-early-diagnosis-but-worth-it-to-know/
HealthStory,story_reviews_00880,1,Experimental Prostate Cancer Treatment Shows Promise,Experimental Prostate Cancer Treatment Shows Promise,Time,http://healthland.time.com/2012/04/17/experimental-prostate-cancer-treatment-shows-promise/,https://www.healthnewsreview.org/review/experimental-prostate-cancer-treatment-shows-promise/
HealthStory,story_reviews_00881,3,Are breast lumps cancerous? A new device may help,Are breast lumps cancerous? A new device may help,The Philadelphia Inquirer,http://www.philly.com/philly/health/20120416_Are_breast_lumps_cancerous__A_new_device_may_help.html,https://www.healthnewsreview.org/review/are-breast-lumps-cancerous-a-new-device-may-help/
HealthStory,story_reviews_00882,3,Thyme’s Time as Acne Remedy May Be Coming Soon,Thyme’s Time as Acne Remedy May Be Coming Soon,WebMD,http://www.webmd.com/skin-problems-and-treatments/acne/news/20120412/thymes-time-as-acne-remedy-may-be-coming_soon,https://www.healthnewsreview.org/review/thymes-time-as-acne-remedy-may-be-coming-soon/
HealthStory,story_reviews_00883,2,Treating Sleep Apnea Without the Mask,Treating Sleep Apnea Without the Mask,The New York Times,http://well.blogs.nytimes.com/2012/04/09/treating-sleep-apnea-without-the-mask/?ref=health,https://www.healthnewsreview.org/review/treating-sleep-apnea-without-the-mask/
HealthStory,story_reviews_00884,2,Soy Supplements Can Cool Hot Flashes: Study,Soy Supplements Can Cool Hot Flashes: Study,WebMD,http://www.webmd.com/menopause/news/20120409/soy-supplements-can-cool-hot-flashes-study,https://www.healthnewsreview.org/review/soy-supplements-can-cool-hot-flashes-study/
HealthStory,story_reviews_00885,1,Hormone replacement therapy regains popularity,Hormone replacement therapy regains popularity,The Dallas Morning News,http://www.dallasnews.com/health/diseases-cures/headlines/20120402-hormone-replacement-therapy-regains-popularity.ece,https://www.healthnewsreview.org/review/hormone-replacement-therapy-regains-popularity/
HealthStory,story_reviews_00886,3,"Berries, Tea May Cut Men’s Odds for Parkinson’s: Study","Berries, Tea May Cut Men’s Odds for Parkinson’s: Study",Health Day,http://consumer.healthday.com/Article.asp?AID=663440,https://www.healthnewsreview.org/review/berries-tea-may-cut-mens-odds-for-parkinsons-study/
HealthStory,story_reviews_00887,4,Early Study Hints That Breast Cancer Vaccine Might Work,Early Study Hints That Breast Cancer Vaccine Might Work,Health Day,http://consumer.healthday.com/Article.asp?AID=663304,https://www.healthnewsreview.org/review/early-study-hints-that-breast-cancer-vaccine-might-work/
HealthStory,story_reviews_00888,2,New Scanning Technology Might Help Guide Prostate Cancer Care,New Scanning Technology Might Help Guide Prostate Cancer Care,Health Day,http://consumer.healthday.com/Article.asp?AID=663180,https://www.healthnewsreview.org/review/new-scanning-technology-might-help-guide-prostate-cancer-care/
HealthStory,story_reviews_00889,1,Electroacupuncture may be effective for depression: study,Electroacupuncture may be effective for depression: study,Reuters Health,http://www.reuters.com/article/2012/03/29/us-acupuncture-hongkong-depression-idUSBRE82S0FN20120329,https://www.healthnewsreview.org/review/electroacupuncture-may-be-effective-for-depression-study/
HealthStory,story_reviews_00890,5,Bypass Less Risky Than Stent Use Over Long Term,Bypass Less Risky Than Stent Use Over Long Term,The Wall Street Journal,http://online.wsj.com/article/SB10001424052702303404704577307684080395176.html,https://www.healthnewsreview.org/review/bypass-less-risky-than-stent-use-over-long-term/
HealthStory,story_reviews_00891,4,Study sees lower death risk with bypass surgery versus angioplasty for older heart patients,Study sees lower death risk with bypass surgery versus angioplasty for older heart patients,Associated Press,http://www.washingtonpost.com/national/health-science/study-sees-lower-death-risk-with-bypass-surgery-versus-angioplasty-for-older-heart-patients/2012/03/27/gIQAhbTDeS_story.html,https://www.healthnewsreview.org/review/study-sees-lower-death-risk-with-bypass-surgery-versus-angioplasty-for-older-heart-patients/
HealthStory,story_reviews_00892,4,Bypass Surgery Edges Stents For Heart Treatment,Bypass Surgery Edges Stents For Heart Treatment,NPR,http://www.npr.org/blogs/health/2012/03/27/149458849/bypass-surgery-edges-stents-for-heart-treatment?ps=sh_sthdl,https://www.healthnewsreview.org/review/bypass-surgery-edges-stents-for-heart-treatment/
HealthStory,story_reviews_00893,3,Green coffee beans show potential for losing weight,Green coffee beans show potential for losing weight,Los Angeles Times,"http://www.latimes.com/health/la-he-green-coffee-weight-loss-20120328,0,4627793.story",https://www.healthnewsreview.org/review/green-coffee-beans-show-potential-for-losing-weight/
HealthStory,story_reviews_00894,3,Could Unroasted Coffee Beans Help You Shed Pounds?,Could Unroasted Coffee Beans Help You Shed Pounds?,Health Day,http://consumer.healthday.com/Article.asp?AID=662990,https://www.healthnewsreview.org/review/could-unroasted-coffee-beans-help-you-shed-pounds/
HealthStory,story_reviews_00895,4,Experimental cholesterol drug results called ‘game changing’,Experimental cholesterol drug results called ‘game changing’,CNN Health,http://thechart.blogs.cnn.com/2012/03/22/experimental-cholesterol-drug-results-called-game-changing/?hpt=he_c2,https://www.healthnewsreview.org/review/experimental-cholesterol-drug-results-called-game-changing/
HealthStory,story_reviews_00896,4,Less Invasive Hernia Procedure Easier on Patients: Study,Less Invasive Hernia Procedure Easier on Patients: Study,Health Day,http://consumer.healthday.com/Article.asp?AID=662912,https://www.healthnewsreview.org/review/less-invasive-hernia-procedure-easier-on-patients-study/
HealthStory,story_reviews_00897,2,New Procedure Makes Hyperhidrosis No Sweat,New Procedure Makes Hyperhidrosis No Sweat,WebMD,http://www.webmd.com/healthy-beauty/news/20120319/zap-excess-sweat,https://www.healthnewsreview.org/review/new-procedure-makes-hyperhidrosis-no-sweat/
HealthStory,story_reviews_00898,1,Topical Gel Treats Precancerous Skin Condition,Topical Gel Treats Precancerous Skin Condition,WebMD,http://www.webmd.com/skin-problems-and-treatments/news/20120315/topical-gel-treats-precancerous-skin-condition,https://www.healthnewsreview.org/review/topical-gel-treats-precancerous-skin-condition/
HealthStory,story_reviews_00899,3,‘Cutting’ your risk of prostate cancer,‘Cutting’ your risk of prostate cancer,CNN,http://thechart.blogs.cnn.com/2012/03/12/cutting-your-risk-of-prostate-cancer/?hpt=he_c2,https://www.healthnewsreview.org/review/cutting-your-risk-of-prostate-cancer/
HealthStory,story_reviews_00900,3,Can Statins Prevent Parkinson’s Disease?,Can Statins Prevent Parkinson’s Disease?,Health Day,http://consumer.healthday.com/Article.asp?AID=662667,https://www.healthnewsreview.org/review/can-statins-prevent-parkinsons-disease/
HealthStory,story_reviews_00901,4,Study suggests overall benefit from antidepressants,Study suggests overall benefit from antidepressants,Reuters Health,http://www.reuters.com/article/2012/03/07/us-study-antidepressants-idUSTRE82623V20120307,https://www.healthnewsreview.org/review/study-suggests-overall-benefit-from-antidepressants/
HealthStory,story_reviews_00902,3,New melanoma treatment — a turning point against cancer?,New melanoma treatment — a turning point against cancer?,MSNBC,http://vitals.msnbc.msn.com/_news/2012/03/07/10602724-new-melanoma-treatment-a-turning-point-against-cancer,https://www.healthnewsreview.org/review/new-melanoma-treatment-a-turning-point-against-cancer/
HealthStory,story_reviews_00903,4,Researchers report progress in cancer immunotherapy,Researchers report progress in cancer immunotherapy,Los Angeles Times,"http://www.latimes.com/health/la-he-cancer-immunotherapy-20120305,0,6643402.story",https://www.healthnewsreview.org/review/researchers-report-progress-in-cancer-immunotherapy/
HealthStory,story_reviews_00904,4,Can Herbs Fight Asthma?,Can Herbs Fight Asthma?,WebMD,http://www.webmd.com/asthma/news/20120305/can-herbs-fight-asthma,https://www.healthnewsreview.org/review/can-herbs-fight-asthma/
HealthStory,story_reviews_00905,4,Robotic surgeries costlier but safer: study,Robotic surgeries costlier but safer: study,Reuters Health,http://www.reuters.com/article/2012/03/05/us-robots-surgery-idUSTRE82405320120305,https://www.healthnewsreview.org/review/robotic-surgeries-costlier-but-safer-study/
HealthStory,story_reviews_00906,2,Experimental treatment may help food allergies,Experimental treatment may help food allergies,CNN Health,http://thechart.blogs.cnn.com/2012/03/05/experimental-treatment-may-help-food-allergies/?hpt=he_c2,https://www.healthnewsreview.org/review/experimental-treatment-may-help-food-allergies/
HealthStory,story_reviews_00907,4,Vitamin A may slash melanoma risk,Vitamin A may slash melanoma risk,MSNBC,http://vitals.msnbc.msn.com/_news/2012/03/01/10548491-vitamin-a-may-slash-melanoma-risk,https://www.healthnewsreview.org/review/vitamin-a-may-slash-melanoma-risk/
HealthStory,story_reviews_00908,4,Omega-3 Fatty Acids May Protect the Aging Brain,Omega-3 Fatty Acids May Protect the Aging Brain,Health Day,http://consumer.healthday.com/Article.asp?AID=662183,https://www.healthnewsreview.org/review/omega-3-fatty-acids-may-protect-the-aging-brain/
HealthStory,story_reviews_00909,2,Omega-3 oils shown as good for brain health in study involving older people,Omega-3 oils shown as good for brain health in study involving older people,The Washington Post,http://www.washingtonpost.com/national/health-science/omega-3-oils-shown-as-good-for-brain-health-in-study-involving-older-people/2012/02/23/gIQAuzyVeR_story.html,https://www.healthnewsreview.org/review/omega-3-oils-shown-as-good-for-brain-health-in-study-involving-older-people/
HealthStory,story_reviews_00910,2,Study: Brain suffers when fish oil falls short,Study: Brain suffers when fish oil falls short,CNN Health,http://thechart.blogs.cnn.com/2012/02/27/study-brain-suffers-when-fish-oil-falls-short/?hpt=he_c2,https://www.healthnewsreview.org/review/study-brain-suffers-when-fish-oil-falls-short/
HealthStory,story_reviews_00911,4,Vitamin D3 Might Ease Menstrual Cramps,Vitamin D3 Might Ease Menstrual Cramps,Health Day,http://consumer.healthday.com/Article.asp?AID=662184,https://www.healthnewsreview.org/review/vitamin-d3-might-ease-menstrual-cramps/
HealthStory,story_reviews_00912,4,Experimental Drug Shows Promise Against Type 2 Diabetes,Experimental Drug Shows Promise Against Type 2 Diabetes,Health Day,http://consumer.healthday.com/Article.asp?AID=662137,https://www.healthnewsreview.org/review/experimental-drug-shows-promise-against-type-2-diabetes/
HealthStory,story_reviews_00913,1,"I’ll Take a Sperm Test, to Go: First at-Home Male-Infertility Test Debuts","I’ll Take a Sperm Test, to Go: First at-Home Male-Infertility Test Debuts",Time,http://healthland.time.com/2012/02/27/ill-take-a-sperm-test-to-go-first-at-home-male-infertility-test-debuts/?hpt=he_c2,https://www.healthnewsreview.org/review/ill-take-a-sperm-test-to-go-first-at-home-male-infertility-test-debuts/
HealthStory,story_reviews_00914,1,A New Approach to Treating Hair Loss,A New Approach to Treating Hair Loss,The New York Times,http://well.blogs.nytimes.com/2012/02/21/a-new-approach-to-hair-loss/?ref=health,https://www.healthnewsreview.org/review/a-new-approach-to-treating-hair-loss/
HealthStory,story_reviews_00915,4,Mammograms Can Save Lives of Women in Their 40s: Study,Mammograms Can Save Lives of Women in Their 40s: Study,Health Day,http://consumer.healthday.com/Article.asp?AID=661968,https://www.healthnewsreview.org/review/mammograms-can-save-lives-of-women-in-their-40s-study/
HealthStory,story_reviews_00916,2,New Mammogram Benefits for Women in Their 40s,New Mammogram Benefits for Women in Their 40s,WebMD,http://www.webmd.com/breast-cancer/news/20120222/new-mammogram-benefits-for-women-in-their-40s,https://www.healthnewsreview.org/review/new-mammogram-benefits-for-women-in-their-40s/
HealthStory,story_reviews_00917,2,Prevention: Fish Helps Reduce Risk of Polyps in Women,Prevention: Fish Helps Reduce Risk of Polyps in Women,The New York Times,http://www.nytimes.com/2012/02/21/health/research/fish-help-reduce-risk-of-one-kind-of-colon-polyp-in-women.html?ref=health,https://www.healthnewsreview.org/review/prevention-fish-helps-reduce-risk-of-polyps-in-women/
HealthStory,story_reviews_00918,5,The Healthy Skeptic: Probiotics could help in cold and flu season,The Healthy Skeptic: Probiotics could help in cold and flu season,Los Angeles Times,"http://www.latimes.com/health/la-he-skeptic-probiotic-immunity-20120220,0,4314012.story",https://www.healthnewsreview.org/review/the-healthy-skeptic-probiotics-could-help-in-cold-and-flu-season/
HealthStory,story_reviews_00919,3,Weight-Loss Drugs Face High Hurdles At FDA,Weight-Loss Drugs Face High Hurdles At FDA,NPR,http://www.npr.org/blogs/health/2012/02/17/146988891/weight-loss-drugs-face-high-hurdles-at-fda,https://www.healthnewsreview.org/review/weight-loss-drugs-face-high-hurdles-at-fda/
HealthStory,story_reviews_00920,3,Stop-Smoking Drug May Also Curb Problem Drinking,Stop-Smoking Drug May Also Curb Problem Drinking,Health Day,http://consumer.healthday.com/Article.asp?AID=661816,https://www.healthnewsreview.org/review/stop-smoking-drug-may-also-curb-problem-drinking/
HealthStory,story_reviews_00921,2,"The Best Foods for Thought, Literally","The Best Foods for Thought, Literally",The Wall Street Journal,http://online.wsj.com/article/SB10001424052970204062704577221473762012492.html,https://www.healthnewsreview.org/review/the-best-foods-for-thought-literally/
HealthStory,story_reviews_00922,4,"Patient’s own stem cells help heal heart, early research shows","Patient’s own stem cells help heal heart, early research shows",CNN Health,http://thechart.blogs.cnn.com/2012/02/13/patients-own-stem-cells-help-heal-heart-early-research-shows/,https://www.healthnewsreview.org/review/patients-own-stem-cells-help-heal-heart-early-research-shows/
HealthStory,story_reviews_00923,2,Scarred Hearts Healed After Heart Attack,Scarred Hearts Healed After Heart Attack,WebMD,http://www.webmd.com/heart-disease/news/20120213/scarred-hearts-healed-after-heart-attack,https://www.healthnewsreview.org/review/scarred-hearts-healed-after-heart-attack/
HealthStory,story_reviews_00924,1,New treatment deep freezes ovarian tumors,New treatment deep freezes ovarian tumors,USA Today,http://yourlife.usatoday.com/health/healthyperspective/post/2012/02/New-Treatment-Deep-Freezes-Ovarian-Tumors/619556/1,https://www.healthnewsreview.org/review/new-treatment-deep-freezes-ovarian-tumors/
HealthStory,story_reviews_00925,4,Tiny electrical shocks to the brain enhance memory: study,Tiny electrical shocks to the brain enhance memory: study,Reuters Health,http://www.reuters.com/article/2012/02/08/us-brain-stimulation-idUSTRE8172G320120208,https://www.healthnewsreview.org/review/tiny-electrical-shocks-to-the-brain-enhance-memory-study/
HealthStory,story_reviews_00926,4,"Electrical Brain Stimulation May Strengthen Memory, Study Says","Electrical Brain Stimulation May Strengthen Memory, Study Says",Health Day,http://consumer.healthday.com/Article.asp?AID=661597,https://www.healthnewsreview.org/review/electrical-brain-stimulation-may-strengthen-memory-study-says/
HealthStory,story_reviews_00927,2,Inventor says new heart catheter will save lives,Inventor says new heart catheter will save lives,Chicago Tribune,"http://www.chicagotribune.com/health/ct-x-0208-heart-catheter-invention-20120208,0,6856029.story",https://www.healthnewsreview.org/review/inventor-says-new-heart-catheter-will-save-lives/
HealthStory,story_reviews_00928,3,Heart Hormone Linked to Calorie-Burning Brown Fat,Heart Hormone Linked to Calorie-Burning Brown Fat,WebMD,http://www.webmd.com/diet/news/20120206/heart-hormone-linked-calorie-burning-brown-fat,https://www.healthnewsreview.org/review/heart-hormone-linked-to-calorie-burning-brown-fat/
HealthStory,story_reviews_00929,3,New Drug Treats Fibroids With Fewer Side Effects,New Drug Treats Fibroids With Fewer Side Effects,WebMD,http://women.webmd.com/uterine-fibroids/news/20120201/new-drug-effective-fibroid-treatment,https://www.healthnewsreview.org/review/new-drug-treats-fibroids-with-fewer-side-effects/
HealthStory,story_reviews_00930,3,New European pill works against uterine fibroids,New European pill works against uterine fibroids,Associated Press,http://www.denverpost.com/fitness/ci_19870044,https://www.healthnewsreview.org/review/new-european-pill-works-against-uterine-fibroids/
HealthStory,story_reviews_00931,3,FDA Approves Cystic Fibrosis Drug,FDA Approves Cystic Fibrosis Drug,The Wall Street Journal,http://online.wsj.com/article/SB10001424052970204740904577195144014038270.html,https://www.healthnewsreview.org/review/fda-approves-cystic-fibrosis-drug/
HealthStory,story_reviews_00932,5,Study clouds evidence on soy and menopause,Study clouds evidence on soy and menopause,Reuters Health,http://www.reuters.com/article/2012/01/30/us-soy-menopause-idUSTRE80T1WV20120130,https://www.healthnewsreview.org/review/study-clouds-evidence-on-soy-and-menopause/
HealthStory,story_reviews_00933,3,Hot flash remedies: Estrogen may be the best answer,Hot flash remedies: Estrogen may be the best answer,USA Today,http://yourlife.usatoday.com/health/medical/womenshealth/story/2012-01-16/Hot-flash-remedies-Estrogen-may-be-the-best-answer/52604096/1,https://www.healthnewsreview.org/review/hot-flash-remedies-estrogen-may-be-the-best-answer/
HealthStory,story_reviews_00934,3,Drug Duo May Help Fight Aggressive Form of Breast Cancer,Drug Duo May Help Fight Aggressive Form of Breast Cancer,Health Day,http://consumer.healthday.com/Article.asp?AID=660800,https://www.healthnewsreview.org/review/drug-duo-may-help-fight-aggressive-form-of-breast-cancer/
HealthStory,story_reviews_00935,1,New implant addresses hearing loss caused by inner-ear damage,New implant addresses hearing loss caused by inner-ear damage,Chicago Tribune,"http://www.chicagotribune.com/health/ct-x-0118-hearing-device-20120118,0,3536541.story",https://www.healthnewsreview.org/review/new-implant-addresses-hearing-loss-caused-by-inner-ear-damage/
HealthStory,story_reviews_00936,5,Magnesium-rich diet may lower stroke risk: study,Magnesium-rich diet may lower stroke risk: study,Reuters Health,http://www.reuters.com/article/2012/01/16/us-stroke-idUSTRE80F03L20120116,https://www.healthnewsreview.org/review/magnesium-rich-diet-may-lower-stroke-risk-study/
HealthStory,story_reviews_00937,3,Novel Stem Cell Treatment May Hold Promise for Type 1 Diabetes,Novel Stem Cell Treatment May Hold Promise for Type 1 Diabetes,Health Day,http://consumer.healthday.com/Article.asp?AID=660573,https://www.healthnewsreview.org/review/novel-stem-cell-treatment-may-hold-promise-for-type-1-diabetes/
HealthStory,story_reviews_00938,3,"Nicotine patch may help improve memory, study finds","Nicotine patch may help improve memory, study finds",MSNBC,http://vitals.msnbc.msn.com/_news/2012/01/09/10076447-nicotine-patch-may-help-improve-memory-study-finds,https://www.healthnewsreview.org/review/nicotine-patch-may-help-improve-memory-study-finds/
HealthStory,story_reviews_00939,4,Nicotine Patch May Improve Memory,Nicotine Patch May Improve Memory,Time,http://healthland.time.com/2012/01/09/nicotine-patch-may-improve-memory/,https://www.healthnewsreview.org/review/nicotine-patch-may-improve-memory/
HealthStory,story_reviews_00940,5,Nicotine Replacement Treatments May Not Work Long-Term,Nicotine Replacement Treatments May Not Work Long-Term,WebMD,http://www.webmd.com/smoking-cessation/news/20120109/study-nicotine-replacement-treatments-may-not-work-long-term,https://www.healthnewsreview.org/review/nicotine-replacement-treatments-may-not-work-long-term/
HealthStory,story_reviews_00941,4,Nicotine Gum and Skin Patch Face New Doubt,Nicotine Gum and Skin Patch Face New Doubt,The New York Times,http://www.nytimes.com/2012/01/10/health/study-finds-nicotine-gum-and-patches-dont-help-smokers-quit.html?ref=health,https://www.healthnewsreview.org/review/nicotine-gum-and-skin-patch-face-new-doubt/
HealthStory,story_reviews_00942,3,"Nicotine patches, gum don’t prevent relapse, study finds","Nicotine patches, gum don’t prevent relapse, study finds",Los Angeles Times,"http://www.latimes.com/health/la-he-nicotine-replacement-therapy-20120110,0,7125159.story",https://www.healthnewsreview.org/review/nicotine-patches-gum-dont-prevent-relapse-study-finds/
HealthStory,story_reviews_00943,5,The Healthy Skeptic: Is caffeine an effective weight-loss aid?,The Healthy Skeptic: Is caffeine an effective weight-loss aid?,Los Angeles Times,"http://www.latimes.com/health/la-he-skeptic-weight-loss-caffeine-20120109,0,2780189.story",https://www.healthnewsreview.org/review/the-healthy-skeptic-is-caffeine-an-effective-weight-loss-aid/
HealthStory,story_reviews_00944,3,Red wine prevents breast cancer? I’ll drink to that!,Red wine prevents breast cancer? I’ll drink to that!,Los Angeles Times,"http://www.latimes.com/health/boostershots/la-heb-breast-cancer-red-wine-study-says-20120106,0,2119902.story",https://www.healthnewsreview.org/review/red-wine-prevents-breast-cancer-ill-drink-to-that/
HealthStory,story_reviews_00945,1,Drug Eases Gout Flare-ups in Some Patients: Study,Drug Eases Gout Flare-ups in Some Patients: Study,Health Day,http://consumer.healthday.com/Article.asp?AID=660437,https://www.healthnewsreview.org/review/drug-eases-gout-flare-ups-in-some-patients-study/
HealthStory,story_reviews_00946,3,Could a vitamin make antidepressants work better?,Could a vitamin make antidepressants work better?,The Wall Street Journal,http://online.wsj.com/article/SB10001424052970204368104577136850522166664.html,https://www.healthnewsreview.org/review/could-a-vitamin-make-antidepressants-work-better/
HealthStory,story_reviews_00947,5,Debate over who needs a thyroid check in pregnancy,Debate over who needs a thyroid check in pregnancy,Associated Press,http://yourlife.usatoday.com/parenting-family/pregnancy/story/2012-01-02/Debate-over-who-needs-a-thyroid-check-in-pregnancy/52336108/1,https://www.healthnewsreview.org/review/debate-over-who-needs-a-thyroid-check-in-pregnancy/
HealthStory,story_reviews_00948,4,"Spinal Manipulation, Home Exercise May Ease Neck Pain","Spinal Manipulation, Home Exercise May Ease Neck Pain",Health Day,http://consumer.healthday.com/Article.asp?AID=660294,https://www.healthnewsreview.org/review/spinal-manipulation-home-exercise-may-ease-neck-pain/
HealthStory,story_reviews_00949,5,Spinal tap may predict Alzheimer’s years ahead,Spinal tap may predict Alzheimer’s years ahead,CNN,http://thechart.blogs.cnn.com/2012/01/02/spinal-tap-may-predict-alzheimers-years-ahead/,https://www.healthnewsreview.org/review/spinal-tap-may-predict-alzheimers-years-ahead/
HealthStory,story_reviews_00950,4,Study Looks at Deep Brain Stimulation in Bipolar Patients,Study Looks at Deep Brain Stimulation in Bipolar Patients,Health Day,http://consumer.healthday.com/Article.asp?AID=660311,https://www.healthnewsreview.org/review/study-looks-at-deep-brain-stimulation-in-bipolar-patients/
HealthStory,story_reviews_00951,0,Music May Help Ease Pain for Anxious People,Music May Help Ease Pain for Anxious People,Health Day,http://consumer.healthday.com/Article.asp?AID=660153,https://www.healthnewsreview.org/review/music-may-help-ease-pain-for-anxious-people/
HealthStory,story_reviews_00952,5,Statins tied to lower risk of fatal prostate cancer,Statins tied to lower risk of fatal prostate cancer,Reuters Health,http://www.reuters.com/article/2011/12/29/us-statins-prostate-cancer-idUSTRE7BS10L20111229,https://www.healthnewsreview.org/review/statins-tied-to-lower-risk-of-fatal-prostate-cancer/
HealthStory,story_reviews_00953,2,New Blood Test May Rule Out Heart Attacks More Quickly,New Blood Test May Rule Out Heart Attacks More Quickly,Health Day,http://consumer.healthday.com/Article.asp?AID=660222,https://www.healthnewsreview.org/review/new-blood-test-may-rule-out-heart-attacks-more-quickly/
HealthStory,story_reviews_00954,2,DHEA hormone may help women through menopause: study,DHEA hormone may help women through menopause: study,Reuters Health,http://www.reuters.com/article/2011/12/20/us-menopause-dhea-sex-idUSTRE7BJ00A20111220,https://www.healthnewsreview.org/review/dhea-hormone-may-help-women-through-menopause-study/
HealthStory,story_reviews_00955,5,Brain stimulation may help some stroke patients,Brain stimulation may help some stroke patients,Reuters Health,http://www.reuters.com/article/2011/12/14/us-brain-stimulation-idUSTRE7BD2CV20111214,https://www.healthnewsreview.org/review/brain-stimulation-may-help-some-stroke-patients/
HealthStory,story_reviews_00956,4,Magnet Therapy May Help Stroke Survivors Recover,Magnet Therapy May Help Stroke Survivors Recover,WebMD,http://www.webmd.com/stroke/news/20111213/magnet-therapy-may-help-some-stroke-survivors-recover,https://www.healthnewsreview.org/review/magnet-therapy-may-help-stroke-survivors-recover/
HealthStory,story_reviews_00957,5,Parents’ Latest Pick: Herbal Shampoos to Keep Away Lice,Parents’ Latest Pick: Herbal Shampoos to Keep Away Lice,The Wall Street Journal,http://online.wsj.com/article/SB10001424052970203430404577094362860652858.html,https://www.healthnewsreview.org/review/parents-latest-pick-herbal-shampoos-to-keep-away-lice/
HealthStory,story_reviews_00958,4,Treatment for Blood Disease Is Gene Therapy Landmark,Treatment for Blood Disease Is Gene Therapy Landmark,The New York Times,http://www.nytimes.com/2011/12/11/health/research/hemophilia-b-gene-therapy-breakthrough.html?_r=1&ref=health,https://www.healthnewsreview.org/review/treatment-for-blood-disease-is-gene-therapy-landmark/
HealthStory,story_reviews_00959,2,"Mammograms Cut Risk of Breast Cancer Death by Half, Study Finds","Mammograms Cut Risk of Breast Cancer Death by Half, Study Finds",Health Day,http://consumer.healthday.com/Article.asp?AID=659501,https://www.healthnewsreview.org/review/mammograms-cut-risk-of-breast-cancer-death-by-half-study-finds/
HealthStory,story_reviews_00960,4,Gene test could spare women from unnecessary radiation,Gene test could spare women from unnecessary radiation,USA Today,http://yourlife.usatoday.com/health/medical/breastcancer/story/2011-12-06/Gene-test-could-spare-women-from-unnecessary-radiation/51678050/1,https://www.healthnewsreview.org/review/gene-test-could-spare-women-from-unnecessary-radiation/
HealthStory,story_reviews_00961,5,Prozac May Reduce Symptoms of Autism in Adults,Prozac May Reduce Symptoms of Autism in Adults,Time,http://healthland.time.com/2011/12/05/prozac-may-reduce-symptoms-of-autism-in-adults/print/,https://www.healthnewsreview.org/review/prozac-may-reduce-symptoms-of-autism-in-adults/
HealthStory,story_reviews_00962,3,Treatment Shows Promise for Premature Ejaculation,Treatment Shows Promise for Premature Ejaculation,WebMD,http://men.webmd.com/news/20111202/treatment-shows-promise-premature-ejaculation,https://www.healthnewsreview.org/review/treatment-shows-promise-for-premature-ejaculation/
HealthStory,story_reviews_00963,3,Experimental Treatment May Help Relieve Back Pain,Experimental Treatment May Help Relieve Back Pain,WebMD,http://www.webmd.com/back-pain/news/20111201/experimental_treatment_may_help_relieve_back_pain,https://www.healthnewsreview.org/review/experimental-treatment-may-help-relieve-back-pain/
HealthStory,story_reviews_00964,2,Non-Fried Fish Might Help Ward Off Alzheimer’s: Study,Non-Fried Fish Might Help Ward Off Alzheimer’s: Study,Health Day,http://consumer.healthday.com/Article.asp?AID=659235,https://www.healthnewsreview.org/review/non-fried-fish-might-help-ward-off-alzheimers-study/
HealthStory,story_reviews_00965,4,Eating Fish May Be Good for Brain Health,Eating Fish May Be Good for Brain Health,WebMD,http://www.webmd.com/alzheimers/news/20111130/eating-fish-may-be-good-for-brain-health,https://www.healthnewsreview.org/review/eating-fish-may-be-good-for-brain-health/
HealthStory,story_reviews_00966,4,Microwave Technique Fights Lung Tumors,Microwave Technique Fights Lung Tumors,WebMD,http://www.webmd.com/lung-cancer/news/20111128/microwave-technique-may-fight-lung-tumors,https://www.healthnewsreview.org/review/microwave-technique-fights-lung-tumors/
HealthStory,story_reviews_00967,5,The Healthy Skeptic: Promise of ChromaGen lenses for dyslexia a bit blurry,The Healthy Skeptic: Promise of ChromaGen lenses for dyslexia a bit blurry,Los Angeles Times,"http://www.latimes.com/health/la-he-skeptic-dyslexia-lenses-20111128,0,7298705.story",https://www.healthnewsreview.org/review/the-healthy-skeptic-promise-of-chromagen-lenses-for-dyslexia-a-bit-blurry/
HealthStory,story_reviews_00968,3,A Portable Glow to Help Melt Those Winter Blues,A Portable Glow to Help Melt Those Winter Blues,The New York Times,http://www.nytimes.com/2011/11/15/health/policy/light-boxes-may-help-melt-those-winter-blues.html?_r=1,https://www.healthnewsreview.org/review/4444/
HealthStory,story_reviews_00969,3,Got High Blood Pressure? Kiwi Fruit May Help,Got High Blood Pressure? Kiwi Fruit May Help,Health Day,http://consumer.Healthday.com/Article.asp?AID=658925,https://www.healthnewsreview.org/review/4446/
HealthStory,story_reviews_00970,3,Stem Cells Repair Heart in First-Ever Study,Stem Cells Repair Heart in First-Ever Study,WebMD,http://www.WebMD.com/heart-disease/news/20111114/stem-cells-repair-heart-in-first-ever-study,https://www.healthnewsreview.org/review/4442/
HealthStory,story_reviews_00971,3,Shot Might One Day Help Lower Cholesterol,Shot Might One Day Help Lower Cholesterol,Health Day,http://consumer.Healthday.com/Article.asp?AID=658881,https://www.healthnewsreview.org/review/4443/
HealthStory,story_reviews_00972,2,New scan can speed Parkinson’s diagnosis,New scan can speed Parkinson’s diagnosis,Chicago Tribune,"http://www.chicagotribune.com/health/ct-x-1109-parkinson-scan-20111109,0,7895291.story",https://www.healthnewsreview.org/review/4425/
HealthStory,story_reviews_00973,4,"Study: Vaccine for Breast, Ovarian Cancer Has Potential","Study: Vaccine for Breast, Ovarian Cancer Has Potential",WebMD,http://www.WebMD.com/breast-cancer/news/20111108/study-vaccine-for-breast-ovarian-cancer-has-potential,https://www.healthnewsreview.org/review/4424/
HealthStory,story_reviews_00974,3,New Drug Shows Promise Against Huntington’s Disease,New Drug Shows Promise Against Huntington’s Disease,Health Day,http://consumer.Healthday.com/Article.asp?AID=658640,https://www.healthnewsreview.org/review/4423/
HealthStory,story_reviews_00975,2,New drug ‘big deal’ in cystic fibrosis fight,New drug ‘big deal’ in cystic fibrosis fight,CNN,http://thechart.blogs.CNN.com/2011/11/02/drug-targets-cause-of-cystic-fibrosis/?hpt=he_c2,https://www.healthnewsreview.org/review/4417/
HealthStory,story_reviews_00976,5,New device uses light to screen for melanoma,New device uses light to screen for melanoma,Associated Press,http://www.foxnews.com/health/2011/11/03/new-device-uses-light-to-screen-for-melanoma.html,https://www.healthnewsreview.org/review/4408/
HealthStory,story_reviews_00977,5,Study Weakens Case for Preventive Mastectomy,Study Weakens Case for Preventive Mastectomy,The Wall Street Journal,http://online.wsj.com/article/SB10001424052970204528204577010180419303576.html,https://www.healthnewsreview.org/review/4407/
HealthStory,story_reviews_00978,2,New Multiple Sclerosis Therapy Promising in Early Trial,New Multiple Sclerosis Therapy Promising in Early Trial,Health Day,http://consumer.Healthday.com/Article.asp?AID=658372,https://www.healthnewsreview.org/review/4405/
HealthStory,story_reviews_00979,2,Could Listening to Mozart Help Doctors Spot Colon Polyps?,Could Listening to Mozart Help Doctors Spot Colon Polyps?,Health Day,http://consumer.Healthday.com/Article.asp?AID=658330,https://www.healthnewsreview.org/review/4403/
HealthStory,story_reviews_00980,4,The Healthy Skeptic: Seeing through skin supplements’ claims,The Healthy Skeptic: Seeing through skin supplements’ claims,Los Angeles Times,"http://www.Los Angeles Times.com/health/la-he-skeptic-skin-20111031,0,3342182.story",https://www.healthnewsreview.org/review/4402/
HealthStory,story_reviews_00981,3,Experimental Psoriasis Drug Bests Older Treatment,Experimental Psoriasis Drug Bests Older Treatment,Health Day,http://consumer.Healthday.com/Article.asp?AID=658239,https://www.healthnewsreview.org/review/4398/
HealthStory,story_reviews_00982,3,Experimental Drug May Help Treat Psoriasis,Experimental Drug May Help Treat Psoriasis,WebMD,http://www.WebMD.com/skin-problems-and-treatments/psoriasis/news/20111026/experimental-drug-may-hep-treat-psoriasis,https://www.healthnewsreview.org/review/4397/
HealthStory,story_reviews_00983,3,Yoga and Stretching Equally Effective for Back Pain,Yoga and Stretching Equally Effective for Back Pain,The New York Times,http://well.blogs.nytimes.com/2011/10/24/yoga-and-stretching-equally-effective-for-back-pain/?ref=health,https://www.healthnewsreview.org/review/4384/
HealthStory,story_reviews_00984,3,Yoga May Help Low Back Pain. Mental Effects? Not So Much,Yoga May Help Low Back Pain. Mental Effects? Not So Much,The Wall Street Journal,http://online.wsj.com/article/SB10001424052970204777904576651230399881192.html,https://www.healthnewsreview.org/review/4382/
HealthStory,story_reviews_00985,3,Cataract Surgery May Be Safer With Laser,Cataract Surgery May Be Safer With Laser,WebMD,http://www.WebMD.com/eye-health/cataracts/news/20111025/cataract-surgery-may-be-safer-with-laser,https://www.healthnewsreview.org/review/4390/
HealthStory,story_reviews_00986,3,"Sounds gross, works great: Fecal transplants cure nasty C. diff infections","Sounds gross, works great: Fecal transplants cure nasty C. diff infections",MSNBC,http://vitals.MSNBC.msn.com/#about_blog,https://www.healthnewsreview.org/review/4380/
HealthStory,story_reviews_00987,2,Can NSAIDs Cut Colorectal Cancer Deaths in Older Women?,Can NSAIDs Cut Colorectal Cancer Deaths in Older Women?,Health Day,http://consumer.Healthday.com/Article.asp?AID=658100,https://www.healthnewsreview.org/review/4379/
HealthStory,story_reviews_00988,3,Penn team finds success with talk therapy for schizophrenics,Penn team finds success with talk therapy for schizophrenics,The Philadelphia Inquirer,http://www.philly.com/philly/health_and_science/20111024_Penn_team_finds_success_with_talk_therapy_for_schizophrenics.html?viewAll=y,https://www.healthnewsreview.org/review/4377/
HealthStory,story_reviews_00989,1,Medtronic tests stent for erectile dysfunction,Medtronic tests stent for erectile dysfunction,Reuters Health,http://www.Reuters.com/article/2011/10/20/us-medtronic-idUSTRE79J00L20111020,https://www.healthnewsreview.org/review/4373/
HealthStory,story_reviews_00990,3,1 in 2 will have false alarm from yearly mammogram,1 in 2 will have false alarm from yearly mammogram,Reuters Health,http://www.MSNBC.msn.com/id/44936934/ns/health-cancer/#.TpzJI3ETBFw,https://www.healthnewsreview.org/review/4363/
HealthStory,story_reviews_00991,3,Less Frequent Mammograms May Lower False-Positive Results,Less Frequent Mammograms May Lower False-Positive Results,Health Day,http://health.usnews.com/health-news/family-health/cancer/articles/2011/10/17/less-frequent-mammograms-may-lower-false-positive-results,https://www.healthnewsreview.org/review/4364/
HealthStory,story_reviews_00992,3,Annual Mammograms May Have More False-Positives,Annual Mammograms May Have More False-Positives,WebMD,http://www.WebMD.com/breast-cancer/news/20111017/annual-mammograms-may-have-more-false-positives,https://www.healthnewsreview.org/review/4365/
HealthStory,story_reviews_00993,5,"Robotic surgery grows, but so do questions","Robotic surgery grows, but so do questions",Los Angeles Times,"http://www.Los Angeles Times.com/health/la-he-robotic-surgery-20111017,0,3304377.story",https://www.healthnewsreview.org/review/4361/
HealthStory,story_reviews_00994,4,"HPV test more sensitive than Pap, questions remain","HPV test more sensitive than Pap, questions remain",Reuters Health,http://www.Reuters.com/article/2011/10/17/us-hpv-idUSTRE79G6QW20111017,https://www.healthnewsreview.org/review/4370/
HealthStory,story_reviews_00995,3,Ginger Supplements Might Ease Inflammation Linked to Colon Cancer,Ginger Supplements Might Ease Inflammation Linked to Colon Cancer,Health Day,http://consumer.Healthday.com/Article.asp?AID=657741,https://www.healthnewsreview.org/review/4351/
HealthStory,story_reviews_00996,5,"Chocolate lovers have fewer strokes, study finds","Chocolate lovers have fewer strokes, study finds",Reuters Health,http://www.Reuters.com/article/2011/10/10/us-chocolate-strokes-idUSTRE7995O620111010,https://www.healthnewsreview.org/review/4347/
HealthStory,story_reviews_00997,3,Chocolate May Cut Women’s Stroke Risk,Chocolate May Cut Women’s Stroke Risk,WebMD,http://www.WebMD.com/stroke/news/20111010/chocolate-may-womens-stroke-risk,https://www.healthnewsreview.org/review/4348/
HealthStory,story_reviews_00998,5,New Alzheimer’s Drug Shows Early Promise,New Alzheimer’s Drug Shows Early Promise,HealthDay,http://consumer.Healthday.com/Article.asp?AID=657729,https://www.healthnewsreview.org/review/4346/
HealthStory,story_reviews_00999,4,Drug May Reduce Plaque in Brains of Alzheimer’s Patients,Drug May Reduce Plaque in Brains of Alzheimer’s Patients,WebMD,http://www.WebMD.com/alzheimers/news/20111010/drug-may-reduce-plaque-in-alzheimers-patients,https://www.healthnewsreview.org/review/4349/
HealthStory,story_reviews_01000,1,Study finds early potential in GSK leukaemia drug,Study finds early potential in GSK leukaemia drug,Reuters Health,http://www.Reuters.com/article/2011/10/02/us-gsk-leukaemia-idUSTRE7911BC20111002,https://www.healthnewsreview.org/review/4328/
HealthStory,story_reviews_01001,3,Muscle Relaxant May Ease Fibromyalgia Pain,Muscle Relaxant May Ease Fibromyalgia Pain,WebMD,http://www.WebMD.com/fibromyalgia/news/20110914/muscle-relaxant-may-help-fibromyalgia-patients,https://www.healthnewsreview.org/review/4326/
HealthStory,story_reviews_01002,3,A Squirt of Insulin May Delay Alzheimerâ€™s,A Squirt of Insulin May Delay Alzheimerâ€™s,The New York Times,http://www.nytimes.com/2011/09/13/health/research/13alzheimers.html?ref=health,https://www.healthnewsreview.org/review/4315/
HealthStory,story_reviews_01003,5,The Healthy Skeptic: Products make testosterone claims,The Healthy Skeptic: Products make testosterone claims,Los Angeles Times,"http://www.Los Angeles Times.com/health/la-he-skeptic-testosterone-supplements-20110912,0,111750.story",https://www.healthnewsreview.org/review/4313/
HealthStory,story_reviews_01004,2,"A drink a day good for middle-aged women, study finds","A drink a day good for middle-aged women, study finds",The Washington Post,http://www.washingtonpost.com/blogs/the-checkup/post/a-drink-a-day-good-for-middle-aged-women-study-finds/2011/09/01/gIQAteGs6J_blog.html,https://www.healthnewsreview.org/review/4301/
HealthStory,story_reviews_01005,1,Moderate Drinking May Cut Disease Risk for Women,Moderate Drinking May Cut Disease Risk for Women,WebMD,http://women.WebMD.com/news/20110906/moderate-drinking-may-cut-disease-risk-for-women,https://www.healthnewsreview.org/review/4303/
HealthStory,story_reviews_01006,2,Cracking The Conundrum Of Chronic Fatigue Syndrome,Cracking The Conundrum Of Chronic Fatigue Syndrome,NPR,http://www.NPR.org/blogs/health/2011/09/05/140150429/cracking-the-conundrum-of-chronic-fatigue-syndrome,https://www.healthnewsreview.org/review/4296/
HealthStory,story_reviews_01007,5,"Rare surgery brings more weight loss, more risks","Rare surgery brings more weight loss, more risks",Reuters Health,http://www.Reuters.com/article/2011/09/06/us-surgery-weightloss-idUSTRE7855YR20110906,https://www.healthnewsreview.org/review/4302/
HealthStory,story_reviews_01008,2,Yoga shows some benefit for diabetes,Yoga shows some benefit for diabetes,Reuters Health,http://www.Reuters.com/article/2011/09/02/us-yoga-diabetes-idUSTRE7814FL20110902,https://www.healthnewsreview.org/review/4293/
HealthStory,story_reviews_01009,3,Electronic Nose Sniffs Out Heart Failure,Electronic Nose Sniffs Out Heart Failure,WebMD,http://www.WebMD.com/heart-disease/heart-failure/news/20110829/electronic-nose-sniffs-out-heart-failure,https://www.healthnewsreview.org/review/4282/
HealthStory,story_reviews_01010,2,"Pfizer: New cancer pill gives hope, new strategy","Pfizer: New cancer pill gives hope, new strategy",Associated Press,http://articles.boston.com/2011-08-30/business/29945941_1_mark-kris-cancer-cases-lung,https://www.healthnewsreview.org/review/4286/
HealthStory,story_reviews_01011,5,New Blood Thinner May Outperform Warfarin for Irregular Heartbeat,New Blood Thinner May Outperform Warfarin for Irregular Heartbeat,Health Day,http://consumer.Healthday.com/Article.asp?AID=656337,https://www.healthnewsreview.org/review/4267/
HealthStory,story_reviews_01012,4,Trial Shows Blockbuster Potential for Blood Clot Pill,Trial Shows Blockbuster Potential for Blood Clot Pill,The New York Times,http://www.nytimes.com/2011/08/28/business/trial-shows-potential-for-blood-clot-pill-eliquis.html?scp=1,https://www.healthnewsreview.org/review/4272/
HealthStory,story_reviews_01013,2,Nonalcoholic Beer Aids Marathon Recovery,Nonalcoholic Beer Aids Marathon Recovery,The New York Times,http://well.blogs.nytimes.com/2011/08/24/nonalcoholic-beer-aids-marathon-recovery/?ref=health,https://www.healthnewsreview.org/review/4253/
HealthStory,story_reviews_01014,3,Certain foods may be the best medicine for lowering ‘bad’ cholesterol,Certain foods may be the best medicine for lowering ‘bad’ cholesterol,Los Angeles Times,"http://www.Los Angeles Times.com/health/la-he-cholesterol-lowering-foods-20110824,0,7258520.story",https://www.healthnewsreview.org/review/4254/
HealthStory,story_reviews_01015,2,"Bran, soy help cut cholesterol","Bran, soy help cut cholesterol",CNN,http://thechart.blogs.CNN.com/2011/08/23/real-world-results-for-cholesterol-lowering-diet/?hpt=he_c2,https://www.healthnewsreview.org/review/4259/
HealthStory,story_reviews_01016,5,Less-invasive appendix surgery shines in new study,Less-invasive appendix surgery shines in new study,Reuters Health,http://www.Reuters.com/article/2011/08/22/us-appendix-surgery-idUSTRE77L6QP20110822,https://www.healthnewsreview.org/review/4250/
HealthStory,story_reviews_01017,5,Doctors screen for cervical cancer too often: study,Doctors screen for cervical cancer too often: study,Reuters Health,http://www.Reuters.com/article/2011/08/18/us-cervical-cancer-screen-idUSTRE77H0XD20110818,https://www.healthnewsreview.org/review/4232/
HealthStory,story_reviews_01018,3,Ultrasound of Neck Arteries May Help Gauge Stroke Risk,Ultrasound of Neck Arteries May Help Gauge Stroke Risk,Health Day,http://consumer.Healthday.com/Article.asp?AID=655871,https://www.healthnewsreview.org/review/4227/
HealthStory,story_reviews_01019,4,Dogs Sniff Out Lung Cancer in Humans,Dogs Sniff Out Lung Cancer in Humans,WebMD,http://www.WebMD.com/lung-cancer/news/20110817/dogs-use-their-noses-to-detect-lung-cancer,https://www.healthnewsreview.org/review/4229/
HealthStory,story_reviews_01020,1,Will you have a heart attack? These tests might tell,Will you have a heart attack? These tests might tell,CNN,http://www.CNN.com/2011/HEALTH/08/16/tests.picture.heart.attack/index.html?hpt=he_c1,https://www.healthnewsreview.org/review/4221/
HealthStory,story_reviews_01021,3,Blood injections may help chronic “tennis elbow”,Blood injections may help chronic “tennis elbow”,Reuters Health,http://www.Reuters.com/article/2011/08/17/us-tennis-idUSTRE77G02M20110817,https://www.healthnewsreview.org/review/4223/
HealthStory,story_reviews_01022,3,Chinese Herbs Equal to Tamiflu in Reducing H1N1 Fever: Study,Chinese Herbs Equal to Tamiflu in Reducing H1N1 Fever: Study,Health Day,http://consumer.Healthday.com/Article.asp?AID=655877,https://www.healthnewsreview.org/review/4219/
HealthStory,story_reviews_01023,3,A breast cancer breakthrough?,A breast cancer breakthrough?,The Boston Globe,http://www.boston.com/lifestyle/health/articles/2011/08/14/are_3_d_mammograms_a_breast_cancer_breakthrough/?page=full,https://www.healthnewsreview.org/review/4216/
HealthStory,story_reviews_01024,5,"Hot Chemotherapy Bath: Patients See Hope, Critics Hold Doubts","Hot Chemotherapy Bath: Patients See Hope, Critics Hold Doubts",The New York Times,http://www.nytimes.com/2011/08/12/business/heated-chemotherapy-bath-may-be-only-hope-for-some-cancer-patients.html?_r=1,https://www.healthnewsreview.org/review/4211/
HealthStory,story_reviews_01025,2,"New tests screen for gum disease, oral cancer","New tests screen for gum disease, oral cancer",Des Moines Register,http://www.DesMoinesRegister.com/article/20110810/LIFE/308100026/-1/GALLERY_ARRAY/New-tests-screen-gum-disease-oral-cancer,https://www.healthnewsreview.org/review/4201/
HealthStory,story_reviews_01026,4,Gene therapy shown to destroy leukemia tumors,Gene therapy shown to destroy leukemia tumors,Reuters Health,http://www.Reuters.com/article/2011/08/10/us-leukemia-genetherapy-idUSTRE7795NT20110810,https://www.healthnewsreview.org/review/4202/
HealthStory,story_reviews_01027,4,Gene Therapy Cures Adult Leukemia,Gene Therapy Cures Adult Leukemia,WebMD,http://www.WebMD.com/cancer/news/20110810/gene-therapy-cures-adult-leukemia,https://www.healthnewsreview.org/review/4205/
HealthStory,story_reviews_01028,4,"Test Can Tell Fetal Sex at 7 Weeks, Study Says","Test Can Tell Fetal Sex at 7 Weeks, Study Says",The New York Times,http://www.nytimes.com/2011/08/10/health/10birth.html,https://www.healthnewsreview.org/review/4194/
HealthStory,story_reviews_01029,4,Mother’s blood test reveals baby’s sex,Mother’s blood test reveals baby’s sex,Reuters Health,http://www.Reuters.com/article/2011/08/09/us-mothers-blood-test-idUSTRE77860Q20110809,https://www.healthnewsreview.org/review/4197/
HealthStory,story_reviews_01030,2,New drug shows promise in fighting breast cancer,New drug shows promise in fighting breast cancer,The Arizona Republic,http://www.azcentral.com/community/scottsdale/articles/2011/08/03/20110803breast-cancer-drug-shows-promise-socttsdale-healthcare.html,https://www.healthnewsreview.org/review/4182/
HealthStory,story_reviews_01031,2,Urine test for prostate cancer may be better than blood test,Urine test for prostate cancer may be better than blood test,Los Angeles Times,"http://www.Los Angeles Times.com/health/boostershots/la-heb-prostate-cancer-20110803,0,6012203.story",https://www.healthnewsreview.org/review/4176/
HealthStory,story_reviews_01032,4,Urine Test May Help Predict Prostate Cancer,Urine Test May Help Predict Prostate Cancer,WebMD,http://www.WebMD.com/prostate-cancer/news/20110803/urine-test-may-help-predict-prostate-cancer,https://www.healthnewsreview.org/review/4178/
HealthStory,story_reviews_01033,4,Blood Test May Spot Alzheimer’s Before Symptoms Appear,Blood Test May Spot Alzheimer’s Before Symptoms Appear,WebMD,http://www.WebMD.com/alzheimers/news/20110803/blood-test-may-spot-alzheimers-before-symptoms-appear,https://www.healthnewsreview.org/review/4180/
HealthStory,story_reviews_01034,3,Larger Dose of Zinc Lozenges May Shorten Colds,Larger Dose of Zinc Lozenges May Shorten Colds,Health Day,http://consumer.Healthday.com/Article.asp?AID=655479,https://www.healthnewsreview.org/review/4172/
HealthStory,story_reviews_01035,5,Stool test good for catching colon cancer: study,Stool test good for catching colon cancer: study,Reuters Health,http://www.Reuters.com/article/2011/08/02/us-colon-cancer-idUSTRE7714ZR20110802,https://www.healthnewsreview.org/review/4173/
HealthStory,story_reviews_01036,3,Prenatal Omega-3 Fatty Acid Supplements May Cut Babies’ Colds,Prenatal Omega-3 Fatty Acid Supplements May Cut Babies’ Colds,Health Day,http://consumer.Healthday.com/Article.asp?AID=655343,https://www.healthnewsreview.org/review/4162/
HealthStory,story_reviews_01037,3,The Healthy Skeptic: DHA touted as ‘smart’ pill for kids,The Healthy Skeptic: DHA touted as ‘smart’ pill for kids,Los Angeles Times,"http://www.Los Angeles Times.com/health/la-he-skeptic-dha-20110801,0,4163046.story",https://www.healthnewsreview.org/review/4165/
HealthStory,story_reviews_01038,0,"Drink wine, don’t get sunburned","Drink wine, don’t get sunburned",MSNBC,http://bodyodd.MSNBC.msn.com/_news/2011/08/01/7218394-drink-wine-dont-get-sunburned,https://www.healthnewsreview.org/review/4169/
HealthStory,story_reviews_01039,5,Women who eat lots of fiber have less breast cancer,Women who eat lots of fiber have less breast cancer,Reuters Health,http://www.Reuters.com/article/2011/07/28/us-fiber-breast-cancer-idUSTRE76R6YM20110728,https://www.healthnewsreview.org/review/4161/
HealthStory,story_reviews_01040,2,"New Device Reduces Seizures, No Surgery Required","New Device Reduces Seizures, No Surgery Required",NPR,http://www.NPR.org/2011/07/27/138619259/new-device-reduces-seizures-no-surgery-required,https://www.healthnewsreview.org/review/4156/
HealthStory,story_reviews_01041,3,Antibiotics beat cranberries in battle against bladder infections,Antibiotics beat cranberries in battle against bladder infections,MSNBC,http://www.MSNBC.msn.com/id/43885184/ns/health-womens_health/,https://www.healthnewsreview.org/review/4148/
HealthStory,story_reviews_01042,4,A Rubber Twist On Treating Tennis Elbow Pain,A Rubber Twist On Treating Tennis Elbow Pain,NPR,http://www.NPR.org/blogs/health/2011/07/25/138614357/a-rubber-twist-on-treating-tennis-elbow-pain,https://www.healthnewsreview.org/review/4143/
HealthStory,story_reviews_01043,1,"Quick shot replacing nip, tuck","Quick shot replacing nip, tuck",Chicago Tribune,"http://www.chicagotribune.com/health/ct-x-0720-liquid-facelift-20110720,0,5183138,print.story",https://www.healthnewsreview.org/review/4126/
HealthStory,story_reviews_01044,4,Experimental Drug Might Help Fight Alzheimer’s After All,Experimental Drug Might Help Fight Alzheimer’s After All,Health Day,http://consumer.Healthday.com/Article.asp?AID=655012,https://www.healthnewsreview.org/review/4130/
HealthStory,story_reviews_01045,3,Drug may cut menopause after breast cancer chemo,Drug may cut menopause after breast cancer chemo,CNN,http://thechart.blogs.CNN.com/2011/07/19/drug-may-cut-menopause-after-breast-cancer-chemo/?hpt=he_c2,https://www.healthnewsreview.org/review/4131/
HealthStory,story_reviews_01046,4,The shallow waters of dolphin therapy claims,The shallow waters of dolphin therapy claims,Los Angeles Times,"http://www.Los Angeles Times.com/health/la-he-skeptic-dolphin-therapy-20110718,0,1273996.story",https://www.healthnewsreview.org/review/4121/
HealthStory,story_reviews_01047,3,Drug also halts HIV in straight couples,Drug also halts HIV in straight couples,Associated Press,http://www.philly.com/philly/health_and_science/20110714_Drug_also_halts_HIV_in_straight_couples.html,https://www.healthnewsreview.org/review/4116/
HealthStory,story_reviews_01048,3,Taking meds before exposure cuts HIV risk for heterosexuals,Taking meds before exposure cuts HIV risk for heterosexuals,CNN,http://thechart.blogs.CNN.com/2011/07/13/taking-meds-before-exposure-cuts-hiv-risk-for-heterosexuals/?hpt=he_c2,https://www.healthnewsreview.org/review/4115/
HealthStory,story_reviews_01049,4,"For Some Prostate Cancer Patients, Combo Treatment Improves Survival","For Some Prostate Cancer Patients, Combo Treatment Improves Survival",Health Day,http://consumer.Healthday.com/Article.asp?AID=654857,https://www.healthnewsreview.org/review/4118/
HealthStory,story_reviews_01050,3,"Silicone Breast Implants: Safe, With Caveats","Silicone Breast Implants: Safe, With Caveats",NPR,http://www.NPR.org/2011/07/11/137682722/silicone-breast-implants-safe-with-caveats,https://www.healthnewsreview.org/review/4098/
HealthStory,story_reviews_01051,3,Higher Folic Acid Levels in Teens Tied to Academic Success,Higher Folic Acid Levels in Teens Tied to Academic Success,Health Day,http://consumer.Healthday.com/Article.asp?AID=654737,https://www.healthnewsreview.org/review/4099/
HealthStory,story_reviews_01052,5,Folic acid tied to better grades in Swedish teens,Folic acid tied to better grades in Swedish teens,Reuters Health,http://www.Reuters.com/article/2011/07/11/us-folic-acid-idUSTRE76A0S320110711,https://www.healthnewsreview.org/review/4100/
HealthStory,story_reviews_01053,2,New laser treatment takes aim at toenail fungus,New laser treatment takes aim at toenail fungus,The Washington Post,http://www.washingtonpost.com/national/health/new-laser-treatment-takes-aim-at-toenail-fungus/2011/05/19/gIQAHTdK9H_print.html,https://www.healthnewsreview.org/review/4101/
HealthStory,story_reviews_01054,4,Study Questions Chiropractic’s Impact on Back Pain,Study Questions Chiropractic’s Impact on Back Pain,Health Day,http://consumer.Healthday.com/Article.asp?AID=654498,https://www.healthnewsreview.org/review/4090/
HealthStory,story_reviews_01055,4,Study Shows Chest Pain From Heart Disease Can Be Treated With Stem Cell Therapy,Study Shows Chest Pain From Heart Disease Can Be Treated With Stem Cell Therapy,WebMD,http://www.WebMD.com/heart-disease/news/20110707/stem-cell-treatment-may-relieve-angina,https://www.healthnewsreview.org/review/4095/
HealthStory,story_reviews_01056,5,Heart Treatment Overused,Heart Treatment Overused,The Wall Street Journal,http://online.wsj.com/article/SB10001424052702304760604576428323005864648.html,https://www.healthnewsreview.org/review/4081/
HealthStory,story_reviews_01057,5,Review raises questions over benefits of cutting salt,Review raises questions over benefits of cutting salt,Reuters Health,http://www.Reuters.com/article/2011/07/06/us-salt-hypertension-idUSTRE76476E20110706,https://www.healthnewsreview.org/review/4088/
HealthStory,story_reviews_01058,3,Got Low Back Pain? Massage Therapy May Rub It Out,Got Low Back Pain? Massage Therapy May Rub It Out,NPR,http://www.NPR.org/2011/07/04/137609072/got-low-back-pain-massage-therapy-may-rub-it-out,https://www.healthnewsreview.org/review/4077/
HealthStory,story_reviews_01059,5,Who should get screened for lung cancer?,Who should get screened for lung cancer?,Reuters Health,http://www.Reuters.com/article/2011/07/01/us-lung-cancer-idUSTRE7602ZN20110701,https://www.healthnewsreview.org/review/4074/
HealthStory,story_reviews_01060,2,Coffee buzz protects brain from Alzheimer’s,Coffee buzz protects brain from Alzheimer’s,MSNBC,http://bodyodd.MSNBC.msn.com/_news/2011/06/28/6968218-coffee-buzz-protects-brain-from-alzheimers,https://www.healthnewsreview.org/review/4072/
HealthStory,story_reviews_01061,2,Benefit of mammograms even greater than thought,Benefit of mammograms even greater than thought,Reuters Health,http://www.Reuters.com/article/2011/06/28/us-cancer-breast-mammograms-idUSTRE75R0NM20110628,https://www.healthnewsreview.org/review/4060/
HealthStory,story_reviews_01062,3,New Blood Thinner Beats Plavix When Paired With Low-Dose Aspirin,New Blood Thinner Beats Plavix When Paired With Low-Dose Aspirin,Health Day,http://consumer.Healthday.com/Article.asp?AID=654327,https://www.healthnewsreview.org/review/4057/
HealthStory,story_reviews_01063,5,Research shows promise in reversing Type 1 diabetes,Research shows promise in reversing Type 1 diabetes,Los Angeles Times,"http://www.Los Angeles Times.com/health/la-he-bcg-diabetes-20110625,0,6341862.story",https://www.healthnewsreview.org/review/4056/
HealthStory,story_reviews_01064,5,Olive oil lovers show lower stroke risk,Olive oil lovers show lower stroke risk,Reuters Health,http://www.Reuters.com/article/2011/06/16/us-olive-oil-idUSTRE75E66L20110616,https://www.healthnewsreview.org/review/4044/
HealthStory,story_reviews_01065,4,"Sleeptime Head-Cooling Cap Eases Insomnia, Study Finds","Sleeptime Head-Cooling Cap Eases Insomnia, Study Finds",Health Day,http://consumer.Healthday.com/Article.asp?AID=653882,https://www.healthnewsreview.org/review/4042/
HealthStory,story_reviews_01066,5,Olive Oil Linked to Reduced Stroke Risk,Olive Oil Linked to Reduced Stroke Risk,WebMD,http://www.WebMD.com/healthy-aging/news/20110615/olive-oil-linked-to-reduced-stroke-risk,https://www.healthnewsreview.org/review/4045/
HealthStory,story_reviews_01067,3,Consuming more olive oil may protect against strokes,Consuming more olive oil may protect against strokes,Los Angeles Times,"http://www.Los Angeles Times.com/health/boostershots/la-heb-olive-oil-stroke-20110615,0,3132060.story?track=rss",https://www.healthnewsreview.org/review/4047/
HealthStory,story_reviews_01068,5,"‘Honey, It’s Your Turn…’","‘Honey, It’s Your Turn…’",The Wall Street Journal,http://online.wsj.com/article/SB10001424052702303848104576383730320049892.html,https://www.healthnewsreview.org/review/4037/
HealthStory,story_reviews_01069,5,Extracting the facts about pomegranate pills,Extracting the facts about pomegranate pills,Los Angeles Times,"http://www.Los Angeles Times.com/health/la-he-pomegranate-extract-pills-20110613,0,7151568.story",https://www.healthnewsreview.org/review/4032/
HealthStory,story_reviews_01070,3,Firm develops magnetic-pulse treatment for major depression,Firm develops magnetic-pulse treatment for major depression,The Philadelphia Inquirer,http://www.philly.com/philly/health_and_science/special_reports/20110608_Firm_develops_magnetic-pulse_treatment_for_major_depression.html,https://www.healthnewsreview.org/review/4019/
HealthStory,story_reviews_01071,5,Jury Still Out on Radiation for Early Prostate Cancer,Jury Still Out on Radiation for Early Prostate Cancer,Health Day,http://consumer.Healthday.com/Article.asp?AID=653598,https://www.healthnewsreview.org/review/4008/
HealthStory,story_reviews_01072,3,"Type 2 Diabetes Treatment Victoza Helps Type 1, Too","Type 2 Diabetes Treatment Victoza Helps Type 1, Too",WebMD,http://diabetes.WebMD.com/news/20110607/type-2-diabetes-treatment-victoza-helps-type-1-,https://www.healthnewsreview.org/review/4017/
HealthStory,story_reviews_01073,5,Drugs Show Promise Slowing Advanced Melanoma,Drugs Show Promise Slowing Advanced Melanoma,The New York Times,http://www.nytimes.com/2011/06/06/health/research/06melanoma.html?_r=1,https://www.healthnewsreview.org/review/3992/
HealthStory,story_reviews_01074,2,Exelixis drug slows prostate cancer spread in trial,Exelixis drug slows prostate cancer spread in trial,Reuters Health,http://www.Reuters.com/article/2011/06/06/us-exelixis-prostate-idUSTRE7556IZ20110606,https://www.healthnewsreview.org/review/4016/
HealthStory,story_reviews_01075,2,Study: Pfizer lung cancer pill may double survival,Study: Pfizer lung cancer pill may double survival,Associated Press,http://www.The Denver Post.com/fitness/ci_18211403,https://www.healthnewsreview.org/review/3998/
HealthStory,story_reviews_01076,5,Hormone-blocking drug reduces breast cancer risk,Hormone-blocking drug reduces breast cancer risk,Associated Press,http://www.The Denver Post.com/fitness/ci_18211043,https://www.healthnewsreview.org/review/4001/
HealthStory,story_reviews_01077,4,Two new drugs extend survival for melanoma patients,Two new drugs extend survival for melanoma patients,CNN,http://www.CNN.com/2011/HEALTH/06/05/melanoma.drugs/index.html?hpt=he_c2,https://www.healthnewsreview.org/review/4005/
HealthStory,story_reviews_01078,4,New melanoma drugs improve chances of survival,New melanoma drugs improve chances of survival,Reuters Health,http://www.Reuters.com/article/2011/06/05/us-cancer-melanoma-idUSTRE7542AM20110605,https://www.healthnewsreview.org/review/4007/
HealthStory,story_reviews_01079,1,"Pill could erase painful memories, study shows","Pill could erase painful memories, study shows",MSNBC,http://bodyodd.MSNBC.msn.com/_news/2011/05/31/6757302-pill-could-erase-painful-memories-study-shows,https://www.healthnewsreview.org/review/3984/
HealthStory,story_reviews_01081,3,Prenatal Vitamins May Lower Autism Risk,Prenatal Vitamins May Lower Autism Risk,WebMD,http://www.WebMD.com/brain/autism/news/20110601/prenatal-vitamins-may-lower-autism-risk,https://www.healthnewsreview.org/review/3987/
HealthStory,story_reviews_01082,4,Study Suggests Special MRI Might Help Diagnose Autism,Study Suggests Special MRI Might Help Diagnose Autism,Health Day,http://consumer.Healthday.com/Article.asp?AID=653349,https://www.healthnewsreview.org/review/3979/
HealthStory,story_reviews_01083,3,Egg Freezing Puts The Biological Clock On Hold,Egg Freezing Puts The Biological Clock On Hold,NPR,http://www.NPR.org/2011/05/31/136363039/egg-freezing-puts-the-biological-clock-on-hold,https://www.healthnewsreview.org/review/3980/
HealthStory,story_reviews_01084,1,Prostate Cancer Studies Find Benefit in Daily Acetaminophen and Brisk Walks,Prostate Cancer Studies Find Benefit in Daily Acetaminophen and Brisk Walks,Time,http://healthland.time.com/2011/05/25/prostate-cancer-studies-find-benefit-in-daily-acetaminophen-and-brisk-walks/,https://www.healthnewsreview.org/review/3977/
HealthStory,story_reviews_01085,4,Limits of New Screen for Heart Disease,Limits of New Screen for Heart Disease,The Wall Street Journal,http://online.wsj.com/article/SB10001424052702304066504576341601457555690.html,https://www.healthnewsreview.org/review/3962/
HealthStory,story_reviews_01086,5,Heart scans tied to “evidence-free” treatment: study,Heart scans tied to “evidence-free” treatment: study,Reuters Health,http://www.Reuters.com/article/2011/05/23/us-heart-scans-idUSTRE74M6NI20110523,https://www.healthnewsreview.org/review/3966/
HealthStory,story_reviews_01087,3,Do Probiotics Relieve Constipation in Children?,Do Probiotics Relieve Constipation in Children?,WebMD,http://children.WebMD.com/news/20110523/do-probiotics-relieve-constipation-in-children,https://www.healthnewsreview.org/review/3958/
HealthStory,story_reviews_01088,4,Pills Offer Easier Way to Treat MS,Pills Offer Easier Way to Treat MS,The Wall Street Journal,http://online.wsj.com/article/SB10001424052748704681904576319662989399214.html,https://www.healthnewsreview.org/review/3946/
HealthStory,story_reviews_01089,5,HPV test beats Pap for cervical cancer screening,HPV test beats Pap for cervical cancer screening,Associated Press,http://www.foxnews.com/health/2011/05/19/hpv-test-beats-pap-cervical-cancer-screening/,https://www.healthnewsreview.org/review/3953/
HealthStory,story_reviews_01090,4,Selenium Supplements Might Give Modest Benefit Against Cholesterol,Selenium Supplements Might Give Modest Benefit Against Cholesterol,Health Day,http://consumer.Healthday.com/Article.asp?AID=652914,https://www.healthnewsreview.org/review/3939/
HealthStory,story_reviews_01091,5,Can selenium lower cholesterol?,Can selenium lower cholesterol?,Reuters Health,http://www.Reuters.com/article/2011/05/16/us-selenium-cholesterol-idUSTRE74F80M20110516,https://www.healthnewsreview.org/review/3940/
HealthStory,story_reviews_01092,3,Tonsil Removal Might Cure Bedwetting in Some Kids With Sleep Apnea,Tonsil Removal Might Cure Bedwetting in Some Kids With Sleep Apnea,Health Day,http://consumer.Healthday.com/Article.asp?AID=653003,https://www.healthnewsreview.org/review/3932/
HealthStory,story_reviews_01093,5,"Dessert, Laid-Back and Legal","Dessert, Laid-Back and Legal",The New York Times,http://www.nytimes.com/2011/05/15/us/15lazycakes.html?_r=1,https://www.healthnewsreview.org/review/3929/
HealthStory,story_reviews_01094,5,"Celebrex may curb colon cancer, but with caveats","Celebrex may curb colon cancer, but with caveats",Reuters Health,http://www.Reuters.com/article/2011/05/11/us-celebrex-cancer-idUSTRE74A5SB20110511,https://www.healthnewsreview.org/review/3918/
HealthStory,story_reviews_01095,4,New drug advances the fight against pancreatic cancer,New drug advances the fight against pancreatic cancer,USA Today,http://yourlife.USA Today.com/health/medical/cancer/story/2011/05/An-advance-in-fighting-pancreatic-cancer/47064942/1,https://www.healthnewsreview.org/review/3920/
HealthStory,story_reviews_01096,1,Study shows differences in pancreatic cancer treatments,Study shows differences in pancreatic cancer treatments,CNN,http://thechart.blogs.CNN.com/2011/05/11/study-shows-differences-in-pancreatic-cancer-treatments/,https://www.healthnewsreview.org/review/3922/
HealthStory,story_reviews_01097,3,Can Crotch Length Predict Infertility in Men?,Can Crotch Length Predict Infertility in Men?,Health Day,http://consumer.Healthday.com/Article.asp?AID=652844,https://www.healthnewsreview.org/review/3923/
HealthStory,story_reviews_01098,0,Mindfulness Meditation May Cut IBS Symptoms,Mindfulness Meditation May Cut IBS Symptoms,WebMD,http://www.WebMD.com/ibs/news/20110510/mindfulness-meditation-may-cut-ibs-symptoms,https://www.healthnewsreview.org/review/3914/
HealthStory,story_reviews_01099,4,Lung scans may lead to overdiagnosis: study,Lung scans may lead to overdiagnosis: study,Reuters Health,http://www.Reuters.com/article/2011/05/10/us-lung-scans-idUSTRE74971L20110510,https://www.healthnewsreview.org/review/3916/
HealthStory,story_reviews_01100,4,Significant Number of Medicare Patients Getting Too-Frequent Colonoscopies,Significant Number of Medicare Patients Getting Too-Frequent Colonoscopies,The Wall Street Journal,http://blogs.wsj.com/health/2011/05/09/significant-number-of-medicare-patients-getting-too-frequent-colonoscopies/,https://www.healthnewsreview.org/review/3907/
HealthStory,story_reviews_01101,5,Study: Many elderly get colon screening too often,Study: Many elderly get colon screening too often,Associated Press,http://www.forbes.com/feeds/ap/2011/05/09/general-us-med-needless-colonoscopies_8457614.html,https://www.healthnewsreview.org/review/3908/
HealthStory,story_reviews_01102,3,Crohn’s patients respond to J&J’s Stelara in study.,Crohn’s patients respond to J&J’s Stelara in study.,Reuters Health,http://www.Reuters.com/article/2011/05/08/us-jj-crohns-idUSTRE7472K220110508,https://www.healthnewsreview.org/review/3905/
HealthStory,story_reviews_01103,4,New Stratagems in the Quest for Hair,New Stratagems in the Quest for Hair,The New York Times,http://www.nytimes.com/2011/05/05/fashion/05SKIN.html?ref=health,https://www.healthnewsreview.org/review/3893/
HealthStory,story_reviews_01104,4,Swedish Study Finds Surgery For Prostate Cancer Better Than Waiting,Swedish Study Finds Surgery For Prostate Cancer Better Than Waiting,NPR,http://www.NPR.org/blogs/health/2011/05/04/135995705/swedish-study-finds-surgery-for-prostate-cancer-better-than-waiting,https://www.healthnewsreview.org/review/3899/
HealthStory,story_reviews_01105,5,"Low-Salt Diet Ineffective, Study Finds. Disagreement Abounds.","Low-Salt Diet Ineffective, Study Finds. Disagreement Abounds.",The New York Times,http://www.nytimes.com/2011/05/04/health/research/04salt.html?ref=health,https://www.healthnewsreview.org/review/3888/
HealthStory,story_reviews_01106,5,Study: Prostate cancer surgery helps younger men,Study: Prostate cancer surgery helps younger men,Associated Press,http://www.The Denver Post.com/fitness/ci_17992092,https://www.healthnewsreview.org/review/3895/
HealthStory,story_reviews_01107,5,Aggressive Treatment May Be Beneficial for Early Prostate Cancer,Aggressive Treatment May Be Beneficial for Early Prostate Cancer,Health Day,http://consumer.Healthday.com/Article.asp?AID=652625,https://www.healthnewsreview.org/review/3897/
HealthStory,story_reviews_01108,4,Quest for Vaccines to Treat Addiction,Quest for Vaccines to Treat Addiction,The Wall Street Journal,http://online.wsj.com/article/SB10001424052748704436004576298980739463392.html,https://www.healthnewsreview.org/review/3883/
HealthStory,story_reviews_01109,3,Study: Lower salt intake could be riskier than thought,Study: Lower salt intake could be riskier than thought,USA Today,http://yourlife.USA Today.com/fitness-food/diet-nutrition/story/2011/05/Should-you-take-sodium-advice-with-a-grain-of-salt/46765646/1,https://www.healthnewsreview.org/review/3887/
HealthStory,story_reviews_01110,2,Midlife: Drop in testosterone can affect sexual desire in men and women,Midlife: Drop in testosterone can affect sexual desire in men and women,Los Angeles Times,"http://www.Los Angeles Times.com/health/la-he-midlife-libido-20110502,0,7995510,print.story",https://www.healthnewsreview.org/review/3876/
HealthStory,story_reviews_01111,2,Fewer Colorado women getting mammograms since 2009 guideline change,Fewer Colorado women getting mammograms since 2009 guideline change,The Denver Post,http://www.The Denver Post.com/news/ci_17972836,https://www.healthnewsreview.org/review/3877/
HealthStory,story_reviews_01112,4,"Fewer mammograms being done, studies show","Fewer mammograms being done, studies show",CNN,http://www.CNN.com/2011/HEALTH/05/02/mammogram.study/,https://www.healthnewsreview.org/review/3878/
HealthStory,story_reviews_01113,4,Tailored medicine could prevent more heart attacks,Tailored medicine could prevent more heart attacks,Reuters Health,http://www.Reuters.com/article/2011/05/02/us-tailored-medicine-heart-attacks-idUSTRE7417DW20110502,https://www.healthnewsreview.org/review/3884/
HealthStory,story_reviews_01114,5,Potential Parkinson’s Treatment Explored,Potential Parkinson’s Treatment Explored,The Wall Street Journal,http://online.wsj.com/article/SB10001424052748704729304576287272953759718.html,https://www.healthnewsreview.org/review/3861/
HealthStory,story_reviews_01115,4,Test of Eye Drug Is Said to Show Success in Elderly,Test of Eye Drug Is Said to Show Success in Elderly,The New York Times,http://prescriptions.blogs.nytimes.com/2011/04/27/test-of-eye-drug-shows-success-in-elderly/,https://www.healthnewsreview.org/review/3866/
HealthStory,story_reviews_01116,3,Gastric Bypass May Improve Diabetes Quickly,Gastric Bypass May Improve Diabetes Quickly,WebMD,http://diabetes.WebMD.com/news/20110427/gastric-bypass-may-improve-diabetes-quickly,https://www.healthnewsreview.org/review/3871/
HealthStory,story_reviews_01117,2,"Tai Chi, A ‘Medication In Motion,’ Helps People With Heart Failure","Tai Chi, A ‘Medication In Motion,’ Helps People With Heart Failure",NPR,http://www.NPR.org/blogs/health/2011/04/26/135712827/tai-chi-a-medication-in-motion-helps-people-with-heart-failure,https://www.healthnewsreview.org/review/3863/
HealthStory,story_reviews_01118,3,Acupuncture May Help Ease Hot Flashes Tied to Prostate Cancer Treatment,Acupuncture May Help Ease Hot Flashes Tied to Prostate Cancer Treatment,Health Day,http://consumer.Healthday.com/Article.asp?AID=652188,https://www.healthnewsreview.org/review/3856/
HealthStory,story_reviews_01119,3,"When Size Matters, Men Can Turn to Penile Extenders: Study","When Size Matters, Men Can Turn to Penile Extenders: Study",Health Day,http://consumer.Healthday.com/Article.asp?AID=652075,https://www.healthnewsreview.org/review/3853/
HealthStory,story_reviews_01120,4,Experimental Test May Warn of Premature Births,Experimental Test May Warn of Premature Births,Health Day,http://consumer.Healthday.com/Article.asp?AID=652094,https://www.healthnewsreview.org/review/3850/
HealthStory,story_reviews_01121,5,"Aspirin cuts heart attacks, not deaths or strokes","Aspirin cuts heart attacks, not deaths or strokes",Reuters Health,http://www.Reuters.com/article/2011/04/20/us-aspirin-heartattacks-idUSTRE73J7KG20110420,https://www.healthnewsreview.org/review/3852/
HealthStory,story_reviews_01122,3,Pushing Limits of New Knees,Pushing Limits of New Knees,The Wall Street Journal,http://online.wsj.com/article/SB10001424052748704004004576270844211718806.html#,https://www.healthnewsreview.org/review/3835/
HealthStory,story_reviews_01123,4,"Women Taking Calcium Supplements May Risk Heart Health, Researchers Say","Women Taking Calcium Supplements May Risk Heart Health, Researchers Say",Health Day,http://consumer.Healthday.com/Article.asp?AID=652081,https://www.healthnewsreview.org/review/3839/
HealthStory,story_reviews_01124,5,"Alzheimer’s Redefined, But Changes Mean Little For Patients","Alzheimer’s Redefined, But Changes Mean Little For Patients",NPR,http://www.NPR.org/blogs/health/2011/04/19/135547952/alzheimers-disease-gets-redefined-but-changes-mean-little-for-patients,https://www.healthnewsreview.org/review/3843/
HealthStory,story_reviews_01125,5,New guidelines define pre-Alzheimer’s disease,New guidelines define pre-Alzheimer’s disease,Associated Press,http://www.The Denver Post.com/fitness/ci_17878970,https://www.healthnewsreview.org/review/3845/
HealthStory,story_reviews_01126,1,FDA Approves New Device for Brain Tumor Treatment,FDA Approves New Device for Brain Tumor Treatment,WebMD,http://www.WebMD.com/cancer/brain-cancer/news/20110418/fda-approves-new-device-brain-tumor-treatment,https://www.healthnewsreview.org/review/3833/
HealthStory,story_reviews_01127,1,Made-to-order medicine,Made-to-order medicine,The Philadelphia Inquirer,http://www.philly.com/philly/health_and_science/20110418_Made-to-order_medicine.html?viewAll=y,https://www.healthnewsreview.org/review/3834/
HealthStory,story_reviews_01128,2,Statin Drugs May Cut Risk of Kidney Trouble After Surgery,Statin Drugs May Cut Risk of Kidney Trouble After Surgery,Health Day,http://consumer.Healthday.com/Article.asp?AID=651955,https://www.healthnewsreview.org/review/3830/
HealthStory,story_reviews_01129,4,Screening Prostates at Any Age,Screening Prostates at Any Age,The New York Times,http://www.nytimes.com/2011/04/12/health/12prostate.html?ref=health,https://www.healthnewsreview.org/review/3818/
HealthStory,story_reviews_01130,2,An Apple a Day May Help Keep Heart Disease Away,An Apple a Day May Help Keep Heart Disease Away,Health Day,http://consumer.Healthday.com/Article.asp?AID=651850,https://www.healthnewsreview.org/review/3823/
HealthStory,story_reviews_01131,4,Diet drug Qnexa: Don’t get too carried away by new study,Diet drug Qnexa: Don’t get too carried away by new study,Los Angeles Times,"http://www.Los Angeles Times.com/health/boostershots/diet-weight/la-heb-diet-drug-20110410,0,4618610,print.story",https://www.healthnewsreview.org/review/3812/
HealthStory,story_reviews_01132,4,New Pill for MS Shows Promise in Clinical Trial,New Pill for MS Shows Promise in Clinical Trial,Health Day,http://consumer.Healthday.com/Article.asp?AID=651645,https://www.healthnewsreview.org/review/3820/
HealthStory,story_reviews_01133,4,Study: Weight-loss combo pill shows promise,Study: Weight-loss combo pill shows promise,CNN,http://thechart.blogs.CNN.com/2011/04/10/study-weight-loss-combo-pill-shows-promise/?hpt=C2,https://www.healthnewsreview.org/review/3813/
HealthStory,story_reviews_01134,2,"Strawberries Fight Cancer, Study Finds","Strawberries Fight Cancer, Study Finds",The Wall Street Journal,http://online.wsj.com/article/SB10001424052748703280904576246854013624530.html,https://www.healthnewsreview.org/review/3804/
HealthStory,story_reviews_01135,5,Vaginal gel reduces preterm births in some women,Vaginal gel reduces preterm births in some women,Associated Press,http://www.The Denver Post.com/fitness/ci_17783037,https://www.healthnewsreview.org/review/3806/
HealthStory,story_reviews_01136,3,Premature births may be reduced with hormone gel,Premature births may be reduced with hormone gel,Los Angeles Times,"http://www.Los Angeles Times.com/health/boostershots/la-heb-baby-premature-progesterone,0,6058677.story",https://www.healthnewsreview.org/review/3811/
HealthStory,story_reviews_01137,5,"More Options Before Bypass Surgery, Study Finds","More Options Before Bypass Surgery, Study Finds",The Wall Street Journal,http://online.wsj.com/article/SB10001424052748704587004576243112786712844.html,https://www.healthnewsreview.org/review/3791/
HealthStory,story_reviews_01138,2,Study finds statins reduce pneumonia death rates,Study finds statins reduce pneumonia death rates,Reuters Health,http://www.Reuters.com/article/2011/04/05/us-pneumonia-statins-idUSTRE73413920110405,https://www.healthnewsreview.org/review/3794/
HealthStory,story_reviews_01139,0,Aspirin Linked to Lower Pancreatic Cancer Risk,Aspirin Linked to Lower Pancreatic Cancer Risk,WebMD,http://www.WebMD.com/cancer/pancreatic-cancer/news/20110404/aspirin-linked-to-lower-pancreatic-cancer-risk,https://www.healthnewsreview.org/review/3795/
HealthStory,story_reviews_01140,4,Estrogen Lowers Breast Cancer and Heart Attack Risk in Some,Estrogen Lowers Breast Cancer and Heart Attack Risk in Some,The New York Times,http://well.blogs.nytimes.com/2011/04/05/estrogen-lowers-risk-of-heart-attack-and-breast-cancer-in-some/?pagemode=print,https://www.healthnewsreview.org/review/3796/
HealthStory,story_reviews_01141,3,"Good news, bad news for former estrogen users","Good news, bad news for former estrogen users",The Washington Post,http://www.washingtonpost.com/blogs/the-checkup/post/good-news-bad-news-for-former-estrogen-users/2011/04/04/AF4FKKjC_blog.html,https://www.healthnewsreview.org/review/3798/
HealthStory,story_reviews_01142,4,New heart valve replacement procedure hailed,New heart valve replacement procedure hailed,Los Angeles Times,"http://www.Los Angeles Times.com/health/la-he-heart-valve-replacement-20110404,0,7843825,print.story",https://www.healthnewsreview.org/review/3784/
HealthStory,story_reviews_01143,2,Regular Fasting May Boost Heart Health,Regular Fasting May Boost Heart Health,The New York Times,http://well.blogs.nytimes.com/2011/04/04/regular-fasting-may-boost-heart-health/?ref=health,https://www.healthnewsreview.org/review/3789/
HealthStory,story_reviews_01144,2,Abbott absorbable stent shows good results,Abbott absorbable stent shows good results,Reuters Health,http://www.Reuters.com/article/2011/04/03/us-heart-abbott-stent-idUSTRE7322OG20110403,https://www.healthnewsreview.org/review/3787/
HealthStory,story_reviews_01145,5,Can painkillers prevent melanoma?,Can painkillers prevent melanoma?,Reuters Health,http://www.Reuters.com/article/2011/04/01/us-painkillers-melanoma-idUSTRE7305ZR20110401,https://www.healthnewsreview.org/review/3783/
HealthStory,story_reviews_01146,4,Patients May Benefit From New Heart Device,Patients May Benefit From New Heart Device,The Wall Street Journal,http://online.wsj.com/article/SB10001424052748704471904576230671702390088.html,https://www.healthnewsreview.org/review/3775/
HealthStory,story_reviews_01147,3,3-Drug Combo May Treat Hepatitis C,3-Drug Combo May Treat Hepatitis C,WebMD,http://www.WebMD.com/hepatitis/news/20110330/3-drug-combo-may-treat-hepatitis-c?page=2,https://www.healthnewsreview.org/review/3782/
HealthStory,story_reviews_01148,2,"For weight loss, add sleep and relaxation to diet and exercise","For weight loss, add sleep and relaxation to diet and exercise",Los Angeles Times,"http://www.Los Angeles Times.com/health/boostershots/la-heb-weight-loss-20110329,0,4240529,print.story",https://www.healthnewsreview.org/review/3769/
HealthStory,story_reviews_01149,4,"Less Stress, Better Sleep May Help You Lose Weight","Less Stress, Better Sleep May Help You Lose Weight",Health Day,http://consumer.Healthday.com/Article.asp?AID=651334,https://www.healthnewsreview.org/review/3772/
HealthStory,story_reviews_01150,2,New Therapy for Enlarged Prostate May Bypass Unpleasant Side Effects,New Therapy for Enlarged Prostate May Bypass Unpleasant Side Effects,Health Day,http://consumer.Healthday.com/Article.asp?AID=651229,https://www.healthnewsreview.org/review/3774/
HealthStory,story_reviews_01151,2,No-Scalpel Treatment for Enlarged Prostate,No-Scalpel Treatment for Enlarged Prostate,WebMD,http://men.WebMD.com/prostate-enlargement-bph/news/20110329/no-scalpel-treatment-for-enlarged-prostate,https://www.healthnewsreview.org/review/3777/
HealthStory,story_reviews_01152,4,No Good Evidence That Folk Remedies Ease Colic,No Good Evidence That Folk Remedies Ease Colic,Health Day,http://consumer.Healthday.com/Article.asp?AID=651268,https://www.healthnewsreview.org/review/3765/
HealthStory,story_reviews_01153,2,Alexander Technique: A Balm For Back Pain?,Alexander Technique: A Balm For Back Pain?,NPR,http://www.NPR.org/2011/03/28/134861319/alexander-technique-a-balm-for-back-pain,https://www.healthnewsreview.org/review/3766/
HealthStory,story_reviews_01154,0,How to soothe baby’s colic? Pour a cup of tea,How to soothe baby’s colic? Pour a cup of tea,MSNBC,http://moms.today.com/_news/2011/03/28/6355131-how-to-soothe-babys-colic-pour-a-cup-of-tea,https://www.healthnewsreview.org/review/3767/
HealthStory,story_reviews_01155,2,Trolling the Oceans to Combat Aging,Trolling the Oceans to Combat Aging,The New York Times,http://www.nytimes.com/2011/03/24/fashion/24SKIN.html?_r=1,https://www.healthnewsreview.org/review/3758/
HealthStory,story_reviews_01156,3,Lab-grown mouse sperm could spawn fertility treatments for men,Lab-grown mouse sperm could spawn fertility treatments for men,Los Angeles Times,"http://www.Los Angeles Times.com/health/boostershots/la-heb-sperm-in-a-dish-20110323,0,388660.story",https://www.healthnewsreview.org/review/3762/
HealthStory,story_reviews_01157,4,3-D breast scan seen as breakthrough,3-D breast scan seen as breakthrough,The Philadelphia Inquirer,http://www.philly.com/philly/health_and_science/20110322_3-D_breast_scan_seen_as_breakthrough.html?viewAll=y,https://www.healthnewsreview.org/review/3754/
HealthStory,story_reviews_01158,2,New stem cell study promises to heal the heart,New stem cell study promises to heal the heart,The Dallas Morning News,http://www.dallasnews.com/health/heart-health/headlines/20110322-new-stem-cell-study-promises-to-heal-the-heart.ece,https://www.healthnewsreview.org/review/3755/
HealthStory,story_reviews_01159,3,Stitching Up Shoulders,Stitching Up Shoulders,The Wall Street Journal,http://online.wsj.com/article/SB10001424052748703905404576164251084032340.html,https://www.healthnewsreview.org/review/3747/
HealthStory,story_reviews_01160,4,40% of Gastric Banding Patients Have Complications,40% of Gastric Banding Patients Have Complications,Health Day,http://consumer.Healthday.com/Article.asp?AID=651049,https://www.healthnewsreview.org/review/3752/
HealthStory,story_reviews_01161,4,Study: Poor Results From Lap-Band Surgery,Study: Poor Results From Lap-Band Surgery,WebMD,http://www.WebMD.com/diet/weight-loss-surgery/news/20110321/study-poor-results-from-lap-band-surgery,https://www.healthnewsreview.org/review/3753/
HealthStory,story_reviews_01162,2,Blood Test May Predict Risk of Diabetes,Blood Test May Predict Risk of Diabetes,WebMD,http://diabetes.WebMD.com/news/20110318/blood-test-may-predict-risk-of-diabetes,https://www.healthnewsreview.org/review/3749/
HealthStory,story_reviews_01163,3,Study: Gene therapy improves Parkinson’s symptoms,Study: Gene therapy improves Parkinson’s symptoms,Associated Press,http://www.The Denver Post.com/fitness/ci_17629395,https://www.healthnewsreview.org/review/3736/
HealthStory,story_reviews_01164,5,Hormones may be better than soy for hot flashes,Hormones may be better than soy for hot flashes,Reuters Health,http://www.Reuters.com/article/2011/03/15/us-hormones-be-better-than-soy-hot-flash-idUSTRE72E7P820110315,https://www.healthnewsreview.org/review/3733/
HealthStory,story_reviews_01165,4,A Touch of Massage Therapy: Reiki Used for Cancer Patients,A Touch of Massage Therapy: Reiki Used for Cancer Patients,The Wall Street Journal,http://online.wsj.com/article/SB10001424052748704893604576200502111578620.html,https://www.healthnewsreview.org/review/3734/
HealthStory,story_reviews_01166,4,A Dutch therapy that stimulates the senses seems to soothe dementia patients,A Dutch therapy that stimulates the senses seems to soothe dementia patients,The Philadelphia Inquirer,http://www.philly.com/philly/health_and_science/20110314_A_Dutch_therapy_that_stimulates_the_senses_seems_to_soothe_dementia_patients.html,https://www.healthnewsreview.org/review/3722/
HealthStory,story_reviews_01167,3,How To Beat Sleep Apnea? Cut It Out (Surgically),How To Beat Sleep Apnea? Cut It Out (Surgically),NPR,http://www.NPR.org/2011/03/14/134467782/how-to-beat-sleep-apnea-cut-it-out-surgically,https://www.healthnewsreview.org/review/3725/
HealthStory,story_reviews_01168,3,Say Aaa! Then Zzz: Tonsillectomy Helps Kids Sleep,Say Aaa! Then Zzz: Tonsillectomy Helps Kids Sleep,NPR,http://www.NPR.org/2011/03/14/134455236/say-aaa-then-zzz-tonsillectomy-helps-kids-sleep,https://www.healthnewsreview.org/review/3726/
HealthStory,story_reviews_01169,4,FDA approves first new drug for lupus in 56 years,FDA approves first new drug for lupus in 56 years,AP Associated Press,http://www.stltoday.com/business/national-and-international/article_ca6920f9-64f4-54fb-8b88-56eca25cea0b.html,https://www.healthnewsreview.org/review/3714/
HealthStory,story_reviews_01170,4,Could gene tests tell if kids can be sports stars?,Could gene tests tell if kids can be sports stars?,Associated Press,http://news.yahoo.com/s/ap/20110308/ap_on_sp_ot/us_med_sports_gene_tests,https://www.healthnewsreview.org/review/3710/
HealthStory,story_reviews_01171,4,Why to Eat Like a Greek,Why to Eat Like a Greek,The Wall Street Journal,http://online.wsj.com/article/SB10001424052748703883504576186970964603198.html?mod=googlenews_wsj,https://www.healthnewsreview.org/review/3701/
HealthStory,story_reviews_01172,1,Acupuncture May Take Edge Off Menopause Symptoms,Acupuncture May Take Edge Off Menopause Symptoms,Health Day,http://consumer.Healthday.com/Article.asp?AID=650609,https://www.healthnewsreview.org/review/3706/
HealthStory,story_reviews_01173,3,"Mediterranean diet cuts heart, diabetes risk factors","Mediterranean diet cuts heart, diabetes risk factors",CNN,http://thechart.blogs.CNN.com/2011/03/07/mediterranean-diet-cuts-heart-diabetes-risk-factors/,https://www.healthnewsreview.org/review/3707/
HealthStory,story_reviews_01174,1,Acupuncture May Ease Hot Flashes,Acupuncture May Ease Hot Flashes,WebMD,http://women.WebMD.com/news/20110307/acupuncture-may-ease-hot-flashes,https://www.healthnewsreview.org/review/3708/
HealthStory,story_reviews_01175,3,Noninvasive Test May Identify Down Syndrome Early On,Noninvasive Test May Identify Down Syndrome Early On,Health Day,http://consumer.Healthday.com/Article.asp?AID=650582,https://www.healthnewsreview.org/review/3699/
HealthStory,story_reviews_01176,2,Scientists develop blood test for Down’s Syndrome,Scientists develop blood test for Down’s Syndrome,Reuters Health,http://www.Reuters.com/article/2011/03/06/us-downs-test-idUSTRE72523F20110306,https://www.healthnewsreview.org/review/3700/
HealthStory,story_reviews_01177,3,Stomach pacemaker could help obese lose weight,Stomach pacemaker could help obese lose weight,Associated Press,http://news.yahoo.com/s/ap/20110303/ap_on_hi_te/eu_med_stomach_pacemaker,https://www.healthnewsreview.org/review/3692/
HealthStory,story_reviews_01178,2,Virtual Colonoscopy Gains in Popularity. Is It Right for You?,Virtual Colonoscopy Gains in Popularity. Is It Right for You?,Time,http://healthland.time.com/2011/03/03/virtual-colonoscopy-gains-in-popularity-is-it-right-for-you/,https://www.healthnewsreview.org/review/3696/
HealthStory,story_reviews_01179,4,New Chemo Drug May Benefit Some Breast Cancer Patients,New Chemo Drug May Benefit Some Breast Cancer Patients,Health Day,http://consumer.Healthday.com/Article.asp?AID=650463,https://www.healthnewsreview.org/review/3693/
HealthStory,story_reviews_01180,3,Chew On This: Sticking With Nicotine Gum for the Long Haul,Chew On This: Sticking With Nicotine Gum for the Long Haul,The Wall Street Journal,http://online.wsj.com/article/SB10001424052748703749504576172380613419382.html,https://www.healthnewsreview.org/review/3685/
HealthStory,story_reviews_01181,5,Gene therapy raises hope for a future AIDS cure,Gene therapy raises hope for a future AIDS cure,Associated Press,http://www.washingtonpost.com/wp-dyn/content/article/2011/02/28/AR2011022803737_pf.html,https://www.healthnewsreview.org/review/3686/
HealthStory,story_reviews_01182,2,Fish Oil Seems to Help Cancer Patients Preserve Muscle,Fish Oil Seems to Help Cancer Patients Preserve Muscle,Health Day,http://consumer.Healthday.com/Article.asp?AID=650323,https://www.healthnewsreview.org/review/3683/
HealthStory,story_reviews_01183,4,Study: PSA rise not good prostate cancer predictor,Study: PSA rise not good prostate cancer predictor,Associated Press,http://yourlife.USA Today.com/health/medical/cancer/story/2011/02/Study-PSA-rise-not-good-prostate-cancer-predictor/44135930/1,https://www.healthnewsreview.org/review/3677/
HealthStory,story_reviews_01184,4,Rapid Rise in PSA Levels a Poor Predictor of Prostate Cancer: Study,Rapid Rise in PSA Levels a Poor Predictor of Prostate Cancer: Study,Health Day,http://consumer.Healthday.com/Article.asp?AID=650257,https://www.healthnewsreview.org/review/3678/
HealthStory,story_reviews_01185,4,Pill That Hits A Cause Of Cystic Fibrosis Beats Expectations,Pill That Hits A Cause Of Cystic Fibrosis Beats Expectations,NPR,http://www.NPR.org/blogs/health/2011/02/24/133995182/pill-that-hits-a-cause-of-cystic-fibrosis-beats-expectations,https://www.healthnewsreview.org/review/3679/
HealthStory,story_reviews_01186,5,Trial Shows Cystic Fibrosis Drug Helped Ease Breathing,Trial Shows Cystic Fibrosis Drug Helped Ease Breathing,The New York Times,http://prescriptions.blogs.nytimes.com/2011/02/23/vertex-says-cystic-fibrosis-drug-helped-patients-breathe-easier/?ref=health,https://www.healthnewsreview.org/review/3668/
HealthStory,story_reviews_01187,5,Drugs To Prevent Weak Bones Linked To Unusual Fractures In Women,Drugs To Prevent Weak Bones Linked To Unusual Fractures In Women,NPR,http://www.NPR.org/blogs/health/2011/02/23/133972189/osteoporosis-drugs-linked-to-unusual-fractures-in-women,https://www.healthnewsreview.org/review/3670/
HealthStory,story_reviews_01188,2,"Gastric bypass more effective than other procedures, studies find","Gastric bypass more effective than other procedures, studies find",Los Angeles Times,"http://www.Los Angeles Times.com/health/la-he-bariatric-surgery-20110222,0,815206.story",https://www.healthnewsreview.org/review/3662/
HealthStory,story_reviews_01189,2,Brain’s Electrical Activity May Help Spot Infants at High Risk for Autism,Brain’s Electrical Activity May Help Spot Infants at High Risk for Autism,Health Day,http://consumer.Healthday.com/Article.asp?AID=650139,https://www.healthnewsreview.org/review/3663/
HealthStory,story_reviews_01190,3,Brain scans may someday detect autism,Brain scans may someday detect autism,CNN,http://pagingdrgupta.blogs.CNN.com/2011/02/22/brain-scans-may-someday-detect-autism/,https://www.healthnewsreview.org/review/3665/
HealthStory,story_reviews_01191,5,Fungus Got Your Toes? Zap It,Fungus Got Your Toes? Zap It,The Wall Street Journal,http://online.wsj.com/article/SB10001424052748704476604576158351630076320.html?mod=WSJ_0_0_WP_2715_RIGHTTopCarousel_1,https://www.healthnewsreview.org/review/3667/
HealthStory,story_reviews_01192,4,Mammograms May Not Be Fool-Proof at Catching Second Cancers,Mammograms May Not Be Fool-Proof at Catching Second Cancers,Health Day,http://consumer.Healthday.com/Article.asp?AID=650149,https://www.healthnewsreview.org/review/3669/
HealthStory,story_reviews_01193,5,"More unusual, fewer usual breaks with bone drugs","More unusual, fewer usual breaks with bone drugs",Reuters Health,http://www.Reuters.com/article/2011/02/22/us-bone-drugs-idUSTRE71L7JK20110222,https://www.healthnewsreview.org/review/3671/
HealthStory,story_reviews_01194,4,Trying brain pacemakers to zap psychiatric disease,Trying brain pacemakers to zap psychiatric disease,Associated Press,http://www.washingtonpost.com/wp-dyn/content/article/2011/02/21/AR2011022101866_pf.html,https://www.healthnewsreview.org/review/3657/
HealthStory,story_reviews_01195,4,"Gastric Bypass Best for Weight Loss, Study Finds","Gastric Bypass Best for Weight Loss, Study Finds",Health Day,http://consumer.Healthday.com/Article.asp?AID=650137,https://www.healthnewsreview.org/review/3664/
HealthStory,story_reviews_01196,4,Drug Shows Promise For Newborn Blindness,Drug Shows Promise For Newborn Blindness,The Wall Street Journal,http://online.wsj.com/article/SB10001424052748703961104576148692383748796.html,https://www.healthnewsreview.org/review/3644/
HealthStory,story_reviews_01197,3,Can Pomegranate Pills Fight Prostate Cancer?,Can Pomegranate Pills Fight Prostate Cancer?,WebMD,http://www.WebMD.com/prostate-cancer/news/20110217/can-pomegranate-pills-fight-prostate-cancer,https://www.healthnewsreview.org/review/3651/
HealthStory,story_reviews_01198,2,PSA Test Cut-off Could Signal Low-Risk Prostate Cancer,PSA Test Cut-off Could Signal Low-Risk Prostate Cancer,Health Day,http://consumer.Healthday.com/Article.asp?AID=649951,https://www.healthnewsreview.org/review/3639/
HealthStory,story_reviews_01199,2,Zinc May Prevent and Shorten Colds,Zinc May Prevent and Shorten Colds,WebMD,http://www.WebMD.com/cold-and-flu/news/20110215/zinc-may-prevent-and-shorten-colds,https://www.healthnewsreview.org/review/3642/
HealthStory,story_reviews_01202,3,"Zinc will help your cold, at least a little","Zinc will help your cold, at least a little",Reuters Health,http://www.Reuters.com/article/2011/02/16/us-zinc-cold-idUSTRE71F3XI20110216,https://www.healthnewsreview.org/review/3643/
HealthStory,story_reviews_01203,4,Women on bone drugs have less colon cancer: study,Women on bone drugs have less colon cancer: study,Reuters Health,http://www.Reuters.com/article/2011/02/14/us-colon-cancer-idUSTRE71D6LS20110214,https://www.healthnewsreview.org/review/3632/
HealthStory,story_reviews_01204,3,Popular Bone Drugs Linked to Reduced Colon Cancer Risk,Popular Bone Drugs Linked to Reduced Colon Cancer Risk,Health Day,http://consumer.Healthday.com/Article.asp?AID=649900,https://www.healthnewsreview.org/review/3634/
HealthStory,story_reviews_01205,4,Can relaxation drinks put you to sleep?,Can relaxation drinks put you to sleep?,The Washington Post,http://www.washingtonpost.com/wp-dyn/content/article/2011/02/14/AR2011021405988.html,https://www.healthnewsreview.org/review/3629/
HealthStory,story_reviews_01206,1,Berries May Ward Off Parkinson’s Disease,Berries May Ward Off Parkinson’s Disease,WebMD,http://www.WebMD.com/parkinsons-disease/news/20110214/berries-may-ward-off-parkinsons-disease,https://www.healthnewsreview.org/review/3633/
HealthStory,story_reviews_01207,2,Creatine supplements may benefit women with knee osteoarthritis,Creatine supplements may benefit women with knee osteoarthritis,Los Angeles Times,"http://www.Los Angeles Times.com/health/boostershots/la-heb-creatine-20110213,0,6965354.story",https://www.healthnewsreview.org/review/3626/
HealthStory,story_reviews_01208,3,Clot-Busting Drug May Prevent Disability From Mild Stroke,Clot-Busting Drug May Prevent Disability From Mild Stroke,WebMD,http://www.WebMD.com/stroke/news/20110210/clot-busting-drug-may-treat-mild-strokes,https://www.healthnewsreview.org/review/3620/
HealthStory,story_reviews_01209,5,Lymph Node Study Shakes Pillar of Breast Cancer Care,Lymph Node Study Shakes Pillar of Breast Cancer Care,The New York Times,http://www.nytimes.com/2011/02/09/health/research/09breast.html?ref=health,https://www.healthnewsreview.org/review/3601/
HealthStory,story_reviews_01210,4,Breast-cancer study questions lymph node removal,Breast-cancer study questions lymph node removal,The Washington Post,http://www.washingtonpost.com/wp-dyn/content/article/2011/02/08/AR2011020806420.html,https://www.healthnewsreview.org/review/3604/
HealthStory,story_reviews_01211,3,New research raises hopes in quest to find universal flu vaccine,New research raises hopes in quest to find universal flu vaccine,CNN,http://www.CNN.com/2011/HEALTH/02/07/universal.flu.vaccine.research/index.html,https://www.healthnewsreview.org/review/3599/
HealthStory,story_reviews_01212,2,Heart failure therapy twice as effective in women,Heart failure therapy twice as effective in women,Reuters Health,http://www.Reuters.com/article/2011/02/08/us-heart-failure-device-idUSTRE71660R20110208,https://www.healthnewsreview.org/review/3600/
HealthStory,story_reviews_01213,4,Early breast cancers may need less lymph node surgery,Early breast cancers may need less lymph node surgery,USA Today,http://yourlife.USA Today.com/health/medical/cancer/story/2011/02/Early-breast-cancers-may-need-less-lymph-node-surgery/43476410/1,https://www.healthnewsreview.org/review/3606/
HealthStory,story_reviews_01214,2,Is Chocolate the Next Super Food?,Is Chocolate the Next Super Food?,WebMD,http://www.WebMD.com/food-recipes/news/20110207/is-chocolate-the-next-super-food,https://www.healthnewsreview.org/review/3596/
HealthStory,story_reviews_01215,2,"Processed, Fatty Foods May Dumb Down Your Kids: Study","Processed, Fatty Foods May Dumb Down Your Kids: Study",Health Day,http://consumer.Healthday.com/Article.asp?AID=649665,https://www.healthnewsreview.org/review/3598/
HealthStory,story_reviews_01216,5,FDA Approves First Drug To Prevent Preterm Births,FDA Approves First Drug To Prevent Preterm Births,NPR,http://www.NPR.org/blogs/health/2011/02/05/133505087/fda-approves-first-drug-to-prevent-preterm-births,https://www.healthnewsreview.org/review/3595/
HealthStory,story_reviews_01217,3,Restrictive Diet May Reduce ADHD Symptoms,Restrictive Diet May Reduce ADHD Symptoms,Health Day,http://consumer.Healthday.com/Article.asp?AID=649603,https://www.healthnewsreview.org/review/3589/
HealthStory,story_reviews_01218,0,Osteoporosis medication extends life by five years,Osteoporosis medication extends life by five years,Los Angeles Times,"http://www.Los Angeles Times.com/health/boostershots/la-heb-osteoporosis-20110203,0,3464389.story",https://www.healthnewsreview.org/review/3591/
HealthStory,story_reviews_01219,2,Study: ADHD Diet Helps Reduce Symptoms,Study: ADHD Diet Helps Reduce Symptoms,WebMD,http://www.WebMD.com/add-adhd/news/20110203/study-adhd-diet-helps-reduce-symptoms,https://www.healthnewsreview.org/review/3593/
HealthStory,story_reviews_01220,3,HPV Shot Prevents Genital Warts in Boys and Men,HPV Shot Prevents Genital Warts in Boys and Men,WebMD,http://www.WebMD.com/sexual-conditions/hpv-genital-warts/news/20110202/hpv-shot-prevents-genital-warts-in-boys-and-men,https://www.healthnewsreview.org/review/3587/
HealthStory,story_reviews_01221,3,Gardasil Vaccine Guards Against HPV in Boys,Gardasil Vaccine Guards Against HPV in Boys,HealthDay,http://consumer.Healthday.com/Article.asp?AID=649535,https://www.healthnewsreview.org/review/3588/
HealthStory,story_reviews_01222,0,Scientists look to stem cells to mend broken hearts,Scientists look to stem cells to mend broken hearts,Reuters Health,http://www.Reuters.com/article/2011/02/01/us-heart-stemcells-idUSTRE71020820110201,https://www.healthnewsreview.org/review/3580/
HealthStory,story_reviews_01223,2,Study: Proton treatment for prostate cancer results in few complications,Study: Proton treatment for prostate cancer results in few complications,Orlando Sentinel,"http://www.Orlando Sentinel.com/health/os-proton-therapy-prostate-cancer-20110131,0,7119525,print.story",https://www.healthnewsreview.org/review/3581/
HealthStory,story_reviews_01224,3,Doctor Challenges Cause Of MS And Treatment,Doctor Challenges Cause Of MS And Treatment,NPR,http://www.NPR.org/2011/01/31/133247319/doctor-challenges-cause-of-ms-and-treatment,https://www.healthnewsreview.org/review/3577/
HealthStory,story_reviews_01225,5,CDC To Doctors: Anti-HIV Pill No Magic Bullet Against Virus,CDC To Doctors: Anti-HIV Pill No Magic Bullet Against Virus,NPR,http://www.NPR.org/blogs/health/2011/01/27/133280476/cdc-to-doctors-anti-hiv-pill-no-magic-bullet-against-virus,https://www.healthnewsreview.org/review/3574/
HealthStory,story_reviews_01226,4,"Extra calcium, vitamin D no bone booster for men","Extra calcium, vitamin D no bone booster for men",Reuters Health,http://www.Reuters.com/article/2011/01/27/us-extra-calcium-idUSTRE70Q8V020110127,https://www.healthnewsreview.org/review/3575/
HealthStory,story_reviews_01227,1,New U.S. analysis backs annual breast screening,New U.S. analysis backs annual breast screening,Reuters Health,http://www.Reuters.com/article/idUSTRE70P0MO20110126,https://www.healthnewsreview.org/review/3570/
HealthStory,story_reviews_01228,2,Breast cancer drug may slow lung cancer’s march,Breast cancer drug may slow lung cancer’s march,Los Angeles Times,"http://www.Los Angeles Times.com/health/boostershots/cancer/la-heb-cancer-drug-01252011,0,2975654.story",https://www.healthnewsreview.org/review/3568/
HealthStory,story_reviews_01229,2,Blocking “rogue gene” may stop cancer spread: study,Blocking “rogue gene” may stop cancer spread: study,Reuters Health,http://www.Reuters.com/article/idUSTRE70N2AI20110124,https://www.healthnewsreview.org/review/3563/
HealthStory,story_reviews_01230,3,Deep Brain Stimulation for Stubborn Hypertension,Deep Brain Stimulation for Stubborn Hypertension,WebMD,http://www.WebMD.com/hypertension-high-blood-pressure/news/20110124/deep-brain-stimulation-for-stubborn-hypertension,https://www.healthnewsreview.org/review/3565/
HealthStory,story_reviews_01231,3,Deep Brain Stimulation Might Ease Tough-to-Treat Hypertension,Deep Brain Stimulation Might Ease Tough-to-Treat Hypertension,Health Day,http://consumer.Healthday.com/Article.asp?AID=649166,https://www.healthnewsreview.org/review/3566/
HealthStory,story_reviews_01232,4,Short-term pill-free therapy may help insomniacs,Short-term pill-free therapy may help insomniacs,Reuters Health,http://www.Reuters.com/article/idUSTRE70N71L20110124,https://www.healthnewsreview.org/review/3567/
HealthStory,story_reviews_01233,1,Coconuts are busting out all over,Coconuts are busting out all over,The Denver Post,http://www.denverpost.com/fitness/ci_17169654,https://www.healthnewsreview.org/review/3561/
HealthStory,story_reviews_01234,2,Pain Patches Making Gains in U.S.,Pain Patches Making Gains in U.S.,Health Day,http://consumer.Healthday.com/Article.asp?AID=641562,https://www.healthnewsreview.org/review/3558/
HealthStory,story_reviews_01235,2,Sluggish? Confused? Vitamin B12 May Be Low,Sluggish? Confused? Vitamin B12 May Be Low,The Wall Street Journal,http://online.wsj.com/article/SB10001424052748703396604576087890340653656.html,https://www.healthnewsreview.org/review/3542/
HealthStory,story_reviews_01236,2,Close Look at Orthotics Raises a Welter of Doubts,Close Look at Orthotics Raises a Welter of Doubts,The New York Times,http://www.nytimes.com/2011/01/18/health/nutrition/18best.html,https://www.healthnewsreview.org/review/3544/
HealthStory,story_reviews_01237,3,Study: Fatty acids can help ease PMS symptoms,Study: Fatty acids can help ease PMS symptoms,CNN,http://www.CNN.com/2011/HEALTH/01/17/fatty.acids.pms/index.html,https://www.healthnewsreview.org/review/3545/
HealthStory,story_reviews_01238,4,Antidepressant May Help Ease Hot Flashes,Antidepressant May Help Ease Hot Flashes,WebMD,http://www.WebMD.com/menopause/news/20110118/antidepressant-may-help-ease-hot-flashes?print=true,https://www.healthnewsreview.org/review/3549/
HealthStory,story_reviews_01239,2,Antidepressants relieve hot flashes,Antidepressants relieve hot flashes,The Washington Post,http://voices.washingtonpost.com/checkup/2011/01/antidepressants_relieve_hot_fl.html,https://www.healthnewsreview.org/review/3550/
HealthStory,story_reviews_01240,4,Alternative treatments for diabetes — do they work?,Alternative treatments for diabetes — do they work?,Los Angeles Times,"http://www.Los Angeles Times.com/health/la-he-skeptic-diabetes-drinks-20110117,0,1538564,print.story",https://www.healthnewsreview.org/review/3540/
HealthStory,story_reviews_01241,1,Anti-Gravity Treadmill helps injured get moving again,Anti-Gravity Treadmill helps injured get moving again,The Denver Post,http://www.The Denver Post.com/fitness/ci_17107585,https://www.healthnewsreview.org/review/3541/
HealthStory,story_reviews_01242,4,"Antibiotics Defeat Ear Infections In Little Kids, Studies Find","Antibiotics Defeat Ear Infections In Little Kids, Studies Find",NPR,http://www.NPR.org/blogs/health/2011/01/13/132869336/antibiotics-defeat-ear-infections-in-little-kids-studies-find,https://www.healthnewsreview.org/review/3531/
HealthStory,story_reviews_01243,4,"Antibiotics speed up recovery from ear infections in young children, studies show","Antibiotics speed up recovery from ear infections in young children, studies show",CNN,http://pagingdrgupta.blogs.CNN.com/2011/01/13/antibiotics-speed-up-recovery-from-ear-infections-in-young-children-studies-show/,https://www.healthnewsreview.org/review/3532/
HealthStory,story_reviews_01244,4,New studies say antibiotics are good for infants with confirmed ear infections,New studies say antibiotics are good for infants with confirmed ear infections,Los Angeles Times,"http://www.Los Angeles Times.com/health/boostershots/la-heb-otitis-media-01122011,0,6449187,print.story",https://www.healthnewsreview.org/review/3528/
HealthStory,story_reviews_01245,1,"Studies show that for kids’ ear infections, antibiotics work better than waiting","Studies show that for kids’ ear infections, antibiotics work better than waiting",The Washington Post,http://voices.washingtonpost.com/checkup/2011/01/for_kids_ear_infections_antibi.html,https://www.healthnewsreview.org/review/3529/
HealthStory,story_reviews_01246,3,Prenatal blood test for Down syndrome shows high level of accuracy,Prenatal blood test for Down syndrome shows high level of accuracy,Los Angeles Times,"http://www.Los Angeles Times.com/health/boostershots/la-heb-prenatal-test-20110111,0,1355792,print.story",https://www.healthnewsreview.org/review/3521/
HealthStory,story_reviews_01247,5,Progress Toward Blood Test for Down Syndrome,Progress Toward Blood Test for Down Syndrome,WebMD,http://www.WebMD.com/baby/news/20110111/progress-toward-blood-test-for-down-syndrome,https://www.healthnewsreview.org/review/3523/
HealthStory,story_reviews_01248,3,Vaccine sharply cuts rate of shingles: study,Vaccine sharply cuts rate of shingles: study,Reuters Health,http://www.Reuters.com/article/idUSTRE70B0US20110112,https://www.healthnewsreview.org/review/3524/
HealthStory,story_reviews_01249,5,Shingles Vaccine Looks Like a Safe Bet for Seniors: Study,Shingles Vaccine Looks Like a Safe Bet for Seniors: Study,Health Day,http://consumer.Healthday.com/Article.asp?AID=648741,https://www.healthnewsreview.org/review/3525/
HealthStory,story_reviews_01250,4,Shingles Vaccine Cuts Disease Risk 55%,Shingles Vaccine Cuts Disease Risk 55%,WebMD,http://www.WebMD.com/skin-problems-and-treatments/shingles/news/20110110/shingles-vaccine-cuts-disease-risk-55-percent,https://www.healthnewsreview.org/review/3526/
HealthStory,story_reviews_01251,3,Stem cell therapy for macular degeneration,Stem cell therapy for macular degeneration,Los Angeles Times,http://articles.Los Angeles Times.com/2011/jan/10/health/la-he-blindness-stem-cells-20110110,https://www.healthnewsreview.org/review/3517/
HealthStory,story_reviews_01252,3,Prozac shows promise in recovery from stroke,Prozac shows promise in recovery from stroke,Reuters Health,http://www.Reuters.com/article/idUSTRE70900220110110,https://www.healthnewsreview.org/review/3515/
HealthStory,story_reviews_01253,2,A crystal ball for the spine,A crystal ball for the spine,Chicago Tribune,"http://www.chicagotribune.com/health/ct-x-s-health-scoli-score-0105-20110105,0,1181940,print.story",https://www.healthnewsreview.org/review/3493/
HealthStory,story_reviews_01254,2,2 Weeks of Antibiotic Therapy Relieves IBS,2 Weeks of Antibiotic Therapy Relieves IBS,WebMD,http://www.WebMD.com/ibs/news/20110105/2-weeks-of-antibiotic-therapy-relieves-ibs,https://www.healthnewsreview.org/review/3500/
HealthStory,story_reviews_01255,4,"Antibiotic eases common stomach pain, studies find","Antibiotic eases common stomach pain, studies find",Associated Press,http://www.MSNBC.msn.com/id/40932529/ns/health-health_care/#,https://www.healthnewsreview.org/review/3503/
HealthStory,story_reviews_01256,4,Experimental Drug Helps Fight Aggressive Breast Cancer: Report,Experimental Drug Helps Fight Aggressive Breast Cancer: Report,Health Day,http://consumer.Healthday.com/Article.asp?AID=648557,https://www.healthnewsreview.org/review/3504/
HealthStory,story_reviews_01257,4,New Breast Cancer Drug Found Deep In the Sea,New Breast Cancer Drug Found Deep In the Sea,The Wall Street Journal,http://online.wsj.com/article/SB10001424052748704111504576059772498413328.html,https://www.healthnewsreview.org/review/3486/
HealthStory,story_reviews_01258,3,Injecting Migraine Pain Away,Injecting Migraine Pain Away,The Wall Street Journal,http://online.wsj.com/article/SB10001424052748704111504576059923876591378.html,https://www.healthnewsreview.org/review/3487/
HealthStory,story_reviews_01259,4,Study finds overuse of implanted defibrillators,Study finds overuse of implanted defibrillators,Los Angeles Times,"http://www.Los Angeles Times.com/health/la-he-heart-device-20110105,0,5729049.story",https://www.healthnewsreview.org/review/3491/
HealthStory,story_reviews_01260,3,More Than 22% of Heart-Device Implantations Aren’t In Line With Guidelines,More Than 22% of Heart-Device Implantations Aren’t In Line With Guidelines,The Wall Street Journal,http://blogs.wsj.com/health/2011/01/04/more-than-22-of-heart-device-implantations-arent-in-line-with-guidelines/?utm_source=feedburner,https://www.healthnewsreview.org/review/3492/
HealthStory,story_reviews_01261,2,New test under development could find single cancer cell in blood,New test under development could find single cancer cell in blood,CNN,http://www.CNN.com/2011/HEALTH/01/03/cancer.test/index.html,https://www.healthnewsreview.org/review/3483/
HealthStory,story_reviews_01262,4,J&J joins development of blood test that can spot 1 cancer cell in a billion healthy ones,J&J joins development of blood test that can spot 1 cancer cell in a billion healthy ones,Associated Press,"http://www.Los Angeles Times.com/health/sns-ap-us-med-cancer-blood-test,0,463860,print.story",https://www.healthnewsreview.org/review/3485/
HealthStory,story_reviews_01263,4,More signs lung cancer screening could save lives,More signs lung cancer screening could save lives,Reuters Health,http://uk.Reuters.com/article/idUKTRE6BR3E720101228,https://www.healthnewsreview.org/review/3479/
HealthStory,story_reviews_01264,2,Experiments test if implant can block sleep apnea,Experiments test if implant can block sleep apnea,Associated Press,http://www.The Denver Post.com/fitness/ci_16951810,https://www.healthnewsreview.org/review/3472/
HealthStory,story_reviews_01265,4,Don’t Stay Up Waiting For A Pill To Fight Jet Lag,Don’t Stay Up Waiting For A Pill To Fight Jet Lag,NPR,http://www.NPR.org/blogs/health/2010/12/27/132361885/dont-stay-up-waiting-for-a-pill-to-fight-jet-lag,https://www.healthnewsreview.org/review/3473/
HealthStory,story_reviews_01266,2,"Moms who take folic acid, iron have smarter kids","Moms who take folic acid, iron have smarter kids",Reuters Health,http://www.Reuters.com/article/idUSTRE6BK68620101222,https://www.healthnewsreview.org/review/3459/
HealthStory,story_reviews_01267,5,Study: Stroke deaths higher where fried fish aplenty,Study: Stroke deaths higher where fried fish aplenty,USA Today,http://www.USA Today.com/yourlife/food/diet-nutrition/2010-12-23-friedfish23_ST_N.htm,https://www.healthnewsreview.org/review/3462/
HealthStory,story_reviews_01268,4,Dyslexia: Scanning the brain for clues,Dyslexia: Scanning the brain for clues,CNN,http://www.CNN.com/2010/HEALTH/12/21/dyslexia.kids/index.html,https://www.healthnewsreview.org/review/3453/
HealthStory,story_reviews_01269,1,Does ‘Club Drug’ Ecstasy Have Therapeutic Value?,Does ‘Club Drug’ Ecstasy Have Therapeutic Value?,Health Day,http://consumer.Healthday.com/Article.asp?AID=647681,https://www.healthnewsreview.org/review/3461/
HealthStory,story_reviews_01270,4,Vaginal steam bath finds a place among Southern California spa options,Vaginal steam bath finds a place among Southern California spa options,Los Angeles Times,"http://www.Los Angeles Times.com/health/la-he-v-steam-20101220,0,6205138,print.story",https://www.healthnewsreview.org/review/3445/
HealthStory,story_reviews_01271,3,The Healthy Skeptic: telomerase activators,The Healthy Skeptic: telomerase activators,Los Angeles Times,"http://www.Los Angeles Times.com/health/la-he-skeptic-telomeres-20101220,0,6925196,print.story",https://www.healthnewsreview.org/review/3446/
HealthStory,story_reviews_01272,1,Brain Scans Predict Dyslexia Improvements,Brain Scans Predict Dyslexia Improvements,WebMD,http://www.WebMD.com/parenting/news/20101220/brain-scans-predict-dyslexia-improvements,https://www.healthnewsreview.org/review/3450/
HealthStory,story_reviews_01273,3,"Circulation Solutions: Varicose veins can be disabling, but new remedies are easing removal","Circulation Solutions: Varicose veins can be disabling, but new remedies are easing removal",The Wall Street Journal,http://online.wsj.com/article/SB10001424052748704720804576010040045172616.html,https://www.healthnewsreview.org/review/3451/
HealthStory,story_reviews_01274,0,Brain scans predict which dyslexics will read,Brain scans predict which dyslexics will read,Reuters Health,http://www.Reuters.com/article/idUSTRE6BJ52R20101220,https://www.healthnewsreview.org/review/3454/
HealthStory,story_reviews_01275,3,Remedies: Honey for Coughing,Remedies: Honey for Coughing,The New York Times,http://well.blogs.nytimes.com/2010/12/16/remedies-honey-for-coughing/?pagemode=print,https://www.healthnewsreview.org/review/3438/
HealthStory,story_reviews_01276,4,FDA rejects Avastin as breast cancer therapy,FDA rejects Avastin as breast cancer therapy,CNN,http://www.CNN.com/2010/HEALTH/12/16/avastin.fda/index.html,https://www.healthnewsreview.org/review/3442/
HealthStory,story_reviews_01277,4,German doctors declare “cure” in HIV patient,German doctors declare “cure” in HIV patient,Reuters Health,http://www.Reuters.com/article/idUSTRE6BE68220101215,https://www.healthnewsreview.org/review/3439/
HealthStory,story_reviews_01278,2,Weighing effectiveness versus risk in obesity drugs,Weighing effectiveness versus risk in obesity drugs,Los Angeles Times,"http://www.Los Angeles Times.com/health/la-he-obesity-drugs-20101213,0,980872,print.story",https://www.healthnewsreview.org/review/3427/
HealthStory,story_reviews_01279,3,Acupuncture Might Treat Certain Kind of Lazy Eye,Acupuncture Might Treat Certain Kind of Lazy Eye,Health Day,http://consumer.Healthday.com/Article.asp?AID=647315,https://www.healthnewsreview.org/review/3434/
HealthStory,story_reviews_01280,3,Acupuncture May Help Lazy Eye,Acupuncture May Help Lazy Eye,WebMD,http://www.WebMD.com/eye-health/news/20101213/acupuncture-may-help-lazy-eye,https://www.healthnewsreview.org/review/3436/
HealthStory,story_reviews_01281,3,Drug’s benefit to younger breast cancer patients in question,Drug’s benefit to younger breast cancer patients in question,Los Angeles Times,"http://www.Los Angeles Times.com/health/la-he-bisphosphonates-20101210,0,3782909,print.story",https://www.healthnewsreview.org/review/3423/
HealthStory,story_reviews_01282,5,Bone Drug Zometa Flops Overall as Breast Cancer Treatment,Bone Drug Zometa Flops Overall as Breast Cancer Treatment,Health Day,http://consumer.Healthday.com/Article.asp?AID=647266,https://www.healthnewsreview.org/review/3424/
HealthStory,story_reviews_01283,4,Baby aspirin linked to reduced cancer deaths,Baby aspirin linked to reduced cancer deaths,Los Angeles Times,"http://www.Los Angeles Times.com/news/science/la-he-aspirin-cancer-20101207,0,4251936,print.story",https://www.healthnewsreview.org/review/3413/
HealthStory,story_reviews_01284,4,A daily aspirin to prevent cancer? Maybe.,A daily aspirin to prevent cancer? Maybe.,NPR,http://www.NPR.org/blogs/health/2010/12/07/131873139/study-aspirin-cuts-deaths-from-wide-variety-of-cancers,https://www.healthnewsreview.org/review/3414/
HealthStory,story_reviews_01285,5,"Aspirin may cut cancer deaths, but caution urged","Aspirin may cut cancer deaths, but caution urged",Associated Press,http://www.The Mercury News.com/latest-health-news/ci_16797613?nclick_check=1,https://www.healthnewsreview.org/review/3415/
HealthStory,story_reviews_01286,2,Study finds daily aspirin cuts many cancer risks,Study finds daily aspirin cuts many cancer risks,Reuters Health,http://www.Reuters.com/article/idUSTRE6B601M20101207,https://www.healthnewsreview.org/review/3418/
HealthStory,story_reviews_01287,3,"Aspirin Helps in Reducing Cancer Deaths, a Study Finds","Aspirin Helps in Reducing Cancer Deaths, a Study Finds",The New York Times,http://www.nytimes.com/2010/12/07/us/07aspirin.html?ref=health,https://www.healthnewsreview.org/review/3412/
HealthStory,story_reviews_01288,3,Aspirin Cuts Death Rate From Several Common Cancers,Aspirin Cuts Death Rate From Several Common Cancers,WebMD,http://www.WebMD.com/cancer/news/20101206/aspirin-cuts-death-rate-from-several-common-cancers,https://www.healthnewsreview.org/review/3416/
HealthStory,story_reviews_01289,3,Daily Aspirin Linked to Steep Drop in Cancer Risk,Daily Aspirin Linked to Steep Drop in Cancer Risk,Health Day,http://consumer.Healthday.com/Article.asp?AID=647054,https://www.healthnewsreview.org/review/3417/
HealthStory,story_reviews_01290,3,"Warm, beating hearts offer new hope for transplants","Warm, beating hearts offer new hope for transplants",Associated Press,http://www.MSNBC.msn.com/id/40518894/ns/health-heart_health/,https://www.healthnewsreview.org/review/3407/
HealthStory,story_reviews_01291,4,Gene Therapy Corrected Rare Bleeding Disorder: Study,Gene Therapy Corrected Rare Bleeding Disorder: Study,Health Day,http://consumer.Healthday.com/Article.asp?AID=646941,https://www.healthnewsreview.org/review/3410/
HealthStory,story_reviews_01292,1,Brain scans accurate at spotting autism: U.S. study,Brain scans accurate at spotting autism: U.S. study,Reuters Health,http://www.Reuters.com/article/idUSTRE6B10Y420101202,https://www.healthnewsreview.org/review/3400/
HealthStory,story_reviews_01293,3,Researchers one step closer to potential autism test,Researchers one step closer to potential autism test,CNN,http://pagingdrgupta.blogs.CNN.com/2010/12/02/researchers-one-step-closer-to-potential-autism-test/,https://www.healthnewsreview.org/review/3402/
HealthStory,story_reviews_01294,0,Study links finger length to prostate cancer risk,Study links finger length to prostate cancer risk,Reuters Health,http://www.Reuters.com/article/idUSTRE6B001220101201,https://www.healthnewsreview.org/review/3396/
HealthStory,story_reviews_01295,4,U.S. panel triples Vitamin D intake guideline,U.S. panel triples Vitamin D intake guideline,The Philadelphia Inquirer,http://www.philly.com/inquirer/health_science/daily/20101130_U_S__panel_triples_Vitamin_D_intake_guideline.html?page=2,https://www.healthnewsreview.org/review/3386/
HealthStory,story_reviews_01296,5,Report Questions Need for 2 Diet Supplements,Report Questions Need for 2 Diet Supplements,The New York Times,http://www.nytimes.com/2010/11/30/health/30vitamin.html?_r=1,https://www.healthnewsreview.org/review/3387/
HealthStory,story_reviews_01297,5,"Report: A bit more vitamin D is good, not too much","Report: A bit more vitamin D is good, not too much",Associated Press,http://www.The Denver Post.com/fitness/ci_16740302,https://www.healthnewsreview.org/review/3390/
HealthStory,story_reviews_01298,1,Cancer History Should Consider MRI: Study,Cancer History Should Consider MRI: Study,Health Day,http://consumer.Healthday.com/Article.asp?AID=646533,https://www.healthnewsreview.org/review/3380/
HealthStory,story_reviews_01299,3,FDA Questions Using Avodart to Cut Prostate Cancer Risk,FDA Questions Using Avodart to Cut Prostate Cancer Risk,The Wall Street Journal,http://online.wsj.com/article/SB10001424052748704584804575644832501233608.html?mod=WSJ_business_IndustryNews_DHC,https://www.healthnewsreview.org/review/3382/
HealthStory,story_reviews_01300,4,Robotic assist eases less-invasive hysterectomies,Robotic assist eases less-invasive hysterectomies,Reuters Health,http://www.Reuters.com/article/idUSTRE6AS59H20101129?pageNumber=1,https://www.healthnewsreview.org/review/3389/
HealthStory,story_reviews_01301,2,Implanted Heart Devices Have ‘Real-World’ Benefits: Study,Implanted Heart Devices Have ‘Real-World’ Benefits: Study,Health Day,http://consumer.Healthday.com/Article.asp?AID=646286,https://www.healthnewsreview.org/review/3371/
HealthStory,story_reviews_01302,4,Pill shows a drop of up to 70% in HIV infection risk,Pill shows a drop of up to 70% in HIV infection risk,Los Angeles Times,"http://www.Los Angeles Times.com/health/la-he-hiv-prevention-20101123,0,3820799,print.story",https://www.healthnewsreview.org/review/3378/
HealthStory,story_reviews_01303,3,2 Treatments for Retinas Make Gains,2 Treatments for Retinas Make Gains,The New York Times,http://www.nytimes.com/2010/11/22/health/policy/22retina.html?_r=1,https://www.healthnewsreview.org/review/3368/
HealthStory,story_reviews_01304,5,Pomegranate juice could help kidney patients,Pomegranate juice could help kidney patients,Reuters Health,http://www.Reuters.com/article/idUSTRE6AL3C120101122?pageNumber=2,https://www.healthnewsreview.org/review/3370/
HealthStory,story_reviews_01306,1,Musical Exercise Program Cuts Falls in Elderly,Musical Exercise Program Cuts Falls in Elderly,WebMD,http://www.WebMD.com/healthy-aging/news/20101122/musical-exercise-program-cuts-falls-in-elderly,https://www.healthnewsreview.org/review/3372/
HealthStory,story_reviews_01307,1,Fruits and Vegetables May Prolong Your Life,Fruits and Vegetables May Prolong Your Life,WebMD,http://www.WebMD.com/food-recipes/news/20101122/fruits-and-vegetables-may-prolong-your-life,https://www.healthnewsreview.org/review/3373/
HealthStory,story_reviews_01308,3,"In Small Test, Experimental Prostate Drug Shows Promise","In Small Test, Experimental Prostate Drug Shows Promise",The New York Times,http://www.nytimes.com/2010/11/18/health/18prostate.html?_r=1,https://www.healthnewsreview.org/review/3367/
HealthStory,story_reviews_01309,2,New drug ‘may turn back the clock on heart disease’,New drug ‘may turn back the clock on heart disease’,USA Today,http://www.USA Today.com/yourlife/health/medical/heartdisease/2010-11-17-miracle-cholesterol-drug_N.htm?loc=interstitialskip,https://www.healthnewsreview.org/review/3353/
HealthStory,story_reviews_01310,4,Next big thing? Big cholesterol drop with new drug,Next big thing? Big cholesterol drop with new drug,Associated Press,http://www.The Denver Post.com/fitness/ci_16636091,https://www.healthnewsreview.org/review/3355/
HealthStory,story_reviews_01311,4,Experimental Drug Raises Good Cholesterol Levels in Early Trial,Experimental Drug Raises Good Cholesterol Levels in Early Trial,Health Day,http://consumer.Healthday.com/Article.asp?AID=646067,https://www.healthnewsreview.org/review/3358/
HealthStory,story_reviews_01312,3,New drug promising against cholesterol,New drug promising against cholesterol,CNN,http://pagingdrgupta.blogs.CNN.com/2010/11/17/new-drug-promising-against-cholesterol/,https://www.healthnewsreview.org/review/3359/
HealthStory,story_reviews_01313,4,Experimental drug could replace burdensome anti-stroke treatment warfarin,Experimental drug could replace burdensome anti-stroke treatment warfarin,Los Angeles Times,"http://www.Los Angeles Times.com/news/science/la-he-blood-thinners-20101116,0,3652934,print.story",https://www.healthnewsreview.org/review/3347/
HealthStory,story_reviews_01314,5,The Downside of a Cancer Study Extolling CT Scans,The Downside of a Cancer Study Extolling CT Scans,The New York Times,http://well.blogs.nytimes.com/2010/11/15/the-downside-of-a-cancer-study-extolling-ct-scans/?pagemode=print,https://www.healthnewsreview.org/review/3349/
HealthStory,story_reviews_01315,2,Gene Therapy Shows Potential Against Heart Failure,Gene Therapy Shows Potential Against Heart Failure,Health Day,http://consumer.Healthday.com/Article.asp?AID=645978,https://www.healthnewsreview.org/review/3351/
HealthStory,story_reviews_01316,5,Heart Device Cuts Death Rate,Heart Device Cuts Death Rate,The Wall Street Journal,http://online.wsj.com/article/SB10001424052748704327704575614530026680288.html,https://www.healthnewsreview.org/review/3335/
HealthStory,story_reviews_01317,4,New pill prevents strokes with less bleeding risk for atrial fib patients,New pill prevents strokes with less bleeding risk for atrial fib patients,USA Today,http://www.USA Today.com/yourlife/health/medical/heartdisease/2010-11-15-stroke-rivaroxiban_N.htm?loc=interstitialskip,https://www.healthnewsreview.org/review/3343/
HealthStory,story_reviews_01318,4,Study: New blood thinner works as well as Coumadin,Study: New blood thinner works as well as Coumadin,Associated Press,http://news.yahoo.com/s/ap/20101115/ap_on_he_me/us_med_blood_thinner,https://www.healthnewsreview.org/review/3350/
HealthStory,story_reviews_01319,3,Pacemaker-like device combined with defibrillator reduces deaths in mild heart failure by 29%,Pacemaker-like device combined with defibrillator reduces deaths in mild heart failure by 29%,Los Angeles Times,"http://www.Los Angeles Times.com/health/boostershots/la-heb-heart-failure-device-20101114,0,1913271,print.story",https://www.healthnewsreview.org/review/3336/
HealthStory,story_reviews_01320,0,Bypass patients can benefit from a few drinks: study,Bypass patients can benefit from a few drinks: study,Reuters Health,http://www.Reuters.com/article/idUSTRE6AD2GB20101114,https://www.healthnewsreview.org/review/3339/
HealthStory,story_reviews_01321,3,Probiotics May Help Soothe The Stomach,Probiotics May Help Soothe The Stomach,NPR,http://www.NPR.org/blogs/health/2010/11/09/131195757/probiotics-may-help-fickle-bowels,https://www.healthnewsreview.org/review/3334/
HealthStory,story_reviews_01322,3,Prostate Cancer Drug Gets Lukewarm Review,Prostate Cancer Drug Gets Lukewarm Review,The New York Times,http://prescriptions.blogs.nytimes.com/2010/11/10/prostate-cancer-drug-gets-lukewarm-review/?ref=health,https://www.healthnewsreview.org/review/3331/
HealthStory,story_reviews_01323,4,Special Infant Formula Might Help Shield Babies from Type 1 Diabetes,Special Infant Formula Might Help Shield Babies from Type 1 Diabetes,Health Day,http://consumer.Healthday.com/Article.asp?AID=645775,https://www.healthnewsreview.org/review/3332/
HealthStory,story_reviews_01324,3,"Higher Statin Doses Linked to Fewer Heart Attacks, Stroke","Higher Statin Doses Linked to Fewer Heart Attacks, Stroke",Health Day,http://consumer.Healthday.com/Article.asp?AID=645642,https://www.healthnewsreview.org/review/3329/
HealthStory,story_reviews_01325,3,Doctors suggest that women hit pause button on osteoporosis drugs,Doctors suggest that women hit pause button on osteoporosis drugs,Los Angeles Times,"http://www.Los Angeles Times.com/health/la-he-osteoporosis-20101108,0,3913924,print.story",https://www.healthnewsreview.org/review/3320/
HealthStory,story_reviews_01326,4,Vitamin B and its role in improving memory,Vitamin B and its role in improving memory,Los Angeles Times,"http://www.Los Angeles Times.com/health/la-he-nutrition-lab-b-vitamins-20101108,0,273827,print.story",https://www.healthnewsreview.org/review/3321/
HealthStory,story_reviews_01327,4,"Topical rub eases kids’ cold symptoms, study says","Topical rub eases kids’ cold symptoms, study says",CNN,http://pagingdrgupta.blogs.CNN.com/2010/11/08/topical-rub-eases-kids-cold-symptoms-study-says/,https://www.healthnewsreview.org/review/3325/
HealthStory,story_reviews_01328,4,"CT Scans Can Reduce Lung Cancer Deaths, Study Finds","CT Scans Can Reduce Lung Cancer Deaths, Study Finds",The New York Times,http://www.nytimes.com/2010/11/05/health/research/05cancer.html?_r=1,https://www.healthnewsreview.org/review/3308/
HealthStory,story_reviews_01329,3,Study: CT scans can reduce lung cancer deaths by 20%,Study: CT scans can reduce lung cancer deaths by 20%,USA Today,http://www.USA Today.com/news/health/2010-11-04-ct-scan-lung-cancer_N.htm,https://www.healthnewsreview.org/review/3309/
HealthStory,story_reviews_01330,4,"Special CT scans cut lung cancer deaths in major study, but questions remain about screening","Special CT scans cut lung cancer deaths in major study, but questions remain about screening",Associated Press,http://www.cbsnews.com/stories/2010/11/04/health/main7022144.shtml,https://www.healthnewsreview.org/review/3311/
HealthStory,story_reviews_01331,3,“Spiral” CT scans reduce smoker deaths: study,“Spiral” CT scans reduce smoker deaths: study,Reuters Health,http://www.Reuters.com/article/idUSTRE6A33UB20101104?pageNumber=2,https://www.healthnewsreview.org/review/3313/
HealthStory,story_reviews_01332,1,Retinal implant trial helps blind people see shapes,Retinal implant trial helps blind people see shapes,Reuters Health,http://www.Reuters.com/article/idUSTRE6A200C20101103,https://www.healthnewsreview.org/review/3305/
HealthStory,story_reviews_01333,2,Beet Juice Good for Brain,Beet Juice Good for Brain,WebMD,http://www.WebMD.com/brain/news/20101103/beet-juice-good-for-brain,https://www.healthnewsreview.org/review/3307/
HealthStory,story_reviews_01334,4,MRI Images May Pinpoint Time of Stroke,MRI Images May Pinpoint Time of Stroke,Health Day,http://consumer.Healthday.com/Article.asp?AID=645251,https://www.healthnewsreview.org/review/3302/
HealthStory,story_reviews_01336,3,Diabetes drugs may help control lung cancer: study,Diabetes drugs may help control lung cancer: study,Reuters Health,http://www.Reuters.com/article/idUSTRE6A10ID20101102,https://www.healthnewsreview.org/review/3303/
HealthStory,story_reviews_01337,4,Train The Brain: Using Neurofeedback To Treat ADHD,Train The Brain: Using Neurofeedback To Treat ADHD,NPR,http://www.NPR.org/templates/story/story.php?storyId=130896102,https://www.healthnewsreview.org/review/3296/
HealthStory,story_reviews_01338,2,Researchers at Philadelphia conference announce progress toward noninvasive colon cancer test,Researchers at Philadelphia conference announce progress toward noninvasive colon cancer test,The Philadelphia Inquirer,http://www.philly.com/inquirer/health_science/daily/20101029_Researchers_at_Philadelphia_conference_announce_progress_toward_noninvasive_colon_cancer_test.html,https://www.healthnewsreview.org/review/3291/
HealthStory,story_reviews_01339,3,New DNA Tests Aimed at Reducing Colon Cancer,New DNA Tests Aimed at Reducing Colon Cancer,The New York Times,http://www.nytimes.com/2010/10/29/health/29cancer.html?_r=1,https://www.healthnewsreview.org/review/3292/
HealthStory,story_reviews_01340,3,Noninvasive Test for Colon Cancer Shows Promise in Early Trial,Noninvasive Test for Colon Cancer Shows Promise in Early Trial,Health Day,http://consumer.Healthday.com/Article.asp?AID=645057,https://www.healthnewsreview.org/review/3293/
HealthStory,story_reviews_01341,2,New Portable Scanner for Breast Cancer,New Portable Scanner for Breast Cancer,WebMD,http://www.WebMD.com/breast-cancer/news/20101028/new-portable-scanner-for-breast-cancer,https://www.healthnewsreview.org/review/3294/
HealthStory,story_reviews_01342,3,New Colon Cancer Screening Test in the Works,New Colon Cancer Screening Test in the Works,WebMD,http://www.WebMD.com/colorectal-cancer/news/20101028/new-colon-cancer-screening-test-in-the-works,https://www.healthnewsreview.org/review/3295/
HealthStory,story_reviews_01343,5,Do Cortisone Shots Actually Make Things Worse?,Do Cortisone Shots Actually Make Things Worse?,The New York Times,http://well.blogs.nytimes.com/2010/10/27/do-cortisone-shots-actually-make-things-worse/?ref=health,https://www.healthnewsreview.org/review/3284/
HealthStory,story_reviews_01344,4,POM-boozled: Do health drinks live up to their labels?,POM-boozled: Do health drinks live up to their labels?,CNN,http://www.CNN.com/2010/HEALTH/10/27/health.pom.drink.labels/index.html,https://www.healthnewsreview.org/review/3286/
HealthStory,story_reviews_01345,4,More not always better with in vitro fertilization,More not always better with in vitro fertilization,Associated Press,"http://www.Los Angeles Times.com/health/chi-ap-us-med-fertilitysucc,0,3307196,print.story",https://www.healthnewsreview.org/review/3288/
HealthStory,story_reviews_01346,0,Bitter Taste Receptors Found in Lungs May Aid Asthma Patients,Bitter Taste Receptors Found in Lungs May Aid Asthma Patients,HealthDay,http://consumer.Healthday.com/Article.asp?AID=644719,https://www.healthnewsreview.org/review/3276/
HealthStory,story_reviews_01347,4,"Science working to create workable, safe blood substitutes","Science working to create workable, safe blood substitutes",Los Angeles Times,"http://www.Los Angeles Times.com/health/la-he-in-the-works-blood-20101025,0,4281865,print.story",https://www.healthnewsreview.org/review/3280/
HealthStory,story_reviews_01348,3,Aspirin May Help Patients Beat Prostate Cancer,Aspirin May Help Patients Beat Prostate Cancer,HealthDay,http://consumer.Healthday.com/Article.asp?AID=644883,https://www.healthnewsreview.org/review/3281/
HealthStory,story_reviews_01349,0,Baking Soda Boosts Athletic Performance,Baking Soda Boosts Athletic Performance,WebMD,http://www.WebMD.com/fitness-exercise/news/20101025/baking-soda-boosts-athletic-performance?print=true,https://www.healthnewsreview.org/review/3282/
HealthStory,story_reviews_01350,3,Aspirin May Cut Prostate Cancer Deaths,Aspirin May Cut Prostate Cancer Deaths,WebMD,http://www.WebMD.com/prostate-cancer/news/20101025/aspirin-may-cut-prostate-cancer-deaths,https://www.healthnewsreview.org/review/3283/
HealthStory,story_reviews_01351,4,Fish Oil Study Finds Little Benefit for Pregnant Women,Fish Oil Study Finds Little Benefit for Pregnant Women,The Wall Street Journal,http://online.wsj.com/article/SB10001424052702303550904575562053166893846.html#printMode,https://www.healthnewsreview.org/review/3257/
HealthStory,story_reviews_01352,3,Fish Oil Use in Pregnancy Didnâ€™t Make Babies Smart,Fish Oil Use in Pregnancy Didnâ€™t Make Babies Smart,The New York Times,http://www.nytimes.com/2010/10/20/health/research/20fishoil.html?_r=1,https://www.healthnewsreview.org/review/3259/
HealthStory,story_reviews_01353,4,Experimental Therapy For Sore Heels Has Skeptics,Experimental Therapy For Sore Heels Has Skeptics,NPR,http://www.NPR.org/templates/story/story.php?storyId=130573337,https://www.healthnewsreview.org/review/3247/
HealthStory,story_reviews_01354,2,Vitamin B12 Linked to Lower Alzheimerâ€™s Risk,Vitamin B12 Linked to Lower Alzheimerâ€™s Risk,WebMD,http://www.WebMD.com/alzheimers/news/20101018/vitamin-b12-linked-to-lower-alzheimers-risk?print=true,https://www.healthnewsreview.org/review/3252/
HealthStory,story_reviews_01355,2,Statin Drugs May Cut Risk of Colorectal Cancer,Statin Drugs May Cut Risk of Colorectal Cancer,WebMD,http://www.WebMD.com/colorectal-cancer/news/20101018/statin-drugs-may-cut-risk-of-colorectal-cancer,https://www.healthnewsreview.org/review/3253/
HealthStory,story_reviews_01356,1,Statin drugs may lower colon cancer risk: study,Statin drugs may lower colon cancer risk: study,Reuters Health,http://www.Reuters.com/article/idUSTRE69H55R20101018,https://www.healthnewsreview.org/review/3254/
HealthStory,story_reviews_01357,2,Viagra may help heart effects of muscular dystrophy,Viagra may help heart effects of muscular dystrophy,Reuters Health,http://www.Reuters.com/article/idUSTRE69H4MW20101019,https://www.healthnewsreview.org/review/3255/
HealthStory,story_reviews_01358,4,Study: Vitamin B12 may help ward off Alzheimer’s,Study: Vitamin B12 may help ward off Alzheimer’s,CNN Health,http://www.CNN.com/2010/HEALTH/10/18/health.vitamin.b12.alzheimers/index.html,https://www.healthnewsreview.org/review/3256/
HealthStory,story_reviews_01359,2,Older women with healthy bones may not need frequent bone scans,Older women with healthy bones may not need frequent bone scans,Los Angeles Times,"http://www.Los Angeles Times.com/health/boostershots/la-heb-osteoporosis-20101017,0,337173,print.story",https://www.healthnewsreview.org/review/3246/
HealthStory,story_reviews_01360,3,New Views on Frequency of Osteoporosis Screening,New Views on Frequency of Osteoporosis Screening,WebMD,http://www.WebMD.com/osteoporosis/news/20101015/new-views-on-frequency-of-osteoporosis-screening,https://www.healthnewsreview.org/review/3249/
HealthStory,story_reviews_01361,2,Study Suggests Osteoporosis Drug Might Treat Loss of Bone in Jaw,Study Suggests Osteoporosis Drug Might Treat Loss of Bone in Jaw,HealthDay,http://consumer.Healthday.com/Article.asp?AID=644494,https://www.healthnewsreview.org/review/3248/
HealthStory,story_reviews_01362,1,MRI Might Screen for Autism,MRI Might Screen for Autism,HealthDay,http://consumer.Healthday.com/Article.asp?AID=644300,https://www.healthnewsreview.org/review/3241/
HealthStory,story_reviews_01363,2,Protein urine test may signal prostate cancer,Protein urine test may signal prostate cancer,Reuters Health,http://www.Reuters.com/article/idUSTRE69C6DW20101014,https://www.healthnewsreview.org/review/3242/
HealthStory,story_reviews_01364,2,Eating watermelon could lower your blood pressure,Eating watermelon could lower your blood pressure,Orlando Sentinel,"http://www.Orlando Sentinel.com/health/os-watermelon-lowers-blood-pressure-20101013,0,6144463,print.story",https://www.healthnewsreview.org/review/3244/
HealthStory,story_reviews_01365,4,Hormone Replacement for Men? Perhaps,Hormone Replacement for Men? Perhaps,The New York Times,http://www.nytimes.com/2010/10/12/health/12brody.html?ref=health,https://www.healthnewsreview.org/review/3231/
HealthStory,story_reviews_01366,3,Study Points to New Prostate Drug,Study Points to New Prostate Drug,The Wall Street Journal,http://online.wsj.com/article/SB10001424052748703794104575546433109035578.html,https://www.healthnewsreview.org/review/3233/
HealthStory,story_reviews_01367,4,"Erbitux may help fight breast cancer, claims study","Erbitux may help fight breast cancer, claims study",Reuters Health,http://www.Reuters.com/article/idUSTRE69B3HO20101012,https://www.healthnewsreview.org/review/3236/
HealthStory,story_reviews_01368,2,Special Report: Life and death in the age of the bionic heart,Special Report: Life and death in the age of the bionic heart,Reuters Health,http://www.Reuters.com/article/idUSTRE69B2CG20101012,https://www.healthnewsreview.org/review/3237/
HealthStory,story_reviews_01369,1,Drug Extends Prostate Cancer Survival,Drug Extends Prostate Cancer Survival,WebMD,http://www.WebMD.com/prostate-cancer/news/20101011/drug-extends-prostate-cancer-survival,https://www.healthnewsreview.org/review/3239/
HealthStory,story_reviews_01370,4,Doctors study osteoporosis screening and treatment choices to lessen risk of fractures,Doctors study osteoporosis screening and treatment choices to lessen risk of fractures,The Boston Globe,http://www.boston.com/news/health/articles/2010/10/11/sorting_through_advice_on_osteoporosis/?p1=Upbox_lead,https://www.healthnewsreview.org/review/3229/
HealthStory,story_reviews_01371,3,How To Help People Lose Weight? Give â€˜Em Free Meals and Money!,How To Help People Lose Weight? Give â€˜Em Free Meals and Money!,The Wall Street Journal,http://blogs.wsj.com/health/2010/10/11/how-to-help-people-lose-weight-give-em-free-meals-and-money/?utm_source=feedburner,https://www.healthnewsreview.org/review/3230/
HealthStory,story_reviews_01372,4,Study O.K.’s Light Drinking During Pregnancy. Too Good to Be True?,Study O.K.’s Light Drinking During Pregnancy. Too Good to Be True?,TIME,http://healthland.time.com/2010/10/06/study-o-k-s-light-drinking-during-pregnancy-too-good-to-be-true/print/#ixzz11awTwgM4,https://www.healthnewsreview.org/review/3223/
HealthStory,story_reviews_01373,4,Colonoscopy may miss more than 7 percent of cancers,Colonoscopy may miss more than 7 percent of cancers,Reuters Health,http://www.Reuters.com/article/idUSTRE6955LI20101006,https://www.healthnewsreview.org/review/3225/
HealthStory,story_reviews_01374,4,Seizure and Pain Drug May Treat Hot Flashes,Seizure and Pain Drug May Treat Hot Flashes,WebMD,http://www.WebMD.com/menopause/news/20101006/seizure-and-pain-drug-may-treat-hot-flashes,https://www.healthnewsreview.org/review/3226/
HealthStory,story_reviews_01375,4,Neurofeedback Gains Popularity and Lab Attention,Neurofeedback Gains Popularity and Lab Attention,The New York Times,http://www.nytimes.com/2010/10/05/health/05neurofeedback.html?_r=1,https://www.healthnewsreview.org/review/3217/
HealthStory,story_reviews_01376,5,Some Doctors Question New Cancer Treatment,Some Doctors Question New Cancer Treatment,The Wall Street Journal,http://online.wsj.com/article/SB10001424052748704029304575525832837346848.html#printMode,https://www.healthnewsreview.org/review/3221/
HealthStory,story_reviews_01377,3,Light Drinking During Pregnancy: No Harm to Baby?,Light Drinking During Pregnancy: No Harm to Baby?,WebMD,http://www.WebMD.com/baby/news/20101005/light-drinking-during-pregnancy-no-harm-to-baby,https://www.healthnewsreview.org/review/3224/
HealthStory,story_reviews_01378,4,"Surgery For Sinus Misery: Better, But Still No Cure","Surgery For Sinus Misery: Better, But Still No Cure",NPR,http://www.NPR.org/templates/story/story.php?storyId=130242857,https://www.healthnewsreview.org/review/3213/
HealthStory,story_reviews_01379,0,New method could make IVF more effective,New method could make IVF more effective,Reuters Health,http://www.Reuters.com/article/idUSTRE6922A120101004,https://www.healthnewsreview.org/review/3214/
HealthStory,story_reviews_01380,3,Study Finds Hormone Therapy Helpful For Cystic Fibrosis,Study Finds Hormone Therapy Helpful For Cystic Fibrosis,Hartford Courant,http://articles.courant.com/2010-10-04/health/hc-uconn-cystic-fibrosis-hormone-20101004_1_cystic-fibrosis-annual-hospitalizations-hgh-treatments,https://www.healthnewsreview.org/review/3218/
HealthStory,story_reviews_01381,3,Study hints multivitamins aid women’s heart health,Study hints multivitamins aid women’s heart health,Reuters Health,http://www.Reuters.com/article/idUSTRE69046E20101001,https://www.healthnewsreview.org/review/3212/
HealthStory,story_reviews_01382,4,Mammogram Benefit Seen for Women in Their 40s,Mammogram Benefit Seen for Women in Their 40s,The New York Times,http://www.nytimes.com/2010/09/30/health/research/30mammogram.html?_r=1,https://www.healthnewsreview.org/review/3203/
HealthStory,story_reviews_01383,5,IUD Proposed to Treat Uterine Cancer,IUD Proposed to Treat Uterine Cancer,HealthDay,http://consumer.Healthday.com/Article.asp?AID=643680,https://www.healthnewsreview.org/review/3193/
HealthStory,story_reviews_01384,5,Swedish mammography study sows more confusion about screening for breast cancer,Swedish mammography study sows more confusion about screening for breast cancer,Los Angeles Times,"http://www.Los Angeles Times.com/health/boostershots/la-heb-mammography-20100929,0,3749619,print.story",https://www.healthnewsreview.org/review/3204/
HealthStory,story_reviews_01385,5,New mammogram study stirs debate for women in 40s,New mammogram study stirs debate for women in 40s,AP Associated Press,http://hosted.ap.org/dynamic/stories/U/US_MED_MAMMOGRAMS?SITE=AP,https://www.healthnewsreview.org/review/3205/
HealthStory,story_reviews_01386,2,"Mammograms Save Lives for Women in Their 40s, Study Says","Mammograms Save Lives for Women in Their 40s, Study Says",HealthDay,http://consumer.Healthday.com/Article.asp?AID=643726,https://www.healthnewsreview.org/review/3206/
HealthStory,story_reviews_01387,4,Simplifying the Decision for a Prostate Screening,Simplifying the Decision for a Prostate Screening,The New York Times,http://well.blogs.nytimes.com/2010/09/27/simplifying-the-decision-for-a-prostate-screening/?ref=health,https://www.healthnewsreview.org/review/3192/
HealthStory,story_reviews_01388,2,New Drug Helps Treatment-Resistant Arthritis,New Drug Helps Treatment-Resistant Arthritis,WebMD,http://arthritis.WebMD.com/news/20100927/new-drug-helps-treatment-resistant-arthritis,https://www.healthnewsreview.org/review/3194/
HealthStory,story_reviews_01389,4,IUDs May Help Treat Endometrial Cancer,IUDs May Help Treat Endometrial Cancer,WebMD,http://www.WebMD.com/cancer/news/20100928/iuds-may-help-treat-endometrial-cancer,https://www.healthnewsreview.org/review/3195/
HealthStory,story_reviews_01390,1,"Experimental Test May Spot Prostate Cancer Earlier, More Accurately","Experimental Test May Spot Prostate Cancer Earlier, More Accurately",HealthDay,http://www.businessweek.com/lifestyle/content/Healthday/643684.html,https://www.healthnewsreview.org/review/3196/
HealthStory,story_reviews_01391,5,Can lasers help you stop smoking? Check the data,Can lasers help you stop smoking? Check the data,Reuters Health,http://www.Reuters.com/article/idUSTRE68S3TM20100929,https://www.healthnewsreview.org/review/3199/
HealthStory,story_reviews_01392,3,A Genetic Test for Prospective Parents,A Genetic Test for Prospective Parents,The Wall Street Journal,http://online.wsj.com/article/SB10001424052748703470904575500353438285456.html,https://www.healthnewsreview.org/review/3186/
HealthStory,story_reviews_01393,2,"Cartilage regeneration builds a new knee, from the inside","Cartilage regeneration builds a new knee, from the inside",USA Today,http://www.USA Today.com/yourlife/health/medical/2010-09-27-knee27_ST_N.htm,https://www.healthnewsreview.org/review/3187/
HealthStory,story_reviews_01394,2,A No-Cringe Fix? Filling Cavities Without The Drill,A No-Cringe Fix? Filling Cavities Without The Drill,NPR,http://www.NPR.org/templates/story/story.php?storyId=130070080,https://www.healthnewsreview.org/review/3188/
HealthStory,story_reviews_01395,4,"In Test of Stents, Old Standby Wins Out","In Test of Stents, Old Standby Wins Out",HealthDay,http://consumer.Healthday.com/Article.asp?AID=643623,https://www.healthnewsreview.org/review/3190/
HealthStory,story_reviews_01396,5,New study widens debate on the value of mammograms,New study widens debate on the value of mammograms,The Philadelphia Inquirer,http://www.philly.com/inquirer/health_science/daily/20100923_New_study_widens_debate_on_the_value_of_mammograms.html,https://www.healthnewsreview.org/review/3172/
HealthStory,story_reviews_01397,3,Study questions benefit of mammograms in women over 50,Study questions benefit of mammograms in women over 50,CNN Health,http://www.CNN.com/2010/HEALTH/09/23/mammogram.study/index.html,https://www.healthnewsreview.org/review/3173/
HealthStory,story_reviews_01398,5,Mammogramsâ€™ Value in Cancer Fight at Issue,Mammogramsâ€™ Value in Cancer Fight at Issue,The New York Times,http://www.nytimes.com/2010/09/23/health/research/23mammogram.html?_r=1,https://www.healthnewsreview.org/review/3181/
HealthStory,story_reviews_01399,5,Mammograms Less Effective Than Believed,Mammograms Less Effective Than Believed,WebMD,http://www.WebMD.com/breast-cancer/news/20100922/mammograms-less-effective-than-believed,https://www.healthnewsreview.org/review/3174/
HealthStory,story_reviews_01400,4,Mammogram benefits more modest than doctors thought,Mammogram benefits more modest than doctors thought,USA Today,http://www.USA Today.com/yourlife/health/medical/breastcancer/2010-09-23-mammogram23_st_N.htm,https://www.healthnewsreview.org/review/3177/
HealthStory,story_reviews_01401,3,"Mammograms Cut Breast Cancer Death Rates, But Only Modestly: Study","Mammograms Cut Breast Cancer Death Rates, But Only Modestly: Study",HealthDay,http://consumer.Healthday.com/Article.asp?AID=643463,https://www.healthnewsreview.org/review/3178/
HealthStory,story_reviews_01402,3,Study finds mammograms offer modest benefit,Study finds mammograms offer modest benefit,AP Associated Press,http://hosted.ap.org/dynamic/stories/U/US_MED_MAMMOGRAMS?SITE=AP,https://www.healthnewsreview.org/review/3184/
HealthStory,story_reviews_01403,5,Some appendicitis cases may not require ’emergency’ surgery,Some appendicitis cases may not require ’emergency’ surgery,USA Today,http://www.USA Today.com/yourlife/health/healthcare/hospitals/2010-09-21-appendectomy21_ST_N.htm,https://www.healthnewsreview.org/review/3168/
HealthStory,story_reviews_01404,1,Eat your blueberries! They may cut risk of diabetes and high blood pressure,Eat your blueberries! They may cut risk of diabetes and high blood pressure,Orlando Sentinel,http://blogs.Orlando Sentinel.com/health/2010/09/20/eat-your-blueberries-they-may-cut-risk-of-diabetes-and-high-blood-pressure/,https://www.healthnewsreview.org/review/3171/
HealthStory,story_reviews_01405,5,New Drugs Stir Debate on Rules of Clinical Trials,New Drugs Stir Debate on Rules of Clinical Trials,The New York Times,http://www.nytimes.com/2010/09/19/health/research/19trial.html?_r=1,https://www.healthnewsreview.org/review/3162/
HealthStory,story_reviews_01406,4,Early Trial Suggests COPD Drug Might Help Some Asthmatics,Early Trial Suggests COPD Drug Might Help Some Asthmatics,HealthDay,http://consumer.Healthday.com/Article.asp?AID=643299,https://www.healthnewsreview.org/review/3166/
HealthStory,story_reviews_01407,3,Spiriva as good as Serevent in asthma study,Spiriva as good as Serevent in asthma study,AP Associated Press,http://hosted.ap.org/dynamic/stories/U/US_MED_ASTHMA_STUDY?SITE=AP,https://www.healthnewsreview.org/review/3167/
HealthStory,story_reviews_01408,1,Small study suggests electrical stimulation of the brain can ease migraine pain,Small study suggests electrical stimulation of the brain can ease migraine pain,Los Angeles Times,"http://www.Los Angeles Times.com/health/boostershots/la-heb-migraine-20100918,0,3774863,print.story",https://www.healthnewsreview.org/review/3164/
HealthStory,story_reviews_01409,2,FDA Approves Krystexxa to Treat Gout,FDA Approves Krystexxa to Treat Gout,WebMD,http://arthritis.WebMD.com/news/20100917/fda-approves-krystexxa-to-treat-gout,https://www.healthnewsreview.org/review/3165/
HealthStory,story_reviews_01410,4,Looming ruling on breast cancer drug splits patient advocates,Looming ruling on breast cancer drug splits patient advocates,CNN Health,http://www.CNN.com/2010/HEALTH/09/15/breast.cancer.drug/index.html,https://www.healthnewsreview.org/review/3157/
HealthStory,story_reviews_01411,3,"Freeze! Zap! Bye-Bye, Fat","Freeze! Zap! Bye-Bye, Fat",The Wall Street Journal,http://online.wsj.com/article/SB10001424052748703466704575489680982668018.html,https://www.healthnewsreview.org/review/3151/
HealthStory,story_reviews_01412,3,Researchers develop test for pregnancy complication,Researchers develop test for pregnancy complication,Reuters Health,http://www.Reuters.com/article/idUSTRE68C5AY20100914,https://www.healthnewsreview.org/review/3154/
HealthStory,story_reviews_01413,4,Drug for Irritable Bowel Achieves Goals in Trial,Drug for Irritable Bowel Achieves Goals in Trial,The New York Times,http://www.nytimes.com/2010/09/14/health/research/14bowel.html?_r=1,https://www.healthnewsreview.org/review/3152/
HealthStory,story_reviews_01414,3,Study backs prostate screening for high risk men,Study backs prostate screening for high risk men,Reuters Health,http://www.Reuters.com/article/idUSTRE6885QP20100909,https://www.healthnewsreview.org/review/3147/
HealthStory,story_reviews_01415,4,No Cure For Morning Sickness Just Yet,No Cure For Morning Sickness Just Yet,NPR,http://www.NPR.org/blogs/health/2010/09/07/129708094/morning-sickness,https://www.healthnewsreview.org/review/3140/
HealthStory,story_reviews_01416,2,"Nothing much works for morning sickness, study finds","Nothing much works for morning sickness, study finds",Los Angeles Times,http://articles.Los Angeles Times.com/2010/sep/08/news/la-heb-morning-sickness-20100908,https://www.healthnewsreview.org/review/3141/
HealthStory,story_reviews_01417,3,Cholesterol-Lowering Drugs May Cut RA Risk,Cholesterol-Lowering Drugs May Cut RA Risk,WebMD,http://www.WebMD.com/rheumatoid-arthritis/news/20100908/cholesterol-lowering-drugs-may-cut-ra-risk,https://www.healthnewsreview.org/review/3144/
HealthStory,story_reviews_01418,3,Statins May Guard Against Rheumatoid Arthritis,Statins May Guard Against Rheumatoid Arthritis,HealthDay,http://consumer.Healthday.com/Article.asp?AID=642906,https://www.healthnewsreview.org/review/3145/
HealthStory,story_reviews_01419,2,Your skin vs. the sun: A sunscreen pill?,Your skin vs. the sun: A sunscreen pill?,The Houston Chronicle,http://www.chron.com/disp/story.mpl/life/main/7187740.html,https://www.healthnewsreview.org/review/3135/
HealthStory,story_reviews_01420,2,Magic mushrooms may ease anxiety of cancer: study,Magic mushrooms may ease anxiety of cancer: study,Reuters Health,http://www.Reuters.com/article/idUSTRE68532320100907,https://www.healthnewsreview.org/review/3136/
HealthStory,story_reviews_01421,3,Picking right blood pressure medicine challenging,Picking right blood pressure medicine challenging,AP Associated Press,http://hosted.ap.org/dynamic/stories/U/US_MED_HEALTHBEAT_BLOOD_PRESSURE?SITE=AP,https://www.healthnewsreview.org/review/3137/
HealthStory,story_reviews_01422,3,"Can a new supplement boost immunity, slow aging?","Can a new supplement boost immunity, slow aging?",USA Today,http://www.USA Today.com/yourlife/health/medical/alternative/2010-09-08-longevity09_ST_N.htm,https://www.healthnewsreview.org/review/3138/
HealthStory,story_reviews_01423,4,Pancreatic Chemo Comparison Finds No Survival Boost,Pancreatic Chemo Comparison Finds No Survival Boost,HealthDay,http://consumer.Healthday.com/Article.asp?AID=642851,https://www.healthnewsreview.org/review/3139/
HealthStory,story_reviews_01424,4,Topical Gel Catches Up With Pills for Relief,Topical Gel Catches Up With Pills for Relief,The New York Times,http://www.nytimes.com/2010/09/07/health/07pain.html?_r=1,https://www.healthnewsreview.org/review/3134/
HealthStory,story_reviews_01425,3,Experimental TB Test Called Fast and Accurate,Experimental TB Test Called Fast and Accurate,HealthDay,http://consumer.Healthday.com/Article.asp?AID=642790,https://www.healthnewsreview.org/review/3132/
HealthStory,story_reviews_01426,3,Study Shows SAMe May Ease Depression,Study Shows SAMe May Ease Depression,The New York Times,http://well.blogs.nytimes.com/2010/08/31/study-shows-same-may-ease-depression/?ref=health,https://www.healthnewsreview.org/review/3121/
HealthStory,story_reviews_01427,2,Breast Removal Reduces Cancer Risk In Some Women,Breast Removal Reduces Cancer Risk In Some Women,NPR,http://www.NPR.org/templates/story/story.php?storyId=129552029,https://www.healthnewsreview.org/review/3122/
HealthStory,story_reviews_01428,5,Benefits seen for high-risk women in ovary removal,Benefits seen for high-risk women in ovary removal,AP Associated Press,http://www.huffingtonpost.com/2010/09/01/benefits-seen-for-highris_n_701915.html,https://www.healthnewsreview.org/review/3123/
HealthStory,story_reviews_01429,3,Preventive Surgeries May Be Lifesaver for Women at High Cancer Risk,Preventive Surgeries May Be Lifesaver for Women at High Cancer Risk,HealthDay,http://consumer.Healthday.com/Article.asp?AID=642660,https://www.healthnewsreview.org/review/3124/
HealthStory,story_reviews_01430,1,Surgery prevents breast cancers in high-risk women,Surgery prevents breast cancers in high-risk women,Reuters Health,http://www.Reuters.com/article/idUSTRE6801WS20100901,https://www.healthnewsreview.org/review/3125/
HealthStory,story_reviews_01431,5,Diabetes Drug Metformin Linked to Lower Lung Cancer Rate in Mice,Diabetes Drug Metformin Linked to Lower Lung Cancer Rate in Mice,HealthDay,http://consumer.Healthday.com/Article.asp?AID=642736,https://www.healthnewsreview.org/review/3126/
HealthStory,story_reviews_01432,1,"Arthroscopic rotator cuff surgery might benefit older people, study finds","Arthroscopic rotator cuff surgery might benefit older people, study finds",Los Angeles Times,"http://www.Los Angeles Times.com/health/boostershots/la-heb-rotator-cuff-20100901,0,3379238.story?track=rss",https://www.healthnewsreview.org/review/3127/
HealthStory,story_reviews_01433,3,Diabetes drug may keep lung cancer at bay,Diabetes drug may keep lung cancer at bay,Reuters Health,http://www.Reuters.com/article/idUSTRE68070P20100901,https://www.healthnewsreview.org/review/3128/
HealthStory,story_reviews_01434,1,New pathway to the heart,New pathway to the heart,The Houston Chronicle,http://www.chron.com/disp/story.mpl/health/7178809.html,https://www.healthnewsreview.org/review/3130/
HealthStory,story_reviews_01435,4,Low-Dose Omega-3 Fatty Acids Don’t Protect Heart Patients,Low-Dose Omega-3 Fatty Acids Don’t Protect Heart Patients,HealthDay,http://consumer.Healthday.com/Article.asp?AID=642547,https://www.healthnewsreview.org/review/3112/
HealthStory,story_reviews_01436,2,"Marijuana Relieves Chronic Pain, Research Shows","Marijuana Relieves Chronic Pain, Research Shows",WebMD,http://www.WebMD.com/pain-management/news/20100830/marijuana-relieves-chronic-pain-research-show,https://www.healthnewsreview.org/review/3117/
HealthStory,story_reviews_01437,4,Pot may provide some chronic pain relief: study,Pot may provide some chronic pain relief: study,Reuters Health,http://www.Reuters.com/article/idUSTRE67T2VA20100830,https://www.healthnewsreview.org/review/3119/
HealthStory,story_reviews_01438,5,Study: More omega-3 fats didn’t aid heart patients,Study: More omega-3 fats didn’t aid heart patients,AP Associated Press,http://hosted.ap.org/dynamic/stories/U/US_MED_HEART_HEALTHY_FATS?SITE=AP,https://www.healthnewsreview.org/review/3113/
HealthStory,story_reviews_01439,5,Omega-3 margarines fail to help in heart study,Omega-3 margarines fail to help in heart study,Reuters Health,http://www.Reuters.com/article/idUSTRE67S07W20100829,https://www.healthnewsreview.org/review/3115/
HealthStory,story_reviews_01440,5,"Gaining on death, cooling therapy catches on slowly","Gaining on death, cooling therapy catches on slowly",Reuters Health,http://www.Reuters.com/article/idUSTRE67P4HT20100826,https://www.healthnewsreview.org/review/3110/
HealthStory,story_reviews_01441,4,"‘Breakthrough’ melanoma drug shrinks tumors, may prolong life*","‘Breakthrough’ melanoma drug shrinks tumors, may prolong life*",USA Today,http://www.USA Today.com/news/health/2010-08-26-1Amelanoma26_ST_N.htm,https://www.healthnewsreview.org/review/3101/
HealthStory,story_reviews_01442,4,Biosynthetic Corneas Show Promise in Transplants,Biosynthetic Corneas Show Promise in Transplants,HealthDay,http://consumer.Healthday.com/Article.asp?AID=642463,https://www.healthnewsreview.org/review/3102/
HealthStory,story_reviews_01443,2,Scientists use synthetic corneas to restore vision,Scientists use synthetic corneas to restore vision,Reuters Health,http://www.Reuters.com/article/idUSTRE67O4R320100825,https://www.healthnewsreview.org/review/3103/
HealthStory,story_reviews_01444,5,First Biosynthetic Corneas Implanted,First Biosynthetic Corneas Implanted,WebMD,http://www.WebMD.com/eye-health/news/20100825/first-biosynthetic-corneas-implanted,https://www.healthnewsreview.org/review/3104/
HealthStory,story_reviews_01445,2,New treatment for advanced melanoma shrinks tumors,New treatment for advanced melanoma shrinks tumors,Reuters Health,http://cp2test.MSNBC.msn.com/id/38854884,https://www.healthnewsreview.org/review/3105/
HealthStory,story_reviews_01446,4,"In Early Trial, Targeted Therapy Fights Advanced Melanoma","In Early Trial, Targeted Therapy Fights Advanced Melanoma",HealthDay,http://consumer.Healthday.com/Article.asp?AID=642479,https://www.healthnewsreview.org/review/3107/
HealthStory,story_reviews_01447,2,New Hope in Fatigue Fight,New Hope in Fatigue Fight,The Wall Street Journal,http://online.wsj.com/article/SB10001424052748703846604575447744076968322.html,https://www.healthnewsreview.org/review/3098/
HealthStory,story_reviews_01448,2,A surgeon’s hands or a robot’s?,A surgeon’s hands or a robot’s?,The Philadelphia Inquirer,http://www.philly.com/inquirer/health_science/weekly/20100823_A_surgeon_s_hands_or_a_robot_s_.html,https://www.healthnewsreview.org/review/3097/
HealthStory,story_reviews_01449,3,"Studying Acupuncture, One Needle Prick at a Time","Studying Acupuncture, One Needle Prick at a Time",The New York Times,http://well.blogs.nytimes.com/2010/08/23/studying-acupuncture-one-needle-prick-at-a-time/?pagemode=print,https://www.healthnewsreview.org/review/3099/
HealthStory,story_reviews_01450,0,Virtual Colonoscopy Can Spot Cancers Outside Colon,Virtual Colonoscopy Can Spot Cancers Outside Colon,HealthDay,http://consumer.Healthday.com/Article.asp?AID=642235,https://www.healthnewsreview.org/review/3096/
HealthStory,story_reviews_01451,4,Tai chi may ease fibromyalgia pain,Tai chi may ease fibromyalgia pain,USA Today,http://www.USA Today.com/yourlife/health/medical/alternative/2010-08-19-taichi19_st_N.htm,https://www.healthnewsreview.org/review/3079/
HealthStory,story_reviews_01452,4,Tai Chi Reported to Ease Fibromyalgia,Tai Chi Reported to Ease Fibromyalgia,The New York Times,http://www.nytimes.com/2010/08/19/health/19taichi.html?_r=1,https://www.healthnewsreview.org/review/3081/
HealthStory,story_reviews_01453,4,Study shows value of quality-of-life cancer care,Study shows value of quality-of-life cancer care,AP Associated Press,http://hosted.ap.org/dynamic/stories/U/US_MED_CANCER_PALLIATIVE_CARE?SITE=AP,https://www.healthnewsreview.org/review/3088/
HealthStory,story_reviews_01454,2,"Tai chi eases fibromyalgia symptoms, study finds","Tai chi eases fibromyalgia symptoms, study finds",AP Associated Press,http://hosted.ap.org/dynamic/stories/U/US_MED_TAI_CHI_FIBROMYALGIA?SITE=AP,https://www.healthnewsreview.org/review/3089/
HealthStory,story_reviews_01455,4,"Palliative Care Extends Life, Study Finds","Palliative Care Extends Life, Study Finds",The New York Times,http://www.nytimes.com/2010/08/19/health/19care.html?ref=health,https://www.healthnewsreview.org/review/3083/
HealthStory,story_reviews_01456,3,Tai Chi improves symptoms of fibromyalgia,Tai Chi improves symptoms of fibromyalgia,Los Angeles Times,"http://www.Los Angeles Times.com/health/boostershots/la-heb-fibromyalgia-20100818,0,5106317,print.story",https://www.healthnewsreview.org/review/3086/
HealthStory,story_reviews_01459,2,Tai Chi May Help Ease Fibromyalgia,Tai Chi May Help Ease Fibromyalgia,HealthDay,http://consumer.Healthday.com/Article.asp?AID=642242,https://www.healthnewsreview.org/review/3092/
HealthStory,story_reviews_01460,4,Obesity Surgery Helps Diabetic Patients Kick Medicines,Obesity Surgery Helps Diabetic Patients Kick Medicines,NPR,http://www.NPR.org/blogs/health/2010/08/17/129250036/obesity-surgery-helps-diabetic-patients-kick-meds,https://www.healthnewsreview.org/review/3073/
HealthStory,story_reviews_01461,2,Less Invasive Biopsies Gain Favor,Less Invasive Biopsies Gain Favor,HealthDay,http://consumer.Healthday.com/Article.asp?AID=642202,https://www.healthnewsreview.org/review/3076/
HealthStory,story_reviews_01462,2,"Beta-blockers used by musicians, athletes, students to enhance performance","Beta-blockers used by musicians, athletes, students to enhance performance",The Philadelphia Inquirer,http://www.philly.com/inquirer/health_science/weekly/20100816_Beta-blockers_used_by_musicians__athletes__students_to_enhance_performance.html?viewAll=y,https://www.healthnewsreview.org/review/3068/
HealthStory,story_reviews_01463,4,"For diabetics, taking the sting out of insulin","For diabetics, taking the sting out of insulin",Los Angeles Times,"http://www.Los Angeles Times.com/health/la-he-insulin-delivery-20100816,0,2517032,print.story",https://www.healthnewsreview.org/review/3069/
HealthStory,story_reviews_01464,4,Oral alternative to allergy shots improves hay fever,Oral alternative to allergy shots improves hay fever,Reuters Health,http://www.Reuters.com/article/idUSTRE67F37Q20100816,https://www.healthnewsreview.org/review/3071/
HealthStory,story_reviews_01465,2,Study Shows a Probiotic Supplement May Help Treat Babies With Colic,Study Shows a Probiotic Supplement May Help Treat Babies With Colic,WebMD,http://www.WebMD.com/parenting/baby/news/20100816/probiotics-may-reduce-crying-from-colic,https://www.healthnewsreview.org/review/3072/
HealthStory,story_reviews_01466,5,"Burger and a statin to go? Or hold that, please?","Burger and a statin to go? Or hold that, please?",Reuters Health,http://www.Reuters.com/article/idUSTRE67C2GE20100813,https://www.healthnewsreview.org/review/3066/
HealthStory,story_reviews_01467,4,Should belly fat prompt early colon cancer screens?,Should belly fat prompt early colon cancer screens?,Reuters Health,http://www.Reuters.com/article/idUSTRE67A4TE20100811,https://www.healthnewsreview.org/review/3064/
HealthStory,story_reviews_01468,1,Spinal fluid proteins can help diagnose Alzheimer’s,Spinal fluid proteins can help diagnose Alzheimer’s,Reuters Health,http://www.Reuters.com/article/idUSTRE6784I020100810,https://www.healthnewsreview.org/review/3058/
HealthStory,story_reviews_01469,3,Quick brain scan could screen for autism,Quick brain scan could screen for autism,Reuters Health,http://www.Reuters.com/article/idUSTRE6795I420100810,https://www.healthnewsreview.org/review/3062/
HealthStory,story_reviews_01471,1,Breath test may be able to detect common cancers,Breath test may be able to detect common cancers,Reuters Health,http://www.Reuters.com/article/idUSTRE6795TC20100810,https://www.healthnewsreview.org/review/3063/
HealthStory,story_reviews_01472,4,Effectiveness of statins is called into question,Effectiveness of statins is called into question,Los Angeles Times,"http://www.Los Angeles Times.com/news/science/la-he-statins-20100809,0,7651756,print.story",https://www.healthnewsreview.org/review/3054/
HealthStory,story_reviews_01473,3,Spinal Fluid Test May Diagnose Alzheimer’s,Spinal Fluid Test May Diagnose Alzheimer’s,WebMD,http://www.WebMD.com/alzheimers/news/20100809/spinal-fluid-test-may-diagnose-alzheimers,https://www.healthnewsreview.org/review/3057/
HealthStory,story_reviews_01474,4,Some evidence vitamin D might fight colds,Some evidence vitamin D might fight colds,Reuters Health,http://www.Reuters.com/article/idUSTRE67444320100805,https://www.healthnewsreview.org/review/3052/
HealthStory,story_reviews_01475,5,Phys Ed: How Much Does Knee Surgery Really Help?,Phys Ed: How Much Does Knee Surgery Really Help?,The New York Times,http://well.blogs.nytimes.com/2010/08/04/phys-ed-how-much-does-knee-surgery-really-help/?pagemode=print,https://www.healthnewsreview.org/review/3049/
HealthStory,story_reviews_01476,1,Resveratrol May Slow Aging in Humans,Resveratrol May Slow Aging in Humans,WebMD,http://www.WebMD.com/healthy-aging/news/20100804/resveratrol-may-suppress-inflammation-in-humans,https://www.healthnewsreview.org/review/3051/
HealthStory,story_reviews_01477,3,"Low-carb, low-calorie diets can both result in weight loss","Low-carb, low-calorie diets can both result in weight loss",USA Today,http://www.USA Today.com/news/health/weightloss/2010-08-03-battleofthediets03_ST_N.htm,https://www.healthnewsreview.org/review/3044/
HealthStory,story_reviews_01478,2,Ketamine lifts mood quickly in bipolar disorder,Ketamine lifts mood quickly in bipolar disorder,Reuters Health,http://www.Reuters.com/article/idUSTRE6725J820100803,https://www.healthnewsreview.org/review/3048/
HealthStory,story_reviews_01479,5,Castration Drug Used as Autism Therapy,Castration Drug Used as Autism Therapy,Sun-Sentinel,http://articles.sun-sentinel.com/2010-08-03/health/fl-autism-treatment-20100803_1_castration-drug-autism-therapy-lupron,https://www.healthnewsreview.org/review/3050/
HealthStory,story_reviews_01480,4,In the Works: Immunotherapy for food allergies,In the Works: Immunotherapy for food allergies,Los Angeles Times,"Los Angeles Times.com/news/health/la-he-allergies-immunotherapy-20100802,0,6451436.story",https://www.healthnewsreview.org/review/3039/
HealthStory,story_reviews_01481,3,Low-carb diet trumps low-fat on ‘good’ cholesterol,Low-carb diet trumps low-fat on ‘good’ cholesterol,AP Associated Press,http://hosted.ap.org/dynamic/stories/U/US_MED_DUELING_DIETS?SITE=AP,https://www.healthnewsreview.org/review/3045/
HealthStory,story_reviews_01482,2,Mountain View physician invents device for clearing up dangerous blood clots,Mountain View physician invents device for clearing up dangerous blood clots,The Mercury News,http://www.The Mercury News.com/bay-area-news/ci_15656262,https://www.healthnewsreview.org/review/3040/
HealthStory,story_reviews_01483,5,Costly New Prostate Cancer Drug Works In Mysterious Ways,Costly New Prostate Cancer Drug Works In Mysterious Ways,NPR,http://www.NPR.org/blogs/health/2010/07/29/128851922/costly-new-prostate-cancer-drug-works-in-mysterious-ways,https://www.healthnewsreview.org/review/3037/
HealthStory,story_reviews_01484,2,Could Drinking Help Thwart Rheumatoid Arthritis?,Could Drinking Help Thwart Rheumatoid Arthritis?,HealthDay,http://consumer.Healthday.com/Article.asp?AID=641527,https://www.healthnewsreview.org/review/3034/
HealthStory,story_reviews_01485,4,Is a Colonoscopy More Effective in High-Def?,Is a Colonoscopy More Effective in High-Def?,The Wall Street Journal,http://online.wsj.com/article/SB10001424052748704700404575391240651319552.html?mod=WSJ_0_0_WP_2715_RIGHTTopCarousel_1,https://www.healthnewsreview.org/review/3029/
HealthStory,story_reviews_01486,2,Common Diagnostic Test May Prolong Low Back Pain,Common Diagnostic Test May Prolong Low Back Pain,NPR,http://www.NPR.org/blogs/health/2010/07/26/128768735/common-practice-may-prolong-pain-for-arthritic-sufferers,https://www.healthnewsreview.org/review/3033/
HealthStory,story_reviews_01487,3,Your Health: Should men also be screened for osteoporosis?,Your Health: Should men also be screened for osteoporosis?,USA Today,http://www.USA Today.com/news/health/painter/2010-07-26-yourhealth26_ST_N.htm,https://www.healthnewsreview.org/review/3026/
HealthStory,story_reviews_01488,5,The big thaw,The big thaw,The Boston Globe,http://www.boston.com/news/health/articles/2010/07/26/freezing_human_eggs_is_gaining_in_popularity_and_the_science_behind_it_is_making_strides_as_well/?page=2,https://www.healthnewsreview.org/review/3027/
HealthStory,story_reviews_01489,5,Tiny Eye Telescope Brings Back A World Of Sight,Tiny Eye Telescope Brings Back A World Of Sight,NPR,http://www.NPR.org/templates/story/story.php?storyId=128668304,https://www.healthnewsreview.org/review/3028/
HealthStory,story_reviews_01490,5,What “clinically proven” means for a beauty product,What “clinically proven” means for a beauty product,Reuters Health,http://www.Reuters.com/article/idUSTRE66M4EK20100723,https://www.healthnewsreview.org/review/3025/
HealthStory,story_reviews_01491,3,New Test for Brain Injury on Horizon,New Test for Brain Injury on Horizon,The Wall Street Journal,http://online.wsj.com/article/SB10001424052748704720004575377082786936708.html,https://www.healthnewsreview.org/review/3020/
HealthStory,story_reviews_01492,3,Avastin Largely Safe for Patients With Type of Advanced Lung Cancer,Avastin Largely Safe for Patients With Type of Advanced Lung Cancer,HealthDay,http://consumer.Healthday.com/Article.asp?AID=641275,https://www.healthnewsreview.org/review/3021/
HealthStory,story_reviews_01493,2,Hate needles? Flu patch may take sting out of your fears,Hate needles? Flu patch may take sting out of your fears,The Houston Chronicle,http://www.chron.com/disp/story.mpl/facebook/7114059.html,https://www.healthnewsreview.org/review/3017/
HealthStory,story_reviews_01494,2,Microneedles may make getting flu shots easier,Microneedles may make getting flu shots easier,AP Associated Press,http://hosted.ap.org/dynamic/stories/U/US_SCI_FLU_MICRONEEDLES?SITE=AP,https://www.healthnewsreview.org/review/3018/
HealthStory,story_reviews_01495,2,Can Ecstasy help ease post-traumatic stress?,Can Ecstasy help ease post-traumatic stress?,CNN Health,http://pagingdrgupta.blogs.CNN.com/2010/07/18/can-ecstasy-help-ease-post-traumatic-stress/,https://www.healthnewsreview.org/review/3019/
HealthStory,story_reviews_01496,3,"Experimental diet pill shows promise, little risk","Experimental diet pill shows promise, little risk",AP Associated Press,http://hosted.ap.org/dynamic/stories/U/US_MED_OBESITY_DRUGS?SITE=AP,https://www.healthnewsreview.org/review/3013/
HealthStory,story_reviews_01497,2,An Artificial Heart Its Makers Say Could Be a Standard Replacement,An Artificial Heart Its Makers Say Could Be a Standard Replacement,The New York Times,http://www.nytimes.com/2010/07/14/business/global/14heart.html?_r=1,https://www.healthnewsreview.org/review/3009/
HealthStory,story_reviews_01498,4,New Pill Found to Cut Weight With Few Side Effects: Study,New Pill Found to Cut Weight With Few Side Effects: Study,HealthDay,http://consumer.Healthday.com/Article.asp?AID=641132,https://www.healthnewsreview.org/review/3014/
HealthStory,story_reviews_01499,3,"Diet Drug Lorcaserin Safe, Effective, Study Finds","Diet Drug Lorcaserin Safe, Effective, Study Finds",WebMD,http://www.WebMD.com/diet/news/20100714/diet-drug-lorcaserin-safe-effective-study-finds?print=true,https://www.healthnewsreview.org/review/3015/
HealthStory,story_reviews_01500,2,A better way to see the brain,A better way to see the brain,Chicago Sun-Times,"http://www.suntimes.com/lifestyles/health/2492330,CST-NWS-health13.article",https://www.healthnewsreview.org/review/3003/
HealthStory,story_reviews_01501,4,Higher vitamin E intake tied to lower dementia risk,Higher vitamin E intake tied to lower dementia risk,Reuters Health,http://www.Reuters.com/article/idUSTRE66B6I020100713,https://www.healthnewsreview.org/review/3004/
HealthStory,story_reviews_01502,2,New Scan May Spot Alzheimerâ€™s,New Scan May Spot Alzheimerâ€™s,The New York Times,http://www.nytimes.com/2010/07/13/health/research/13alzh.html?_r=1,https://www.healthnewsreview.org/review/3005/
HealthStory,story_reviews_01503,3,Experts Issue New Guidelines on Breast Cancer Drugs,Experts Issue New Guidelines on Breast Cancer Drugs,HealthDay,http://consumer.Healthday.com/Article.asp?AID=641047,https://www.healthnewsreview.org/review/3008/
HealthStory,story_reviews_01504,4,All kids should have cholesterol tests: study,All kids should have cholesterol tests: study,Reuters Health,http://www.Reuters.com/article/idUSTRE66B0RG20100712,https://www.healthnewsreview.org/review/2997/
HealthStory,story_reviews_01505,3,Screening Guidelines Miss Many Kids With High Cholesterol,Screening Guidelines Miss Many Kids With High Cholesterol,HealthDay,http://www.businessweek.com/lifestyle/content/Healthday/640983.html,https://www.healthnewsreview.org/review/2998/
HealthStory,story_reviews_01506,2,The Case for Universal Cholesterol Screening in Kids,The Case for Universal Cholesterol Screening in Kids,TIME,"http://www.time.com/time/health/article/0,8599,2003096,00.html",https://www.healthnewsreview.org/review/2999/
HealthStory,story_reviews_01507,3,Study: Avidâ€™s Imaging Dye Can Detect Alzheimerâ€™s From Scan,Study: Avidâ€™s Imaging Dye Can Detect Alzheimerâ€™s From Scan,The Wall Street Journal,http://blogs.wsj.com/health/2010/07/12/study-avids-imaging-dye-can-detect-alzheimers-from-scan/?utm_source=feedburner,https://www.healthnewsreview.org/review/3000/
HealthStory,story_reviews_01508,1,Gallbladder removed through mouth in new surgical technique,Gallbladder removed through mouth in new surgical technique,Los Angeles Times,http://Los Angeles Timesblogs.Los Angeles Times.com/booster_shots/2010/07/natural-orifice-surgery-gallbladder.html?utm_source=feedburner,https://www.healthnewsreview.org/review/2990/
HealthStory,story_reviews_01509,4,Fish Oil Supplements Linked to Lower Risk of Breast Cancer: Study,Fish Oil Supplements Linked to Lower Risk of Breast Cancer: Study,HealthDay,http://www.businessweek.com/lifestyle/content/Healthday/640917.html,https://www.healthnewsreview.org/review/2991/
HealthStory,story_reviews_01510,4,Fish Oil Linked to Lower Breast Cancer Risk,Fish Oil Linked to Lower Breast Cancer Risk,WebMD,http://www.WebMD.com/breast-cancer/news/20100708/fish-oil-linked-to-lower-breast-cancer-risk,https://www.healthnewsreview.org/review/2992/
HealthStory,story_reviews_01511,3,FDA OKs Implantable Telescope to Aid Vision,FDA OKs Implantable Telescope to Aid Vision,WebMD,http://www.WebMD.com/eye-health/news/20100707/fda-oks-implantable-telescope-to-aid-vision,https://www.healthnewsreview.org/review/2988/
HealthStory,story_reviews_01512,5,FDA clears first implantable telescope for vision,FDA clears first implantable telescope for vision,AP Associated Press,http://hosted.ap.org/dynamic/stories/U/US_MED_EYE_IMPLANT?SITE=AP,https://www.healthnewsreview.org/review/2986/
HealthStory,story_reviews_01513,4,“Mind-body” therapy shows promise for fibromyalgia,“Mind-body” therapy shows promise for fibromyalgia,Reuters Health,http://www.Reuters.com/article/idUSTRE6614LQ20100705,https://www.healthnewsreview.org/review/2983/
HealthStory,story_reviews_01514,3,"PSA Test Does Cut Prostate Cancer Deaths, Study Finds","PSA Test Does Cut Prostate Cancer Deaths, Study Finds",HealthDay,http://consumer.Healthday.com/Article.asp?AID=640697,https://www.healthnewsreview.org/review/2978/
HealthStory,story_reviews_01515,2,Pill Treats Painful Fibroids,Pill Treats Painful Fibroids,WebMD,http://women.WebMD.com/news/20100630/pill-treats-painful-fibroids,https://www.healthnewsreview.org/review/2979/
HealthStory,story_reviews_01516,1,Medtronic insulin pump beats injections in study,Medtronic insulin pump beats injections in study,Reuters Health,http://www.Reuters.com/article/idUSN285563220100629,https://www.healthnewsreview.org/review/2970/
HealthStory,story_reviews_01517,5,Statins May Lower Rates of Prostate Cancer Recurrence,Statins May Lower Rates of Prostate Cancer Recurrence,HealthDay,http://www.businessweek.com/lifestyle/content/Healthday/640594.html,https://www.healthnewsreview.org/review/2972/
HealthStory,story_reviews_01518,4,Cholesterol drugs for the healthy still debatable,Cholesterol drugs for the healthy still debatable,AP Associated Press,http://hosted.ap.org/dynamic/stories/U/US_MED_CHOLESTEROL_DRUGS?SITE=AP,https://www.healthnewsreview.org/review/2968/
HealthStory,story_reviews_01519,2,Statins May Protect Prostate Cancer Patients,Statins May Protect Prostate Cancer Patients,WebMD,http://www.WebMD.com/prostate-cancer/news/20100628/statins-may-protect-prostate-cancer-patients,https://www.healthnewsreview.org/review/2969/
HealthStory,story_reviews_01520,2,Progress made on artificial pancreas for diabetic patients,Progress made on artificial pancreas for diabetic patients,USA Today,http://www.USA Today.com/news/health/2010-06-28-diabetes28_ST_N.htm,https://www.healthnewsreview.org/review/2961/
HealthStory,story_reviews_01521,1,Artificial Pancreas Continues to Show Promise,Artificial Pancreas Continues to Show Promise,HealthDay,http://consumer.Healthday.com/Article.asp?AID=640578,https://www.healthnewsreview.org/review/2964/
HealthStory,story_reviews_01522,2,Scientists find way to predict timing of menopause,Scientists find way to predict timing of menopause,Reuters Health,http://www.Reuters.com/article/idUSTRE65Q0XW20100627,https://www.healthnewsreview.org/review/2965/
HealthStory,story_reviews_01523,3,Promise Seen for Detection of Alzheimerâ€™s,Promise Seen for Detection of Alzheimerâ€™s,The New York Times,http://www.nytimes.com/2010/06/24/health/research/24scans.html,https://www.healthnewsreview.org/review/2954/
HealthStory,story_reviews_01524,1,Ladies: 5 ways to feel sexy again,Ladies: 5 ways to feel sexy again,CNN Health,http://www.CNN.com/2010/HEALTH/06/23/women.libido.enhancer.cohen/?hpt=Sbin,https://www.healthnewsreview.org/review/2957/
HealthStory,story_reviews_01525,3,Stem cells reverse blindness caused by burns,Stem cells reverse blindness caused by burns,AP Associated Press,http://hosted.ap.org/dynamic/stories/U/US_MED_STEM_CELLS_BLINDNESS?SITE=AP,https://www.healthnewsreview.org/review/2956/
HealthStory,story_reviews_01526,1,Lots of Coffee Lowers Oral Cancer Risk,Lots of Coffee Lowers Oral Cancer Risk,WebMD,http://www.WebMD.com/cancer/news/20100622/lots-of-coffee-lowers-oral-cancer-risk,https://www.healthnewsreview.org/review/2952/
HealthStory,story_reviews_01527,4,Coffee may cut risk for some cancers,Coffee may cut risk for some cancers,CNN Health,http://pagingdrgupta.blogs.CNN.com/2010/06/22/coffee-may-cut-risk-for-some-cancers/?eref=time_health,https://www.healthnewsreview.org/review/2953/
HealthStory,story_reviews_01528,2,New Tools for Helping Heart Patients,New Tools for Helping Heart Patients,The New York Times,http://www.nytimes.com/2010/06/22/health/22heart.html?ref=health,https://www.healthnewsreview.org/review/2945/
HealthStory,story_reviews_01529,3,Experimental flu treatment may help related virus,Experimental flu treatment may help related virus,Reuters Health,http://www.Reuters.com/article/idUSTRE65K51C20100621,https://www.healthnewsreview.org/review/2946/
HealthStory,story_reviews_01530,4,‘Liberation procedure’ for multiple sclerosis sparks debate,‘Liberation procedure’ for multiple sclerosis sparks debate,The Philadelphia Inquirer,http://www.philly.com/inquirer/health_science/daily/20100616__Liberation_procedure__for_multiple_sclerosis_sparks_debate.html#axzz0r1JgAB44,https://www.healthnewsreview.org/review/2936/
HealthStory,story_reviews_01531,4,Generic Drug Could Save Many Trauma Patients,Generic Drug Could Save Many Trauma Patients,NPR,http://www.NPR.org/blogs/health/2010/06/15/127852843/generic-drug-could-save-thousands-of-trauma-patients,https://www.healthnewsreview.org/review/2931/
HealthStory,story_reviews_01532,3,New “morning-after” pill effective and safe: FDA staff,New “morning-after” pill effective and safe: FDA staff,Reuters Health,http://www.Reuters.com/article/idUSTRE65E2DD20100615,https://www.healthnewsreview.org/review/2933/
HealthStory,story_reviews_01533,3,Endometriosis? Robot surgery may not be the answer,Endometriosis? Robot surgery may not be the answer,Reuters Health,http://www.Reuters.com/article/idUSTRE65E5PQ20100615,https://www.healthnewsreview.org/review/2934/
HealthStory,story_reviews_01534,3,Eating Brown Rice to Cut Diabetes Risk,Eating Brown Rice to Cut Diabetes Risk,The New York Times,http://well.blogs.nytimes.com/2010/06/15/eating-brown-rice-to-cut-diabetes-risk/,https://www.healthnewsreview.org/review/2935/
HealthStory,story_reviews_01535,5,"The pros and cons of Prolia, Amgen’s new osteoporosis drug","The pros and cons of Prolia, Amgen’s new osteoporosis drug",Los Angeles Times,"http://www.Los Angeles Times.com/news/health/la-he-closer-20100614,0,674971,print.story",https://www.healthnewsreview.org/review/2927/
HealthStory,story_reviews_01536,4,Drug That Stops Bleeding Could Save Lives,Drug That Stops Bleeding Could Save Lives,HealthDay,http://consumer.Healthday.com/Article.asp?AID=640122,https://www.healthnewsreview.org/review/2930/
HealthStory,story_reviews_01537,4,Cheap drug could save tens of thousands,Cheap drug could save tens of thousands,AP Associated Press,http://hosted.ap.org/dynamic/stories/E/EU_MED_STOP_BLEEDING_DRUG?SITE=AP,https://www.healthnewsreview.org/review/2932/
HealthStory,story_reviews_01538,5,Portland cancer center among those offering experimental immune therapy ipilimumab,Portland cancer center among those offering experimental immune therapy ipilimumab,The Oregonian,http://www.oregonlive.com/health/index.ssf/2010/06/portland_cancer_center_among_t.html,https://www.healthnewsreview.org/review/2925/
HealthStory,story_reviews_01539,1,Merck drug improves sleep in insomnia study,Merck drug improves sleep in insomnia study,Reuters Health,http://www.Reuters.com/article/idUSTRE6580QA20100609,https://www.healthnewsreview.org/review/2922/
HealthStory,story_reviews_01540,3,Bioidentical hormones for menopausal symptoms,Bioidentical hormones for menopausal symptoms,Los Angeles Times,"http://www.Los Angeles Times.com/news/health/la-he-skeptic-20100607,0,5954437.story",https://www.healthnewsreview.org/review/2920/
HealthStory,story_reviews_01541,5,"In melanoma patients, immune therapy may boost survival","In melanoma patients, immune therapy may boost survival",USA Today,http://www.USA Today.com/news/health/2010-06-07-melanoma07_ST_N.htm,https://www.healthnewsreview.org/review/2912/
HealthStory,story_reviews_01542,3,Study: One dose of radiation during breast cancer surgery is effective,Study: One dose of radiation during breast cancer surgery is effective,Chicago Tribune,"http://www.chicagotribune.com/health/ct-met-breast-cancer-radiation-0606-20100605,0,2973294,print.story",https://www.healthnewsreview.org/review/2914/
HealthStory,story_reviews_01543,3,Urine test improves prostate diagnosis: study,Urine test improves prostate diagnosis: study,Reuters Health,http://www.Reuters.com/article/idUSTRE6505ZS20100601,https://www.healthnewsreview.org/review/2902/
HealthStory,story_reviews_01544,5,Low-dose combination of Avandia and metformin decreases progression to diabetes by two-thirds with few side effects,Low-dose combination of Avandia and metformin decreases progression to diabetes by two-thirds with few side effects,Los Angeles Times,http://Los Angeles Timesblogs.Los Angeles Times.com/booster_shots/2010/06/lowdose-combination-of-avandia-and-metformin-decreases-progression-to-diabetes-by-twothirds-with-few.html?utm_source=feedburner,https://www.healthnewsreview.org/review/2904/
HealthStory,story_reviews_01546,5,New Drug Spray May Help Premature Ejaculation,New Drug Spray May Help Premature Ejaculation,WebMD,http://men.WebMD.com/news/20100602/new-drug-spray-may-help-premature-ejaculation,https://www.healthnewsreview.org/review/2906/
HealthStory,story_reviews_01547,4,Trial Help for Sex Problems,Trial Help for Sex Problems,The Wall Street Journal,http://online.wsj.com/article/SB10001424052748704596504575272621430624744.html,https://www.healthnewsreview.org/review/2896/
HealthStory,story_reviews_01548,2,Trigger happy? A new spray aims to delay amorous men,Trigger happy? A new spray aims to delay amorous men,MSNBC,http://bodyodd.MSNBC.msn.com/_news/2010/05/28/4385620-trigger-happy-a-new-spray-aims-to-delay-amorous-men,https://www.healthnewsreview.org/review/2898/
HealthStory,story_reviews_01549,2,Sanofi prostate cancer drug shows 28 percent survival,Sanofi prostate cancer drug shows 28 percent survival,Reuters Health,http://www.Reuters.com/article/idUSTRE64Q1GY20100527,https://www.healthnewsreview.org/review/2892/
HealthStory,story_reviews_01550,1,Laser Used to Blast Away Cells Causing Irregular Heartbeat,Laser Used to Blast Away Cells Causing Irregular Heartbeat,HealthDay,http://Healthday.com/Article.asp?AID=639486,https://www.healthnewsreview.org/review/2894/
HealthStory,story_reviews_01551,1,Breast Cancer Study Offers New Hope,Breast Cancer Study Offers New Hope,HealthDay,http://Healthday.com/Article.asp?AID=639392,https://www.healthnewsreview.org/review/2886/
HealthStory,story_reviews_01552,3,Hepatitis C Drug Raises Cure Rate in Late Trial,Hepatitis C Drug Raises Cure Rate in Late Trial,The New York Times,http://www.nytimes.com/2010/05/26/health/research/26drug.html,https://www.healthnewsreview.org/review/2888/
HealthStory,story_reviews_01553,5,Does do-it-yourself colon cleansing really improve health?,Does do-it-yourself colon cleansing really improve health?,Los Angeles Times,"http://www.Los Angeles Times.com/news/health/la-he-skeptic-20100524,0,5823363.story",https://www.healthnewsreview.org/review/2884/
HealthStory,story_reviews_01554,2,Drug may work in melanoma tumors in brain,Drug may work in melanoma tumors in brain,Reuters Health,http://www.Reuters.com/article/idUSTRE64K64D20100521,https://www.healthnewsreview.org/review/2881/
HealthStory,story_reviews_01555,5,Finding a “silent killer”,Finding a “silent killer”,The Houston Chronicle,http://www.chron.com/disp/story.mpl/metropolitan/7015523.html,https://www.healthnewsreview.org/review/2874/
HealthStory,story_reviews_01556,5,Special diet doesn’t help kids with autism in small study,Special diet doesn’t help kids with autism in small study,USA Today,http://www.USA Today.com/news/health/2010-05-20-autism20_ST_N.htm,https://www.healthnewsreview.org/review/2869/
HealthStory,story_reviews_01557,3,New Hope for Early Detection of Autism,New Hope for Early Detection of Autism,HealthDay,http://www.Healthday.com/Article.asp?AID=639287,https://www.healthnewsreview.org/review/2872/
HealthStory,story_reviews_01558,5,‘Female Viagra’ May Treat Low Sexual Desire,‘Female Viagra’ May Treat Low Sexual Desire,WebMD,http://www.WebMD.com/sexual-conditions/news/20100518/female-viagra-may-treat-low-sexual-desire,https://www.healthnewsreview.org/review/2867/
HealthStory,story_reviews_01559,2,"Drug may prevent lung cancer, study finds","Drug may prevent lung cancer, study finds",Reuters Health,http://www.Reuters.com/article/idUSTRE64H5MR20100518,https://www.healthnewsreview.org/review/2868/
HealthStory,story_reviews_01560,1,Impotence Drugs May Aid Brain Tumor Treatment,Impotence Drugs May Aid Brain Tumor Treatment,HealthDay,http://health.usnews.com/health-news/family-health/cancer/articles/2010/05/12/impotence-drugs-may-aid-brain-tumor-treatment.html,https://www.healthnewsreview.org/review/2857/
HealthStory,story_reviews_01561,5,Under-Skin Defibrillators Seen Closer to Reality,Under-Skin Defibrillators Seen Closer to Reality,The New York Times,http://www.nytimes.com/2010/05/13/business/13device.html?ref=health,https://www.healthnewsreview.org/review/2853/
HealthStory,story_reviews_01562,4,Sleeping Pill May Treat Fibromyalgia Pain,Sleeping Pill May Treat Fibromyalgia Pain,WebMD,http://www.WebMD.com/fibromyalgia/news/20100512/sleeping-pill-may-treat-fibromyalgia-pain,https://www.healthnewsreview.org/review/2854/
HealthStory,story_reviews_01563,4,Below-the-skin defibrillator restores heartbeat,Below-the-skin defibrillator restores heartbeat,Reuters Health,http://www.Reuters.com/article/idUSTRE64B5WL20100512,https://www.healthnewsreview.org/review/2856/
HealthStory,story_reviews_01564,2,New Help to Free Legs From a Web,New Help to Free Legs From a Web,The New York Times,http://www.nytimes.com/2010/05/13/fashion/13Skin.html?ref=health,https://www.healthnewsreview.org/review/2852/
HealthStory,story_reviews_01565,4,Weight Loss Pill Also Lowers Blood Pressure,Weight Loss Pill Also Lowers Blood Pressure,WebMD,http://www.WebMD.com/diet/news/20100504/weight-loss-pill-also-lowers-blood-pressure?page=2,https://www.healthnewsreview.org/review/2833/
HealthStory,story_reviews_01566,1,New Test for Colon Cancer Under Development,New Test for Colon Cancer Under Development,HealthDay,http://Healthday.com/Article.asp?AID=638618,https://www.healthnewsreview.org/review/2836/
HealthStory,story_reviews_01567,0,New Ankle Implant,New Ankle Implant,CNN Health,http://tinyurl.com/2bpf88r,https://www.healthnewsreview.org/review/2827/
HealthStory,story_reviews_01568,2,Antibiotic shows lasting effects against diarrhea-focused irritable bowel syndrome,Antibiotic shows lasting effects against diarrhea-focused irritable bowel syndrome,Los Angeles Times,http://Los Angeles Timesblogs.Los Angeles Times.com/booster_shots/2010/05/antibiotic-helps-patients-with-diarrheafocused-irritable-bowel-syndrome.html?utm_source=feedburner,https://www.healthnewsreview.org/review/2829/
HealthStory,story_reviews_01569,3,Magnetic brain stimulation fights depression,Magnetic brain stimulation fights depression,Reuters Health,http://www.Reuters.com/article/idUSTRE6424W420100503,https://www.healthnewsreview.org/review/2830/
HealthStory,story_reviews_01570,0,Colonoscopy Prep in a Pill May Be Easier to Swallow,Colonoscopy Prep in a Pill May Be Easier to Swallow,HealthDay,http://www.Healthday.com/Article.asp?AID=638656,https://www.healthnewsreview.org/review/2825/
HealthStory,story_reviews_01571,3,Promise Seen in Drug for Retardation Syndrome,Promise Seen in Drug for Retardation Syndrome,The New York Times,http://www.nytimes.com/2010/04/30/health/research/30fragile.html?ref=health,https://www.healthnewsreview.org/review/2823/
HealthStory,story_reviews_01572,1,Drug a New Treatment Option for Diabetic Eye Disease,Drug a New Treatment Option for Diabetic Eye Disease,HealthDay,http://Healthday.com/Article.asp?AID=638573,https://www.healthnewsreview.org/review/2819/
HealthStory,story_reviews_01573,4,Drug Reverses Diabetes-Related Vision Loss,Drug Reverses Diabetes-Related Vision Loss,WebMD,http://diabetes.WebMD.com/news/20100428/drug-reverses-diabetes-related-vision-loss,https://www.healthnewsreview.org/review/2821/
HealthStory,story_reviews_01574,5,A Genentech Eye Treatment Is Found to Help Prevent Vision Loss in Diabetics,A Genentech Eye Treatment Is Found to Help Prevent Vision Loss in Diabetics,The New York Times,http://www.nytimes.com/2010/04/28/health/research/28eye.html?ref=health,https://www.healthnewsreview.org/review/2808/
HealthStory,story_reviews_01575,2,5-minute colon cancer test could save thousands,5-minute colon cancer test could save thousands,AP Associated Press,http://hosted.ap.org/dynamic/stories/E/EU_MED_COLON_CANCER_TEST?SITE=AP,https://www.healthnewsreview.org/review/2809/
HealthStory,story_reviews_01576,3,"Athletes turn to plasma therapy, but the data are mixed","Athletes turn to plasma therapy, but the data are mixed",Chicago Tribune,"www.chicagotribune.com/health/la-he-plasma-20100426,0,6499310.story",https://www.healthnewsreview.org/review/2802/
HealthStory,story_reviews_01577,0,Drinking Green Tea May Protect Eyes,Drinking Green Tea May Protect Eyes,HealthDay,http://Healthday.com/Article.asp?AID=638383,https://www.healthnewsreview.org/review/2805/
HealthStory,story_reviews_01578,5,Trendy fizzy drink is mushrooming,Trendy fizzy drink is mushrooming,MSNBC,http://www.MSNBC.msn.com/id/36571884/ns/health-diet_and_nutrition/,https://www.healthnewsreview.org/review/2804/
HealthStory,story_reviews_01579,2,"In Early Test, New Hepatitis C Drug Shows Promise","In Early Test, New Hepatitis C Drug Shows Promise",HealthDay,http://Healthday.com/Article.asp?AID=638319,https://www.healthnewsreview.org/review/2793/
HealthStory,story_reviews_01580,4,Experimental Drug May Treat Hepatitis C,Experimental Drug May Treat Hepatitis C,WebMD,http://www.WebMD.com/hepatitis/news/20100421/experimental-drug-may-treat-hepatitis-c,https://www.healthnewsreview.org/review/2794/
HealthStory,story_reviews_01581,5,Lung Cancer Screening Often Raises False Alarm,Lung Cancer Screening Often Raises False Alarm,NPR,http://www.NPR.org/blogs/health/2010/04/lung_cancer_screening_often_ra.html,https://www.healthnewsreview.org/review/2780/
HealthStory,story_reviews_01582,3,Study: Bone drug lowers breast cancer risk 38% in high-risk women,Study: Bone drug lowers breast cancer risk 38% in high-risk women,USA Today,http://www.USA Today.com/news/health/2010-04-20-raloxifene20_ST_N.htm,https://www.healthnewsreview.org/review/2774/
HealthStory,story_reviews_01583,5,Study: 2 good choices to prevent breast cancer,Study: 2 good choices to prevent breast cancer,AP Associated Press,http://hosted.ap.org/dynamic/stories/U/US_MED_BREAST_CANCER_DRUGS?SITE=AP,https://www.healthnewsreview.org/review/2776/
HealthStory,story_reviews_01584,2,New Test May Predict Prostate Cancer’s Aggressiveness,New Test May Predict Prostate Cancer’s Aggressiveness,HealthDay,http://Healthday.com/Article.asp?AID=638176,https://www.healthnewsreview.org/review/2778/
HealthStory,story_reviews_01585,0,Constant migraines may be from an unlikely culprit: a deviated septum,Constant migraines may be from an unlikely culprit: a deviated septum,The Houston Chronicle,http://www.chron.com/disp/story.mpl/health/6958367.html,https://www.healthnewsreview.org/review/2760/
HealthStory,story_reviews_01586,4,Drug for Immune Disorders Helps Alzheimer’s,Drug for Immune Disorders Helps Alzheimer’s,WebMD,http://www.WebMD.com/alzheimers/news/20100414/drug-for-immune-disorders-helps-alzheimers,https://www.healthnewsreview.org/review/2763/
HealthStory,story_reviews_01587,3,Stem-cell therapy feels Food and Drug Administration’s pinch,Stem-cell therapy feels Food and Drug Administration’s pinch,The Denver Post,http://www.The Denver Post.com/ci_14871656,https://www.healthnewsreview.org/review/2743/
HealthStory,story_reviews_01588,1,Knee Braces Ease Osteoarthritis Pain,Knee Braces Ease Osteoarthritis Pain,WebMD,http://www.WebMD.com/osteoarthritis/news/20100413/knee-braces-ease-osteoarthritis-pain,https://www.healthnewsreview.org/review/2755/
HealthStory,story_reviews_01589,1,Magnets Might Boost Stem Cell Therapy,Magnets Might Boost Stem Cell Therapy,HealthDay,http://Healthday.com/Article.asp?AID=637985,https://www.healthnewsreview.org/review/2757/
HealthStory,story_reviews_01590,4,Health claim: Weight loss shot dissolves fat,Health claim: Weight loss shot dissolves fat,Chicago Tribune,http://featuresblogs.chicagotribune.com/features_julieshealthclub/2010/04/health-claim-weight-loss-shot-dissolves-fat.html,https://www.healthnewsreview.org/review/2738/
HealthStory,story_reviews_01591,3,Sleep’s role in weight loss remains a mystery,Sleep’s role in weight loss remains a mystery,The Washington Post,http://www.washingtonpost.com/wp-dyn/content/article/2010/04/05/AR2010040503618_2.html,https://www.healthnewsreview.org/review/2706/
HealthStory,story_reviews_01592,3,Developing test to warn smokers of cancer danger,Developing test to warn smokers of cancer danger,AP Associated Press,http://hosted.ap.org/dynamic/stories/U/US_MED_LUNG_CANCER_TEST?SITE=AP,https://www.healthnewsreview.org/review/2722/
HealthStory,story_reviews_01593,5,Study: Riskier surgeries for back pain raise costs,Study: Riskier surgeries for back pain raise costs,AP Associated Press,http://hosted.ap.org/dynamic/stories/U/US_MED_BACK_SURGERY?SITE=AP,https://www.healthnewsreview.org/review/2710/
HealthStory,story_reviews_01594,5,‘Electronic Nose’ Sniffs Out Asthma,‘Electronic Nose’ Sniffs Out Asthma,HealthDay,http://Healthday.com/Article.asp?AID=637800,https://www.healthnewsreview.org/review/2716/
HealthStory,story_reviews_01595,2,Simple Test May Spot Early Lung Cancer,Simple Test May Spot Early Lung Cancer,HealthDay,http://Healthday.com/Article.asp?AID=637844,https://www.healthnewsreview.org/review/2725/
HealthStory,story_reviews_01596,3,Gene found that may predict lung cancer in smokers,Gene found that may predict lung cancer in smokers,Reuters Health,http://www.Reuters.com/article/idUSTRE6365DF20100407,https://www.healthnewsreview.org/review/2727/
HealthStory,story_reviews_01597,0,Test May Reveal Early Signs of Emphysema,Test May Reveal Early Signs of Emphysema,WebMD,http://www.WebMD.com/lung/copd/news/20100405/test-may-reveal-early-signs-emphysema,https://www.healthnewsreview.org/review/2707/
HealthStory,story_reviews_01598,0,Acupuncture May Help Restore Lost Sense of Smell,Acupuncture May Help Restore Lost Sense of Smell,HealthDay,http://Healthday.com/Article.asp?AID=637344,https://www.healthnewsreview.org/review/2693/
HealthStory,story_reviews_01599,3,Prostate drug may work as a preventive,Prostate drug may work as a preventive,Los Angeles Times,"Los Angeles Times.com/news/nationworld/nation/la-sci-prostate1-2010apr01,0,2741240.story",https://www.healthnewsreview.org/review/2690/
HealthStory,story_reviews_01600,2,Stroke study offers hope for Bloomingdale man,Stroke study offers hope for Bloomingdale man,Chicago Tribune,"www.chicagotribune.com/health/ct-x-w-0331-health-stroke-20100331,0,6385653.story",https://www.healthnewsreview.org/review/2688/
HealthStory,story_reviews_01601,5,Avodart May Lower Prostate Cancer Risk,Avodart May Lower Prostate Cancer Risk,WebMD,http://men.WebMD.com/prostate-enlargement-bph/news/20100331/avodart-may-lower-prostate-cancer-risk,https://www.healthnewsreview.org/review/2692/
HealthStory,story_reviews_01602,5,Liver supplements donâ€™t seem to offer protection,Liver supplements donâ€™t seem to offer protection,Los Angeles Times,"http://www.Los Angeles Times.com/features/health/la-he-skeptic-20100329,0,5452330,print.story",https://www.healthnewsreview.org/review/2676/
HealthStory,story_reviews_01603,3,Beta Blockers May Slow Spread of Breast Cancer,Beta Blockers May Slow Spread of Breast Cancer,HealthDay,http://Healthday.com/Article.asp?AID=637431,https://www.healthnewsreview.org/review/2678/
HealthStory,story_reviews_01604,5,Are We Overselling The Sunshine Vitamin?,Are We Overselling The Sunshine Vitamin?,NPR,http://www.NPR.org/templates/story/story.php?storyId=125226703,https://www.healthnewsreview.org/review/2679/
HealthStory,story_reviews_01605,5,"Study adds evidence that bone drugs work, are safe","Study adds evidence that bone drugs work, are safe",AP Associated Press,http://www.NPR.org/templates/story/story.php?storyId=125143433,https://www.healthnewsreview.org/review/2672/
HealthStory,story_reviews_01606,2,Laser Treatment May Work for Cataracts,Laser Treatment May Work for Cataracts,The New York Times,http://www.nytimes.com/2010/03/23/science/23oblens.html?ref=health,https://www.healthnewsreview.org/review/2658/
HealthStory,story_reviews_01607,2,Drug for menstrual cramps in the works,Drug for menstrual cramps in the works,Los Angeles Times,http://Los Angeles Timesblogs.Los Angeles Times.com/booster_shots/2010/03/menstrual-cramps-dysmenorrhea-drug.html,https://www.healthnewsreview.org/review/2662/
HealthStory,story_reviews_01608,2,New Inhaled Insulin Shows Promise for Diabetes,New Inhaled Insulin Shows Promise for Diabetes,HealthDay,http://Healthday.com/Article.asp?AID=637285,https://www.healthnewsreview.org/review/2665/
HealthStory,story_reviews_01609,1,Tequila Plant May Help Fight Bone Loss,Tequila Plant May Help Fight Bone Loss,HealthDay,http://Healthday.com/Article.asp?AID=637115,https://www.healthnewsreview.org/review/2666/
HealthStory,story_reviews_01610,2,Plavix Can Help Cut Death Risk in Certain Heart Patients,Plavix Can Help Cut Death Risk in Certain Heart Patients,HealthDay,http://Healthday.com/Article.asp?AID=637108,https://www.healthnewsreview.org/review/2661/
HealthStory,story_reviews_01611,3,Nanotech robots deliver gene therapy through blood,Nanotech robots deliver gene therapy through blood,Reuters Health,http://www.Reuters.com/article/idUSTRE62K1BK20100321,https://www.healthnewsreview.org/review/2653/
HealthStory,story_reviews_01612,3,Gene-Targeted Cancer Fix Could Be a Breakthrough,Gene-Targeted Cancer Fix Could Be a Breakthrough,HealthDay,http://Healthday.com/Article.asp?AID=637227,https://www.healthnewsreview.org/review/2655/
HealthStory,story_reviews_01613,5,Triumph for Drug to Straighten Clenched Fingers,Triumph for Drug to Straighten Clenched Fingers,The New York Times,http://www.nytimes.com/2010/03/16/business/16hand.html?src=twt,https://www.healthnewsreview.org/review/2636/
HealthStory,story_reviews_01614,4,Salsalate May Help Treat Type 2 Diabetes,Salsalate May Help Treat Type 2 Diabetes,WebMD,http://diabetes.WebMD.com/news/20100315/salsalate-may-help-treat-type-2-diabetes,https://www.healthnewsreview.org/review/2640/
HealthStory,story_reviews_01615,3,New Way to Treat Inoperable Lung Cancer,New Way to Treat Inoperable Lung Cancer,WebMD,http://www.WebMD.com/lung-cancer/news/20100316/new-way-to-treat-inoperable-lung-cancer,https://www.healthnewsreview.org/review/2643/
HealthStory,story_reviews_01616,4,Newer Genetic Test for Autism More Effective,Newer Genetic Test for Autism More Effective,HealthDay,http://Healthday.com/Article.asp?AID=636945,https://www.healthnewsreview.org/review/2634/
HealthStory,story_reviews_01617,4,Medtronic atrial fibrillation system shines in study,Medtronic atrial fibrillation system shines in study,Reuters Health,http://www.Reuters.com/article/idUSTRE62E3M420100315?type=globalMarketsNews,https://www.healthnewsreview.org/review/2635/
HealthStory,story_reviews_01618,2,"Arthritis Drug May Fight Diabetes, Too","Arthritis Drug May Fight Diabetes, Too",HealthDay,http://www.businessweek.com/lifestyle/content/Healthday/636932.html,https://www.healthnewsreview.org/review/2639/
HealthStory,story_reviews_01619,3,Onion Cream Treats New Stretch Marks,Onion Cream Treats New Stretch Marks,WebMD,http://www.WebMD.com/skin-problems-and-treatments/news/20100311/onion-cream-treats-new-stretch-marks,https://www.healthnewsreview.org/review/2627/
HealthStory,story_reviews_01620,2,Alternative to Statins Shows Promise,Alternative to Statins Shows Promise,HealthDay,http://Healthday.com/Article.asp?AID=636814,https://www.healthnewsreview.org/review/2625/
HealthStory,story_reviews_01621,2,Cholesterol Drugs May Treat Psoriasis,Cholesterol Drugs May Treat Psoriasis,WebMD,http://www.WebMD.com/skin-problems-and-treatments/psoriasis/news/20100308/cholesterol-drugs-may-treat-psoriasis,https://www.healthnewsreview.org/review/2618/
HealthStory,story_reviews_01622,0,Electromagnetic Pulses May Stem Arthritic Knee Pain,Electromagnetic Pulses May Stem Arthritic Knee Pain,HealthDay,http://Healthday.com/Article.asp?AID=636730,https://www.healthnewsreview.org/review/2613/
HealthStory,story_reviews_01623,2,Breakthrough asthma treatment,Breakthrough asthma treatment,CNN Health,http://www.CNN.com/video/?/video/health/2010/03/03/am.gupta.asthma.treatment.CNN,https://www.healthnewsreview.org/review/2605/
HealthStory,story_reviews_01624,1,Test May Cut Unneeded Prostate Biopsies,Test May Cut Unneeded Prostate Biopsies,WebMD,http://www.WebMD.com/prostate-cancer/news/20100304/test-may-cut-unneeded-prostate-biopsies,https://www.healthnewsreview.org/review/2610/
HealthStory,story_reviews_01625,3,Portable Device May Relieve Migraine Pain,Portable Device May Relieve Migraine Pain,WebMD,http://www.WebMD.com/migraines-headaches/news/20100303/portable-device-may-relieve-migraine-pain,https://www.healthnewsreview.org/review/2607/
HealthStory,story_reviews_01626,2,Brain images suggest Alzheimer’s drug is working,Brain images suggest Alzheimer’s drug is working,Reuters Health,http://www.Reuters.com/article/idUSLDE61P17120100301?type=marketsNews,https://www.healthnewsreview.org/review/2591/
HealthStory,story_reviews_01627,2,Cord blood stem cells help meet minority marrow needs,Cord blood stem cells help meet minority marrow needs,CNN Health,http://www.CNN.com/2010/HEALTH/03/01/cord.blood.marrow.minorities/index.html,https://www.healthnewsreview.org/review/2599/
HealthStory,story_reviews_01628,4,Study Finds Stents Effective in Preventing Strokes,Study Finds Stents Effective in Preventing Strokes,The New York Times,http://www.nytimes.com/2010/02/27/health/27stroke.html?pagewanted=print,https://www.healthnewsreview.org/review/2588/
HealthStory,story_reviews_01629,3,Stroke study puts 2 procedures on equal footing,Stroke study puts 2 procedures on equal footing,Los Angeles Times,"http://www.Los Angeles Times.com/news/science/la-sci-stroke27-2010feb27,0,5428213,print.story",https://www.healthnewsreview.org/review/2589/
HealthStory,story_reviews_01630,3,Acupuncture Benefit Seen in Pregnancy,Acupuncture Benefit Seen in Pregnancy,The Wall Street Journal,http://online.wsj.com/article/SB10001424052748704454304575081753471294546.html,https://www.healthnewsreview.org/review/2568/
HealthStory,story_reviews_01631,4,Acupuncture May Ease Depression During Pregnancy,Acupuncture May Ease Depression During Pregnancy,HealthDay,http://Healthday.com/Article.asp?AID=636244,https://www.healthnewsreview.org/review/2570/
HealthStory,story_reviews_01632,4,Zapping fibroids with heat in hunt for new options,Zapping fibroids with heat in hunt for new options,AP Associated Press,http://hosted.ap.org/dynamic/stories/U/US_MED_HEALTHBEAT_FIBROIDS?SITE=AP,https://www.healthnewsreview.org/review/2573/
HealthStory,story_reviews_01633,3,"Bitter Melon Extract May Slow, Stop Breast Cancer","Bitter Melon Extract May Slow, Stop Breast Cancer",HealthDay,http://Healthday.com/Article.asp?AID=636317,https://www.healthnewsreview.org/review/2575/
HealthStory,story_reviews_01634,3,Acupuncture shows promise for depression in pregnancy,Acupuncture shows promise for depression in pregnancy,Reuters Health,http://www.Reuters.com/article/idUSTRE61L5JB20100222,https://www.healthnewsreview.org/review/2571/
HealthStory,story_reviews_01635,1,Acupuncture Eases Depression in Pregnancy,Acupuncture Eases Depression in Pregnancy,WebMD,http://www.WebMD.com/depression/news/20100222/acupuncture-eases-depression-in-pregnancy,https://www.healthnewsreview.org/review/2572/
HealthStory,story_reviews_01636,5,"Aspirin might reduce recurrence risk for breast cancer survivors, study finds","Aspirin might reduce recurrence risk for breast cancer survivors, study finds",Los Angeles Times,"http://www.Los Angeles Times.com/news/nation-and-world/la-sci-aspirin17-2010feb17,0,1751303,print.story",https://www.healthnewsreview.org/review/2562/
HealthStory,story_reviews_01637,3,Ibuprofen May Help Stave Off Parkinson’s,Ibuprofen May Help Stave Off Parkinson’s,HealthDay,http://Healthday.com/Article.asp?AID=636044,https://www.healthnewsreview.org/review/2563/
HealthStory,story_reviews_01638,3,Hormone-infused nasal spray found to help people with autism,Hormone-infused nasal spray found to help people with autism,The Washington Post,http://www.washingtonpost.com/wp-dyn/content/article/2010/02/15/AR2010021501984.html,https://www.healthnewsreview.org/review/2556/
HealthStory,story_reviews_01639,1,Hormone oxytocin may help Asperger’s patients,Hormone oxytocin may help Asperger’s patients,Los Angeles Times,"http://www.Los Angeles Times.com/news/nationworld/nation/la-sci-autism16-2010feb16,0,3780542.story",https://www.healthnewsreview.org/review/2555/
HealthStory,story_reviews_01640,5,‘Bonding’ Hormone Might Help Some With Autism,‘Bonding’ Hormone Might Help Some With Autism,HealthDay,http://Healthday.com/Article.asp?AID=636049,https://www.healthnewsreview.org/review/2558/
HealthStory,story_reviews_01641,3,Dark Chocolate May Lower Stroke Risk,Dark Chocolate May Lower Stroke Risk,HealthDay,http://Healthday.com/Article.asp?AID=635934,https://www.healthnewsreview.org/review/2551/
HealthStory,story_reviews_01642,3,Milk for Mom May Lower Babyâ€™s MS Risk,Milk for Mom May Lower Babyâ€™s MS Risk,WebMD,http://www.WebMD.com/baby/news/20100209/vitamin-d-for-mom-may-lower-babys-ms-risk,https://www.healthnewsreview.org/review/2548/
HealthStory,story_reviews_01643,3,"Mediterranean diet may help prevent dementia, study says","Mediterranean diet may help prevent dementia, study says",CNN Health,http://www.CNN.com/2010/HEALTH/02/08/mediterranean.diet.brain/index.html,https://www.healthnewsreview.org/review/2541/
HealthStory,story_reviews_01644,4,Insulin Study Could Lead to New Dosage Devices,Insulin Study Could Lead to New Dosage Devices,The New York Times,http://www.nytimes.com/2010/02/05/business/05diabetes.html,https://www.healthnewsreview.org/review/2534/
HealthStory,story_reviews_01645,4,Zap or Chill? Targeting Fat Without Surgery,Zap or Chill? Targeting Fat Without Surgery,The New York Times,http://www.nytimes.com/2010/02/04/fashion/04SKIN.html?ref=health,https://www.healthnewsreview.org/review/2533/
HealthStory,story_reviews_01646,1,Test of “artificial pancreas” offers diabetes hope,Test of “artificial pancreas” offers diabetes hope,Reuters Health,http://www.Reuters.com/article/idUSTRE61401720100205,https://www.healthnewsreview.org/review/2535/
HealthStory,story_reviews_01647,5,Hormone replacement tied to lower colon cancer risk,Hormone replacement tied to lower colon cancer risk,Reuters Health,http://www.Reuters.com/article/idUSTRE6134XJ20100204,https://www.healthnewsreview.org/review/2536/
HealthStory,story_reviews_01648,2,Breakthrough in Creating Artificial Pancreas,Breakthrough in Creating Artificial Pancreas,WebMD,http://diabetes.WebMD.com/news/20100204/breakthrough-creating-artificial-pancreas,https://www.healthnewsreview.org/review/2537/
HealthStory,story_reviews_01649,2,CT Scans Deemed Best for Checking Heart Arteries,CT Scans Deemed Best for Checking Heart Arteries,HealthDay,http://Healthday.com/Article.asp?AID=635431,https://www.healthnewsreview.org/review/2532/
HealthStory,story_reviews_01650,5,Industrial chemical OSR#1 used as autism treatment,Industrial chemical OSR#1 used as autism treatment,Chicago Tribune,"http://www.Los Angeles Times.com/features/health/la-he-autism-chemical1-2010feb01,0,1654619.story?page=2",https://www.healthnewsreview.org/review/2517/
HealthStory,story_reviews_01651,4,Face time with MyClyns anti-germ spray,Face time with MyClyns anti-germ spray,Los Angeles Times,"http://www.Los Angeles Times.com/features/health/la-he-skeptic1-2010feb01,0,692239.story",https://www.healthnewsreview.org/review/2518/
HealthStory,story_reviews_01652,4,Can fish oil help guard against schizophrenia?,Can fish oil help guard against schizophrenia?,Reuters Health,http://www.Reuters.com/article/idUSTRE6105QQ20100201,https://www.healthnewsreview.org/review/2523/
HealthStory,story_reviews_01653,4,Fish Oil May Fight Psychosis,Fish Oil May Fight Psychosis,WebMD,http://www.WebMD.com/schizophrenia/news/20100201/fish-oil-vs-psychosis,https://www.healthnewsreview.org/review/2524/
HealthStory,story_reviews_01654,4,Fish oil shows promise in preventing psychosis,Fish oil shows promise in preventing psychosis,AP Associated Press,http://www.MSNBC.msn.com/id/35186424/ns/health-mental_health/,https://www.healthnewsreview.org/review/2525/
HealthStory,story_reviews_01655,3,Fish oil can head off first psychotic episodes,Fish oil can head off first psychotic episodes,Los Angeles Times,http://Los Angeles Timesblogs.Los Angeles Times.com/booster_shots/2010/02/fish-oil-can-head-off-first-psychotic-episodes.html,https://www.healthnewsreview.org/review/2526/
HealthStory,story_reviews_01656,4,New morning-after pill works for up to 5 days,New morning-after pill works for up to 5 days,AP Associated Press,http://hosted.ap.org/dynamic/stories/E/EU_MED_MORNING_AFTER_PILL?SITE=AP,https://www.healthnewsreview.org/review/2512/
HealthStory,story_reviews_01657,0,Blood Test May Predict Rheumatoid Arthritis,Blood Test May Predict Rheumatoid Arthritis,WebMD,http://www.WebMD.com/rheumatoid-arthritis/news/20100128/blood-test-may-predict-rheumatoid-arthritis,https://www.healthnewsreview.org/review/2514/
HealthStory,story_reviews_01658,3,Surgical procedure urged for atrial fibrillation,Surgical procedure urged for atrial fibrillation,Los Angeles Times,"http://www.Los Angeles Times.com/news/nationworld/nation/la-sci-atrial27-2010jan27,0,3527594.story",https://www.healthnewsreview.org/review/2507/
HealthStory,story_reviews_01659,4,Ultrasound may cut deaths in high-risk pregnancies,Ultrasound may cut deaths in high-risk pregnancies,Reuters Health,http://www.Reuters.com/article/idUSTRE60Q55J20100127,https://www.healthnewsreview.org/review/2510/
HealthStory,story_reviews_01660,1,New Scan May Help Find Aggressive Prostate Tumors,New Scan May Help Find Aggressive Prostate Tumors,HealthDay,http://www.usnews.com/health/family-health/cancer/articles/2010/01/27/new-scan-may-help-find-aggressive-prostate-tumors.html,https://www.healthnewsreview.org/review/2511/
HealthStory,story_reviews_01661,3,"For Lower Blood Pressure, Low-Carb Diet May Be Best","For Lower Blood Pressure, Low-Carb Diet May Be Best",HealthDay,http://Healthday.com/Article.asp?AID=635323,https://www.healthnewsreview.org/review/2500/
HealthStory,story_reviews_01662,2,Low-Carb Diet Lowers Blood Pressure,Low-Carb Diet Lowers Blood Pressure,WebMD,http://www.WebMD.com/diet/news/20100125/low-carb-diet-lowers-blood-pressure,https://www.healthnewsreview.org/review/2502/
HealthStory,story_reviews_01663,2,Oral multiple sclerosis drug shows promise,Oral multiple sclerosis drug shows promise,Los Angeles Times,http://Los Angeles Timesblogs.Los Angeles Times.com/booster_shots/2010/01/multiple-sclerosis-cladribine.html,https://www.healthnewsreview.org/review/2493/
HealthStory,story_reviews_01664,4,"MS pills show promise and risk, studies say","MS pills show promise and risk, studies say",AP Associated Press,http://www.The Denver Post.com/fitness/ci_14231453#ixzz0dFtUwcPw,https://www.healthnewsreview.org/review/2494/
HealthStory,story_reviews_01665,4,MS Patients May Soon Bypass Painful Injections,MS Patients May Soon Bypass Painful Injections,NPR,http://www.NPR.org/templates/story/story.php?storyId=122774705,https://www.healthnewsreview.org/review/2495/
HealthStory,story_reviews_01666,4,Should HPV Test Replace the Pap Smear?,Should HPV Test Replace the Pap Smear?,HealthDay,http://Healthday.com/Article.asp?AID=635110,https://www.healthnewsreview.org/review/2491/
HealthStory,story_reviews_01667,1,Immune Response Better With Skin Scratch Vaccination,Immune Response Better With Skin Scratch Vaccination,HealthDay,http://Healthday.com/Article.asp?AID=634979,https://www.healthnewsreview.org/review/2482/
HealthStory,story_reviews_01668,2,Ankles Gain as Candidates for Joint Replacement,Ankles Gain as Candidates for Joint Replacement,The New York Times,http://well.blogs.nytimes.com/2010/01/18/ankles-gain-as-candidates-for-joint-replacement/,https://www.healthnewsreview.org/review/2484/
HealthStory,story_reviews_01669,4,New Anticlotting Drug Beats Plavix,New Anticlotting Drug Beats Plavix,WebMD,http://www.WebMD.com/heart-disease/news/20100113/new-anti-clotting-drug-beats-plavix,https://www.healthnewsreview.org/review/2477/
HealthStory,story_reviews_01670,5,Blood Test for Lung Cancer in the Works,Blood Test for Lung Cancer in the Works,WebMD,http://www.WebMD.com/lung-cancer/news/20100113/blood-test-for-lung-cancer-in-the-works,https://www.healthnewsreview.org/review/2478/
HealthStory,story_reviews_01671,4,Some Blood Pressure Drugs May Stave Off Dementia,Some Blood Pressure Drugs May Stave Off Dementia,HealthDay,http://Healthday.com/Article.asp?AID=634898,https://www.healthnewsreview.org/review/2474/
HealthStory,story_reviews_01672,4,"Debate over cognitive, traditional mental health therapy","Debate over cognitive, traditional mental health therapy",Los Angeles Times,"http://www.Los Angeles Times.com/features/health/la-he-psychotherapy11-2010jan11,0,3973704.story",https://www.healthnewsreview.org/review/2461/
HealthStory,story_reviews_01673,4,"Robot prostate surgery has downsides, needs more data","Robot prostate surgery has downsides, needs more data",Reuters Health,http://www.Reuters.com/article/idUSTRE60A4RY20100111,https://www.healthnewsreview.org/review/2463/
HealthStory,story_reviews_01674,4,More Aggressive Treatment for Weekend Stroke,More Aggressive Treatment for Weekend Stroke,HealthDay,http://health.msn.com/health-topics/first-aid/articlepage.aspx?cp-documentid=100252352,https://www.healthnewsreview.org/review/2464/
HealthStory,story_reviews_01675,4,Weekend stroke care more aggressive but not better,Weekend stroke care more aggressive but not better,Reuters Health,http://www.Reuters.com/article/idUSTRE60A5C020100111,https://www.healthnewsreview.org/review/2465/
HealthStory,story_reviews_01676,2,To Circumcise or Not?,To Circumcise or Not?,HealthDay,http://Healthday.com/Article.asp?AID=634842,https://www.healthnewsreview.org/review/2469/
HealthStory,story_reviews_01677,2,A cocktail to remember? Nutrient elixir shows promise against Alzheimer’s,A cocktail to remember? Nutrient elixir shows promise against Alzheimer’s,Los Angeles Times,http://Los Angeles Timesblogs.Los Angeles Times.com/booster_shots/2010/01/cocktail-of-the-decade-nutrient-elixir-shows-promise-against-alzheimers.html,https://www.healthnewsreview.org/review/2457/
HealthStory,story_reviews_01678,2,New Brain Scan May Predict Alzheimer’s,New Brain Scan May Predict Alzheimer’s,WebMD,http://www.WebMD.com/alzheimers/news/20100106/new-brain-scan-may-predict-alzheimers,https://www.healthnewsreview.org/review/2452/
HealthStory,story_reviews_01679,2,Nose treatment cuts hospital-acquired infections,Nose treatment cuts hospital-acquired infections,Reuters Health,http://www.Reuters.com/article/idUSTRE6055J120100106,https://www.healthnewsreview.org/review/2455/
HealthStory,story_reviews_01680,3,Ear Infections: New Thinking on What to Do,Ear Infections: New Thinking on What to Do,HealthDay,http://health.msn.com/health-topics/ears-nose-throat/articlepage.aspx?cp-documentid=100252046,https://www.healthnewsreview.org/review/2446/
HealthStory,story_reviews_01681,3,Sinus Surgery Brings Relief to Many,Sinus Surgery Brings Relief to Many,HealthDay,http://Healthday.com/Article.asp?AID=634526,https://www.healthnewsreview.org/review/2441/
HealthStory,story_reviews_01682,3,Ginkgo Won’t Slow Decline of Aging Brain,Ginkgo Won’t Slow Decline of Aging Brain,HealthDay,http://Healthday.com/Article.asp?AID=634427,https://www.healthnewsreview.org/review/2431/
HealthStory,story_reviews_01683,4,"Study: Ginkgo biloba has no effect on Alzheimer’s, dementia","Study: Ginkgo biloba has no effect on Alzheimer’s, dementia",USA Today,http://www.USA Today.com/news/health/2009-12-30-ginkgo30_ST_N.htm?loc=interstitialskip,https://www.healthnewsreview.org/review/2432/
HealthStory,story_reviews_01684,2,Compound May Fight Hard-to-Treat Lung Cancer,Compound May Fight Hard-to-Treat Lung Cancer,WebMD,http://www.WebMD.com/lung-cancer/news/20091229/compound-may-fight-hard-to-treat-lung-cancer,https://www.healthnewsreview.org/review/2435/
HealthStory,story_reviews_01685,2,Health Experts Call For Heart Checkups For Kids,Health Experts Call For Heart Checkups For Kids,NPR,http://www.NPR.org/templates/story/story.php?storyId=121963778,https://www.healthnewsreview.org/review/2426/
HealthStory,story_reviews_01686,3,Using CT scans to see plaque in coronary arteries,Using CT scans to see plaque in coronary arteries,Los Angeles Times,"http://www.Los Angeles Times.com/features/health/la-he-procon28-2009dec28,0,4184026.story",https://www.healthnewsreview.org/review/2427/
HealthStory,story_reviews_01687,3,Zinc may ward off viruses but there are dangers,Zinc may ward off viruses but there are dangers,Los Angeles Times,"http://www.Los Angeles Times.com/features/health/la-he-zinc21-2009dec21,0,5525709.story?page=2",https://www.healthnewsreview.org/review/2414/
HealthStory,story_reviews_01688,0,RISKS: Fighting Diabetes With Lots of Espresso,RISKS: Fighting Diabetes With Lots of Espresso,The New York Times,http://www.nytimes.com/2009/12/22/health/22risk.html?ref=health,https://www.healthnewsreview.org/review/2415/
HealthStory,story_reviews_01689,2,Natural Treatment for RSV Infection?,Natural Treatment for RSV Infection?,WebMD,http://www.WebMD.com/parenting/news/20091221/natural-treatment-for-rsv-infection,https://www.healthnewsreview.org/review/2419/
HealthStory,story_reviews_01690,5,Stem cell therapies for hearts inching closer to wide use,Stem cell therapies for hearts inching closer to wide use,CNN Health,http://www.CNN.com/2009/HEALTH/12/18/stem.cells.heart/index.html,https://www.healthnewsreview.org/review/2412/
HealthStory,story_reviews_01691,4,Giving a Heart a Hand,Giving a Heart a Hand,The Wall Street Journal,http://online.wsj.com/article/SB10001424052748703954904574596252025375352.html,https://www.healthnewsreview.org/review/2402/
HealthStory,story_reviews_01692,4,Radiation From CT Scans May Raise Cancer Risk,Radiation From CT Scans May Raise Cancer Risk,NPR,http://www.NPR.org/templates/story/story.php?storyId=121436092,https://www.healthnewsreview.org/review/2393/
HealthStory,story_reviews_01693,2,Targeted Breast Cancer Drug Shrinks Tumors,Targeted Breast Cancer Drug Shrinks Tumors,WebMD,http://www.WebMD.com/breast-cancer/news/20091215/targeted-breast-cancer-drug-shrinks-tumors,https://www.healthnewsreview.org/review/2404/
HealthStory,story_reviews_01694,3,Radiation from CT scans may raise cancer risks,Radiation from CT scans may raise cancer risks,Reuters Health,http://www.Reuters.com/article/idUSTRE5BD4VD20091214,https://www.healthnewsreview.org/review/2390/
HealthStory,story_reviews_01695,4,"More evidence coffee, tea could prevent diabetes","More evidence coffee, tea could prevent diabetes",Reuters Health,http://www.Reuters.com/article/idUSTRE5BD50N20091214,https://www.healthnewsreview.org/review/2389/
HealthStory,story_reviews_01697,2,Diagnosing Breast Cancer: Needle Biopsy Best?,Diagnosing Breast Cancer: Needle Biopsy Best?,WebMD,http://www.WebMD.com/breast-cancer/news/20091214/diagnosing-breast-cancer-needle-biopsy-best,https://www.healthnewsreview.org/review/2391/
HealthStory,story_reviews_01698,2,Artificial retina gives woman limited vision after decades of darkness,Artificial retina gives woman limited vision after decades of darkness,CNN Health,http://www.CNN.com/2009/HEALTH/12/11/bionic.eye/index.html,https://www.healthnewsreview.org/review/2385/
HealthStory,story_reviews_01699,4,Studies: Bone drugs may help prevent breast cancer,Studies: Bone drugs may help prevent breast cancer,AP Associated Press,http://www.USA Today.com/news/health/2009-12-10-breast-cancer-drugs_N.htm,https://www.healthnewsreview.org/review/2382/
HealthRelease,news_reviews_00000,2,Implantable device ‘aids weight loss’? Let’s wait for the evidence,"Tiny implantable device short-circuits hunger pangs, aids weight loss",University of Wisconsin-Madison,https://www.eurekalert.org/pub_releases/2018-12/uow-tid121718.php,https://www.healthnewsreview.org/news-release-review/implantable-device-aids-weight-loss-lets-wait-for-the-evidence/
HealthRelease,news_reviews_00001,3,Summary of CRISPR lung cancer research downplays the work that lies ahead,Scientists report CRISPR restores effectiveness of lung cancer treatment,Christiana Care Health System,https://www.eurekalert.org/pub_releases/2018-12/b-src121718.php,https://www.healthnewsreview.org/news-release-review/summary-of-crispr-lung-cancer-research-downplays-the-work-that-lies-ahead/
HealthRelease,news_reviews_00002,1,‘Millions’ with bipolar disorder could be helped by probiotics? Release pushes pure speculation,Probiotics could help millions of patients suffering from bipolar disorder,American College of Neuropsychophamacology,https://www.eurekalert.org/pub_releases/2018-12/acon-pch120718.php,https://www.healthnewsreview.org/news-release-review/millions-with-bipolar-disorder-could-be-helped-by-probiotics-release-pushes-pure-speculation/
HealthRelease,news_reviews_00003,1,Summary of dairy-enhanced Mediterranean diet study leaves us hungry for details,Yes Please to Yogurt and Cheese: The New Improved Mediterranean Diet ,University of South Australia,https://www.newswise.com/articles/yes-please-to-yogurt-and-cheese%3A-the-new-improved-mediterranean-diet-2,https://www.healthnewsreview.org/news-release-review/summary-of-dairy-enhanced-mediterranean-diet-study-leaves-us-hungry-for-details/
HealthRelease,news_reviews_00004,3,Johns Hopkins prematurely heralds a ‘promising diagnostic tool’ for Alzheimer’s,Johns Hopkins team identifies promising diagnostic tool for Alzheimer's disease,Johns Hopkins Medicine,https://www.eurekalert.org/pub_releases/2018-12/jhm-jh120718.php,https://www.healthnewsreview.org/news-release-review/johns-hopkins-prematurely-heralds-a-promising-diagnostic-tool-for-alzheimers/
HealthRelease,news_reviews_00005,1,Very little news in this news release on device approved for aneurysm treatment,Cedars-Sinai Surgeon Uses New Device to Perform First-Ever Surgery,Cedars-Sinai,https://www.newswise.com/articles/view/704934/?sc=mwhr&xy=10023344,https://www.healthnewsreview.org/news-release-review/very-little-news-in-this-news-release-on-device-approved-for-aneurysm-treatment/
HealthRelease,news_reviews_00006,2,Is vitamin C a remedy for smoking during pregnancy? Too soon to tell based on preliminary study,Vitamin C May Reduce Harm to Infants’ Lungs Caused by Smoking During Pregnancy,American Thoracic Society,https://www.newswise.com/articles/vitamin-c-may-reduce-harm-to-infants%E2%80%99-lungs-caused-by-smoking-during-pregnancy%3B,https://www.healthnewsreview.org/news-release-review/is-vitamin-c-a-remedy-for-smoking-during-pregnancy-too-soon-to-tell-based-on-preliminary-study/
HealthRelease,news_reviews_00007,3,Mayo Clinic news release on cancer-related blood clots lives in data-free zone,Mayo researchers say oral apixaban safe and effective for treating blood clots in cancer patients,Mayo Clinic,https://www.eurekalert.org/pub_releases/2018-12/mc-mrs120318.php,https://www.healthnewsreview.org/news-release-review/mayo-clinic-news-release-on-cancer-related-blood-clots-lives-in-data-free-zone/
HealthRelease,news_reviews_00008,0,"‘Soursop leaves can prevent the symptoms of fibromyalgia,’ tested in rats",Extract from soursop leaves can prevent the symptoms of fibromyalgia,University of Seville,https://www.eurekalert.org/pub_releases/2018-11/uos-efs112818.php,https://www.healthnewsreview.org/news-release-review/soursop-leaves-can-prevent-the-symptoms-of-fibromyalgia-but-its-only-been-tested-in-rats/
HealthRelease,news_reviews_00009,1,Claims about pulsed radiofrequency for back pain and sciatica are premature,Pulsed radiofrequency relieves acute back pain and sciatica,Radiological Society of North America,https://www.eurekalert.org/pub_releases/2018-11/rson-prr111318.php,https://www.healthnewsreview.org/news-release-review/claims-about-pulsed-radiofrequency-for-back-pain-and-sciatica-are-premature/
HealthRelease,news_reviews_00010,3,"Sure, tech can induce sense of smell in healthy people, but where’s the benefit?",Electrical stimulation in the nose induces sense of smell in human subjects,Massachusetts Eye and Ear,https://www.newswise.com/articles/electrical-stimulation-in-the-nose-induces-sense-of-smell-to-human-subjects,https://www.healthnewsreview.org/news-release-review/sure-tech-can-induce-sense-of-smell-in-healthy-people-but-wheres-the-benefit/
HealthRelease,news_reviews_00011,3,Too early to claim MRI-based screening test for dementia is beneficial,MRI scans shows promise in predicting dementia,Washington University School of Medicine,https://www.eurekalert.org/pub_releases/2018-11/wuso-mss111918.php,https://www.healthnewsreview.org/news-release-review/too-early-to-claim-mri-based-screening-test-for-dementia-is-beneficial/
HealthRelease,news_reviews_00012,1,News release far too rosy/conflicted for small study on ovarian cancer test,New blood test detects early stage ovarian cancer,University of Adelaide,https://www.eurekalert.org/pub_releases/2018-11/uoa-nbt111918.php,https://www.healthnewsreview.org/news-release-review/news-release-far-too-rosy-conflicted-for-small-study-on-ovarian-cancer-test/
HealthRelease,news_reviews_00013,0,Claim that hot baths can substitute for exercise lacks evidence,"Can't exercise? A hot bath may help improve inflammation, metabolism, study suggests",American Physiological Society,https://www.eurekalert.org/pub_releases/2018-11/aps-cea111418.php,https://www.healthnewsreview.org/news-release-review/claim-that-hot-baths-can-substitute-for-exercise-lacks-evidence/
HealthRelease,news_reviews_00014,1,Gold nanoparticles to destroy prostate cancer? Claims are very premature,First-ever prostate cancer treatment uses gold nanoparticles to destroy tumorous cells,University of Texas Health Science Center,https://www.newswise.com/articles/view/703680/?sc=mwhr&xy=10023344,https://www.healthnewsreview.org/news-release-review/gold-nanoparticles-to-destroy-prostate-cancer-claims-are-very-premature/
HealthRelease,news_reviews_00015,2,Researchers apply leap of faith to preliminary study of fecal transplant for immunotherapy-induced colitis,Fecal transplant effective against immunotherapy-induced colitis,University of Texas MD Anderson Cancer Center,https://www.newswise.com/articles/view/703758/?sc=mwhr&xy=10023344,https://www.healthnewsreview.org/news-release-review/researchers-apply-leap-of-faith-to-preliminary-study-of-fecal-transplant-for-immunotherapy-induced-colitis/
HealthRelease,news_reviews_00016,4,Kudos for university’s restraint in promoting at-home HPV tests for women,"Mailed HPV tests can help find women at-risk for cervical cancer, study finds",University of North Carolina Lineberger Comprehensive Cancer Center,https://www.eurekalert.org/pub_releases/2018-11/ulcc-mht110718.php,https://www.healthnewsreview.org/news-release-review/kudos-for-universitys-restraint-in-promoting-at-home-hpv-tests-for-women/
HealthRelease,news_reviews_00017,2,Claim that fermented dairy products reduce heart attacks leaves us feeling sour,Fermented dairy products may protect against heart attack,University of Eastern Finland,https://www.eurekalert.org/pub_releases/2018-10/uoef-fdp103018.php,https://www.healthnewsreview.org/news-release-review/claim-that-fermented-dairy-products-reduce-heart-attacks-leaves-us-feeling-sour/
HealthRelease,news_reviews_00018,3,University takes cautious approach in promoting rapid test for diagnosing brain disease,Is it Brain Infection or Cancer? A New Rapid Test Could Hold the Answer,Thomas Jefferson University,https://www.newswise.com/articles/view/702784/?sc=dwhr&xy=10023344,https://www.healthnewsreview.org/news-release-review/university-takes-cautious-approach-in-promoting-rapid-test-for-diagnosing-brain-disease/
HealthRelease,news_reviews_00019,4,Recap of some knee surgeons’ use of aspirin as a clot buster skims over study limitations,Aspirin alone a good clot buster after knee surgery,Michigan Medicine,https://www.eurekalert.org/pub_releases/2018-10/mm-u-aaa102018.php,https://www.healthnewsreview.org/news-release-review/recap-of-some-knee-surgeons-use-of-aspirin-as-a-clot-buster-skims-over-study-limitations/
HealthRelease,news_reviews_00020,3,Hospital misleads with claim that surgical technique ‘reduces strokes’; main study outcome was not statistically significant,Surgery technique reduces strokes in atherosclerosis patients,Cedars-Sinai Medical Center,https://www.eurekalert.org/pub_releases/2018-10/cmc-esr101618.php,https://www.healthnewsreview.org/news-release-review/hospital-misleads-with-claim-that-surgical-technique-reduces-strokes-main-study-outcome-was-not-statistically-significant/
HealthRelease,news_reviews_00021,2,Summary of diagnostic prostate cancer test study suffers from overreach,Distinguishing fatal prostate cancer from 'manageable' cancer now possible,University of York,https://www.eurekalert.org/pub_releases/2018-10/uoy-dfp101718.php,https://www.healthnewsreview.org/news-release-review/summary-of-diagnostic-prostate-cancer-test-study-suffers-from-overreach/
HealthRelease,news_reviews_00022,2,"News release touts universal blood test for cancer, but what about overdiagnosis?",'Universal' blood test for earlier diagnosis of cancer moves closer to market,University of Bradford,https://www.eurekalert.org/pub_releases/2018-10/uob-bt101518.php,https://www.healthnewsreview.org/news-release-review/news-release-touts-universal-blood-test-for-cancer-but-what-about-overdiagnosis/
HealthRelease,news_reviews_00023,2,Serious potential harms and financial conflicts missing in recap of study on vaginal laser surgery for menopausal symptoms,Getting relief from sexual dysfunction and incontinence caused by menopause,North American Menopause Society,https://www.eurekalert.org/pub_releases/2018-10/tnam-grf101018.php,https://www.healthnewsreview.org/news-release-review/serious-potential-harms-and-financial-conflicts-missing-in-recap-of-study-on-vaginal-laser-surgery-for-menopausal-symptoms/
HealthRelease,news_reviews_00024,1,"More unwarranted hype over the unique benefits of proton therapy, this time in combo with thermal therapy",High-Precision Proton Therapy More Effective in Treating Certain Cancers When Combined with Thermal Therapy,University of Maryland Medical Center/School of Medicine,https://www.newswise.com/articles/view/701768/?sc=dwhn,https://www.healthnewsreview.org/news-release-review/more-unwarranted-hype-over-the-unique-benefits-of-proton-therapy-this-time-in-combo-with-thermal-therapy/
HealthRelease,news_reviews_00025,3,Caveats and outside expert balance speculative claim that ‘anti-inflammatory’ diet might benefit bipolar disorder patients,Study shows diet and weight may affect response to bipolar disorder treatment,European College of Neuropsychopharmacology,https://www.eurekalert.org/pub_releases/2018-10/econ-ssd100518.php,https://www.healthnewsreview.org/news-release-review/caveats-and-outside-expert-balance-speculative-claim-that-anti-inflammatory-diet-might-benefit-bipolar-disorder-patients/
HealthRelease,news_reviews_00026,3,"Plug for study of midwifery for low income women is fuzzy on benefits, costs",Midwifery linked to lower odds of birth complications for low-income women,University of British Columbia,https://www.eurekalert.org/pub_releases/2018-10/uobc-mlt100218.php,https://www.healthnewsreview.org/news-release-review/plug-for-study-of-midwifery-for-low-income-women-is-fuzzy-on-benefits-costs/
HealthRelease,news_reviews_00027,3,Tiny safety trial prematurely touts ‘clinical benefit’ of cancer vaccine for HER2-positive cancers,New cancer vaccine shows early promise for patients with HER2-positive cancers,American Association for Cancer Research,https://www.eurekalert.org/pub_releases/2018-09/aafc-ncv092718.php,https://www.healthnewsreview.org/news-release-review/tiny-safety-trial-prematurely-touts-clinical-benefit-of-cancer-vaccine-for-her2-positive-cancers/
HealthRelease,news_reviews_00028,1,Claim that milk protein alleviates chemotherapy side effects based on study of just 12 people,Milk protein shown to alleviate chemotherapy side effects ,Virginia Tech,https://www.eurekalert.org/pub_releases/2018-09/vt-mps092618.php,https://www.healthnewsreview.org/news-release-review/claim-that-milk-protein-alleviates-chemotherapy-side-effects-based-on-study-of-just-12-people/
HealthRelease,news_reviews_00029,4,Observational study can’t prove surgery better than more conservative prostate cancer treatment,Combo therapy of prostatectomy plus radiotherapy may improve survival in prostate cancer,,https://www.eurekalert.org/pub_releases/2018-09/tju-cto092418.php,https://www.healthnewsreview.org/news-release-review/observational-study-cant-prove-surgery-better-than-more-conservative-prostate-cancer-treatment/
HealthRelease,news_reviews_00030,3,Recap of mental imagery for weight loss study makes readers fill in the blanks,Weight loss can be boosted fivefold thanks to novel mental imagery technique,University of Plymouth,https://www.eurekalert.org/pub_releases/2018-09/uop-wlc092118.php,https://www.healthnewsreview.org/news-release-review/recap-of-mental-imagery-for-weight-loss-study-requires-that-readers-fill-in-the-blanks/
HealthRelease,news_reviews_00031,2,BMJ’s attempt to hook readers on benefits of golf slices way out of bounds,"Too many people missing out on health benefits of golf, says expert panel",BMJ,https://www.eurekalert.org/pub_releases/2018-09/b-tmp091918.php,https://www.healthnewsreview.org/news-release-review/bmjs-attempt-to-hook-readers-on-benefits-of-golf-slices-way-out-of-bounds/
HealthRelease,news_reviews_00032,1,Time to test all infants’ gut microbiomes — or is this a product in search of a condition?,First-Ever Rapid Response Test for Levels of Bifidobacterium in Baby's Gut Microbiome,Evolve BioSystems,https://www.prnewswire.com/news-releases/first-ever-rapid-response-test-for-levels-of-bifidobacterium-in-babys-gut-microbiome-300715757.html,https://www.healthnewsreview.org/news-release-review/time-to-test-all-infants-gut-microbiomes-or-is-this-a-product-in-search-of-a-condition/
HealthRelease,news_reviews_00033,2,Zika vaccine for brain cancer? PR release headline omits crucial words: ‘in mice’,Zika vaccine shows promise for treating deadly brain cancer,American Society for Microbiology,https://www.eurekalert.org/pub_releases/2018-09/asfm-zvs091318.php,https://www.healthnewsreview.org/news-release-review/zika-vaccine-for-brain-cancer-pr-release-headline-omits-crucial-words-in-mice/
HealthRelease,news_reviews_00034,1,University PR misleads with claim that preliminary blood test detects early pancreatic cancer,New blood test detects early stage pancreatic cancer,Lund University,https://www.eurekalert.org/pub_releases/2018-09/lu-nbt091718.php,https://www.healthnewsreview.org/news-release-review/university-pr-misleads-with-claim-that-preliminary-blood-test-detects-early-pancreatic-cancer/
HealthRelease,news_reviews_00035,2,Observational study on testosterone replacement therapy for COPD doesn’t prove cause and effect,Testosterone replacement therapy may slow the progression of COPD,SAGE,https://www.eurekalert.org/pub_releases/2018-09/s-trt091318.php,https://www.healthnewsreview.org/news-release-review/observational-study-on-testosterone-replacement-therapy-for-copd-doesnt-prove-cause-and-effect/
HealthRelease,news_reviews_00036,2,"Recap of lung cancer screening test relies on hyperbole, conjecture to market preliminary result",Nucleix Announces Positive Clinical Results for Lung EpiCheck in Early Detection of Lung Cancer,Nucleix Ltd.,https://www.prnewswire.com/news-releases/nucleix-announces-positive-clinical-results-for-lung-epicheck-in-early-detection-of-lung-cancer-300707884.html,https://www.healthnewsreview.org/news-release-review/recap-of-lung-cancer-screening-test-relies-on-hyperbole-conjecture-to-market-preliminary-result/
HealthRelease,news_reviews_00037,4,Ties to drugmaker left out of postpartum depression drug study recap,"Newly Published Results Show Investigational Treatment Brexanolone Consistently Reduced Depressive Symptoms Across Three Postpartum Depression Trials, Supporting Submission for FDA Approval",University of North Carolina Health Care,https://www.newswise.com/articles/newly-published-results-show-investigational-treatment-brexanolone-consistently-reduced-depressive-symptoms-across-three-postpartum-depression-trials-supporting-submission-for-fda-approval,https://www.healthnewsreview.org/news-release-review/ties-to-drugmaker-left-out-of-postpartum-depression-drug-study-recap/
HealthRelease,news_reviews_00038,1,Sweeping claims based on a single case study of advanced cancer patient are misleading,NUS researchers use AI to successfully treat metastatic cancer patient,National University of Singapore,https://www.eurekalert.org/pub_releases/2018-08/nuos-nru083018.php,https://www.healthnewsreview.org/news-release-review/sweeping-claims-based-on-a-single-case-study-of-advanced-cancer-patient-are-misleading/
HealthRelease,news_reviews_00039,3,False claims of benefit weaken news release on experimental melanoma drug trial,Combination approach shows promise for beating advanced melanoma,,https://www.eurekalert.org/pub_releases/2018-08/uoc--cas082718.php,https://www.healthnewsreview.org/news-release-review/false-claims-of-benefit-weaken-news-release-on-experimental-melanoma-drug-trial/
HealthRelease,news_reviews_00040,1,"Contrary to claims, heart scans don’t save lives, but subsequent interventions might","Scans cut heart attack rates and save lives, major study finds",University of Edinburgh,https://www.eurekalert.org/pub_releases/2018-08/uoe-sch082318.php,https://www.healthnewsreview.org/news-release-review/contrary-to-claims-heart-scans-dont-save-lives-but-subsequent-interventions-might/
HealthRelease,news_reviews_00041,4,Breastfeeding for stroke prevention? Kudos to heart association for clarifying that study doesn’t show cause-and-effect,Breastfeeding may help protect mothers against stroke,American Heart Association,https://www.eurekalert.org/pub_releases/2018-08/aha-bmh081718.php,https://www.healthnewsreview.org/news-release-review/breastfeeding-for-stroke-prevention-kudos-to-heart-association-for-clarifying-that-study-doesnt-show-cause-and-effect/
HealthRelease,news_reviews_00042,3,Summary of new way to diagnose heart attack neglects to mention researchers’ patent,"Simple score to diagnose heart attacks is safer, faster than current methods",Canadian Medical Association Journal,https://www.eurekalert.org/pub_releases/2018-08/cmaj-sst081418.php,https://www.healthnewsreview.org/news-release-review/summary-of-new-way-to-diagnose-heart-attack-neglects-to-mention-researchers-patent/
HealthRelease,news_reviews_00043,4,NIH brings balance to recap of study on blood test for gestational diabetes,Blood test may identify gestational diabetes risk in first trimester,National Institutes of Health,https://www.nih.gov/news-events/news-releases/blood-test-may-identify-gestational-diabetes-risk-first-trimester,https://www.healthnewsreview.org/news-release-review/nih-brings-balance-to-recap-of-study-on-blood-test-for-gestational-diabetes/
HealthRelease,news_reviews_00044,2,There’s no justification for claiming new blood test is ‘94% accurate’ compared to PSA test for prostate cancer,Preliminary Data from Study Demonstrates 94% Accuracy in Detecting Aggressive Prostate Cancer,VolitionRx Ltd,https://www.prnewswire.com/news-releases/preliminary-data-from-study-demonstrates-94-accuracy-in-detecting-aggressive-prostate-cancer-300695906.html,https://www.healthnewsreview.org/news-release-review/theres-no-justification-for-claiming-new-blood-test-is-94-accurate-compared-to-psa-test-for-prostate-cancer/
HealthRelease,news_reviews_00045,2,Combo pill for blood pressure: Concept isn’t novel but conflicts of interest are newsworthy,"Innovative triple pill significantly lowers blood pressure, study finds",George Institute for Global Health,https://www.eurekalert.org/pub_releases/2018-08/gifg-itp080918.php,https://www.healthnewsreview.org/news-release-review/combo-pill-for-blood-pressure-concept-isnt-novel-but-conflicts-of-interest-are-newsworthy/
HealthRelease,news_reviews_00046,3,Modest improvement after major treatment touted as ‘reduced risk of dying’ in women with low-threat DCIS,Association of radiation therapy plus lumpectomy in reduced risk of dying in women with DCIS,JAMA Network Open,https://www.eurekalert.org/pub_releases/2018-08/jn-aor080718.php,https://www.healthnewsreview.org/news-release-review/modest-improvement-after-major-treatment-touted-as-reduced-risk-of-dying-in-women-with-low-threat-dcis/
HealthRelease,news_reviews_00047,2,Big Cherry claims about health benefits leave a sour taste in our mouths,New emerging research suggests Montmorency tart cherries may help enhance gut health,Cherry Marketing Institute,https://www.eurekalert.org/pub_releases/2018-08/wsc-ner080618.php,https://www.healthnewsreview.org/news-release-review/big-cherry-claims-about-health-benefits-leave-a-sour-taste-in-our-mouths/
HealthRelease,news_reviews_00048,2,"Model suggests liquid biopsy improves prostate cancer outcomes, but that’s not the real world","""Liquid biopsy"" test improves health outcomes and can save over $500 million annually for the U.S. healthcare system",MDxHealth,https://www.prnewswire.com/news-releases/liquid-biopsy-test-improves-health-outcomes-and-can-save-over-500-million-annually-for-the-us-healthcare-system-300691175.html,https://www.healthnewsreview.org/news-release-review/model-suggests-liquid-biopsy-improves-prostate-cancer-outcomes-but-thats-not-the-real-world/
HealthRelease,news_reviews_00049,2,Supposed ‘breakthrough’ for detecting gut disorders tested in only 12 healthy people,Gas sensing gut pill beats breath test diagnosis ,RMIT University,https://www.eurekalert.org/pub_releases/2018-08/ru-gsg072918.php,https://www.healthnewsreview.org/news-release-review/supposed-breakthrough-for-detecting-gut-disorders-tested-in-only-12-healthy-people/
HealthRelease,news_reviews_00050,2,Claims surrounding new brain injury blood test short on evidence,A brain injury diagnosed with a single drop of blood ,University of Geneva,https://www.eurekalert.org/pub_releases/2018-07/udg-abi073018.php,https://www.healthnewsreview.org/news-release-review/claims-surrounding-new-brain-injury-blood-test-short-on-evidence/
HealthRelease,news_reviews_00051,1,Scant details about new stroke imaging technology undermine claims,New stroke imaging technology could reduce potential for patient brain damage,Society of NeuroInterventional Surgery,https://www.eurekalert.org/pub_releases/2018-07/sons-nsi072318.php,https://www.healthnewsreview.org/news-release-review/scant-details-about-new-stroke-imaging-technology-undermine-claims/
HealthRelease,news_reviews_00052,2,University offers muddled summary of dementia study in mice using ‘healing’ sound waves,Treating dementia with the healing waves of sound,Tohoku University,https://www.eurekalert.org/pub_releases/2018-07/tu-tdw071918.php,https://www.healthnewsreview.org/news-release-review/university-offers-muddled-summary-of-dementia-study-in-mice-using-healing-sound-waves/
HealthRelease,news_reviews_00053,0,University teases sweet solution to older adults’ memory problems,"Sugar improves memory in over-60s, helping them work smarter",University of Warwick,https://www.eurekalert.org/pub_releases/2018-07/uow-sim071818.php,https://www.healthnewsreview.org/news-release-review/university-teases-sugar-solution-to-older-adults-memory-problems/
HealthRelease,news_reviews_00054,1,Claims that torn meniscus can be regenerated based on single case study wither under scrutiny,Stem Cells Shows Promise For Repairing Torn Meniscus,U.S. Stem Cell Inc.,https://www.prnewswire.com/news-releases/stem-cells-shows-promise-for-repairing-torn-meniscus-300676349.html,https://www.healthnewsreview.org/news-release-review/claims-that-torn-meniscus-can-be-regenerated-based-on-single-case-study-wither-under-scrutiny/
HealthRelease,news_reviews_00055,4,"Recap of robotic surgery study shows useful comparison with standard surgery, but sidesteps cost",Robotic surgery as effective as open surgery for bladder cancer,Loyola University Health System,https://www.eurekalert.org/pub_releases/2018-07/luhs-rsa071118.php,https://www.healthnewsreview.org/news-release-review/recap-of-robotic-surgery-study-shows-useful-comparison-with-standard-surgery-but-sidesteps-cost/
HealthRelease,news_reviews_00056,1,Announcement tempts people suffering disabling hand condition with ‘new hope’ based on study of surrogate markers,"New hope for patients with incurable and disabling hand condition, Dupuytren's disease",University of Oxford,https://www.eurekalert.org/pub_releases/2018-07/uoo-nhf070618.php,https://www.healthnewsreview.org/news-release-review/announcement-tempts-people-suffering-disabling-hand-condition-with-new-hope-based-on-study-of-surrogate-markers/
HealthRelease,news_reviews_00057,2,Knee cartilage transplant said to be as good for older patients as younger ones — but how good is that?,Older patients with knee pain may benefit from allograft transplant technique,American Orthopaedic Society for Sports Medicine,https://www.eurekalert.org/pub_releases/2018-07/aosf-opw062818.php,https://www.healthnewsreview.org/news-release-review/knee-cartilage-transplant/
HealthRelease,news_reviews_00058,2,Mismatched headline and text leave confusing impression of cardiac imaging tool,Cardiac hybrid imaging an effective tool for predicting heart attacks,Radiological Society of North America,https://www.eurekalert.org/pub_releases/2018-07/rson-chi062618.php,https://www.healthnewsreview.org/news-release-review/mismatched-headline-and-text-leave-confusing-impression-of-cardiac-imaging-tool/
HealthRelease,news_reviews_00059,2,Announcement oversells blood test for predicting treatment outcomes in prostate cancer,Blood Test Predicts Treatment Response and Survival for Patients with Metastatic Prostate Cancer,Epic Sciences,https://www.prnewswire.com/news-releases/blood-test-predicts-treatment-response-and-survival-for-patients-with-metastatic-prostate-cancer-300673506.html,https://www.healthnewsreview.org/news-release-review/announcement-oversells-blood-test-for-predicting-treatment-outcomes-in-prostate-cancer/
HealthRelease,news_reviews_00060,2,Pilot study on cerebral palsy blood test heralded as ‘breakthrough’ and ‘game changer’,Blood test predicts spastic cerebral palsy,Nemours Children's Health System,https://www.eurekalert.org/pub_releases/2018-06/n-btp062218.php,https://www.healthnewsreview.org/news-release-review/pilot-study-on-cerebral-palsy-blood-test-heralded-as-breakthrough-and-game-changer/
HealthRelease,news_reviews_00061,2,Another hospital issues evidence-free marketing claims about proton beam therapy,California man's research leads him to Beaumont's Proton Therapy Center in Michigan,"Beaumont Hospital, Royal Oak",https://www.prnewswire.com/news-releases/california-mans-research-leads-him-to-beaumonts-proton-therapy-center-in-michigan-300624396.html,https://www.healthnewsreview.org/news-release-review/another-hospital-issues-evidence-free-marketing-claims-about-proton-beam-therapy/
HealthRelease,news_reviews_00062,3,Recap claims ‘clinical validity’ from phase 1 diabetes trial. Isn’t that what phase 2 and 3 trials are for?,BCG vaccine leads to long-term blood sugar improvement in type 1 diabetes patients,Massachusetts General Hospital,https://www.eurekalert.org/pub_releases/2018-06/mgh-bvl061418.php,https://www.healthnewsreview.org/news-release-review/recap-claims-clinical-validity-from-phase-1-diabetes-trial-isnt-that-what-phase-2-and-3-trials-are-for/
HealthRelease,news_reviews_00063,4,"Newsworthy vitamin D research, accurately and cautiously explained by the American Cancer Society",Large international study links blood vitamin D levels to colorectal cancer risk,American Cancer Society,https://www.eurekalert.org/pub_releases/2018-06/acs-lis061118.php,https://www.healthnewsreview.org/news-release-review/newsworthy-vitamin-d-research-accurately-and-cautiously-explained-by-the-american-cancer-society/
HealthRelease,news_reviews_00064,3,Here’s a prime example of how Big Pharma issues misleading news releases to journalists, XARELTO® (rivaroxaban) Associated with Significantly Reduced Time in Hospital and Decreased Costs Compared to Standard of Care in New Study of Patients with Low-Risk Pulmonary Embolism (PE),Janssen Pharmaceutical Companies of Johnson & Johnson,https://www.prnewswire.com/news-releases/xarelto-rivaroxaban-associated-with-significantly-reduced-time-in-hospital-and-decreased-costs-compared-to-standard-of-care-in-new-study-of-patients-with-low-risk-pulmonary-embolism-pe-300666032.html,https://www.healthnewsreview.org/news-release-review/heres-a-prime-example-of-how-big-pharma-issues-misleading-news-releases-to-journalists/
HealthRelease,news_reviews_00065,1,"No, an asthma drug tested in mice does not bring ‘new hope’ for Alzheimer’s patients, at least not yet",Temple researchers reverse cognitive impairments in mice with dementia,Temple University Health System,https://www.eurekalert.org/pub_releases/2018-06/tuhs-trr060818.php,https://www.healthnewsreview.org/news-release-review/no-an-asthma-drug-tested-in-mice-does-not-bring-new-hope-for-alzheimers-patients-at-least-not-yet/
HealthRelease,news_reviews_00066,1,"Big Mango claims daily mango eating reduces systolic blood pressure in healthy women, but any fruit might do",Mangoes helped improve cardiovascular and gut health in women ,National Mango Board,https://www.eurekalert.org/pub_releases/2018-06/wsc-mhi060718.php,https://www.healthnewsreview.org/news-release-review/big-mango-claims-daily-mango-eating-reduces-systolic-blood-pressure-in-healthy-women-but-any-fruit-might-do/
HealthRelease,news_reviews_00067,2,A new antibiotic alternative for acne? This study recap sends misleading messages,Spironolactone may be an alternative to antibiotics in women's acne treatment,University of Pennsylvania School of Medicine,https://www.eurekalert.org/pub_releases/2018-06/uops-smb053018.php,https://www.healthnewsreview.org/news-release-review/a-new-antibiotic-alternative-for-acne-this-study-recap-sends-misleading-messages/
HealthRelease,news_reviews_00068,3,ASCO offers a positive spin on cancer drug survival stats while downplaying severe side effects,Adding Atezolizumab Immunotherapy to Chemotherapy Slows Growth of Advanced Squamous Lung Cancer,ASCO,https://www.asco.org/about-asco/press-center/news-releases/adding-atezolizumab-immunotherapy-chemotherapy-slows-growth,https://www.healthnewsreview.org/news-release-review/asco-offers-a-positive-spin-on-cancer-drug-survival-stats-while-downplaying-severe-side-effects/
HealthRelease,news_reviews_00069,1,Recap of small study on schizophrenia diagnostic device offers false hope,"Promise of faster, more accessible schizophrenia diagnosis, Rutgers study shows ",Rutgers University,https://www.eurekalert.org/pub_releases/2018-05/ru-pof052918.php,https://www.healthnewsreview.org/news-release-review/recap-of-small-study-on-schizophrenia-diagnostic-device-offers-false-hope/
HealthRelease,news_reviews_00070,2,Janssen’s claim that Xarelto benefits frail patients better than warfarin built on frail research,New Real-World Study Finds Long-Term XARELTO® (rivaroxaban) Use Resulted in Fewer Strokes and Systemic Emboli Compared to Warfarin in Frail Patients with Non-Valvular Atrial Fibrillation ,Janssen Pharmaceutical Companies of Johnson & Johnson,https://www.prnewswire.com/news-releases/new-real-world-study-finds-long-term-xarelto-rivaroxaban-use-resulted-in-fewer-strokes-and-systemic-emboli-compared-to-warfarin-in-frail-patients-with-non-valvular-atrial-fibrillation-300654294.html,https://www.healthnewsreview.org/news-release-review/janssens-claim-that-xarelto-benefits-frail-patients-better-than-warfarin-built-on-frail-research/
HealthRelease,news_reviews_00071,3,Percutaneous coronary intervention (PCI) declared ‘better’ than drug therapy; readers worse off,Procedure plus medication is better than standard treatment for heart disease patients ,St. Michael's Hospital,https://www.eurekalert.org/pub_releases/2018-05/smh-ppm051818.php,https://www.healthnewsreview.org/news-release-review/percutaneous-coronary-intervention-pci-declared-better-than-drug-therapy-readers-worse-off/
HealthRelease,news_reviews_00072,3,UCLA offers cautious framing on mouse study of ‘stroke neural repair’,Mice regrow brain tissue after stroke with bioengineered gel ,University of California - Los Angeles,https://www.eurekalert.org/pub_releases/2018-05/uoc--mrb051718.php,https://www.healthnewsreview.org/news-release-review/ucla-offers-cautious-framing-on-mouse-study-of-stroke-neural-repair/
HealthRelease,news_reviews_00073,1,Plug for patent on ‘cancer trap’ device misleads, UTA researcher patents “roach motel” for cancer,University of Texas at Arlington,https://www.uta.edu/news/releases/2018/05/Tang%20Cancer%20trap.php,https://www.healthnewsreview.org/news-release-review/plug-for-patent-on-cancer-trap-device-misleads/
HealthRelease,news_reviews_00074,1,‘Eradication of multiple myeloma?’ Phase 2 trials haven’t even started,UAB Recruiting for Clinical Trial to Determine Therapies for Eradication of Multiple Myeloma –University of Alabama at Birmingham,University of Alabama at Birmingham,https://www.newswise.com/articles/uab-recruiting-for-clinical-trial-to-determine-therapies-for-eradication-of-multiple-myeloma,https://www.healthnewsreview.org/news-release-review/eradication-of-multiple-myeloma-phase-2-trials-havent-even-started/
HealthRelease,news_reviews_00075,0,Jumping the gun on epilepsy device: It’s not a therapy until it’s proven to be therapeutic, Rush is First to Use Microburst Vagus Nerve Stimulation for Drug-Resistant Epilepsy,Rush University Medical Center,https://www.newswise.com/articles/rush-is-first-to-use-microburst-vagus-nerve-stimulation-for-drug-resistant-epilepsy,https://www.healthnewsreview.org/news-release-review/jumping-the-gun-on-epilepsy-device-its-not-a-therapy-until-its-proven-to-be-therapeutic/
HealthRelease,news_reviews_00076,3,Announcement on benefits of walking to improve pregnancy outcomes relies heavily on secondary analysis,"For women with history of pregnancy loss, walking may aid chance of becoming pregnant",University of Massachusetts at Amherst,https://www.eurekalert.org/pub_releases/2018-05/uoma-fww050818.php,https://www.healthnewsreview.org/news-release-review/announcement-on-benefits-of-walking-to-improve-pregnancy-outcomes-relies-heavily-on-subgroup-analysis/
HealthRelease,news_reviews_00077,3,Recap promises ‘results’ of dry eye drug study but doesn’t deliver,Sylentis announces the results of tivanisiran for dry eye syndrome ,PharmaMar,https://www.eurekalert.org/pub_releases/2018-05/p-sat050318.php,https://www.healthnewsreview.org/news-release-review/recap-promises-results-of-dry-eye-drug-study-but-doesnt-deliver/
HealthRelease,news_reviews_00078,4,Janssen highlights insignificant findings along with modest results in esketamine nasal spray trials,New Phase 3 Data Show Esketamine Nasal Spray Demonstrated Rapid Improvements in Depressive Symptoms in Patients with Treatment-Resistant Depression ,Janssen Pharmaceutical Companies of Johnson & Johnson,https://www.prnewswire.com/news-releases/new-phase-3-data-show-esketamine-nasal-spray-demonstrated-rapid-improvements-in-depressive-symptoms-in-patients-with-treatment-resistant-depression-300643208.html,https://www.healthnewsreview.org/news-release-review/janssen-highlights-insignificant-findings-along-with-modest-results-in-esketamine-nasal-spray-trials/
HealthRelease,news_reviews_00079,3,"It’s all in the details, and this summary of nonsurgical treatments for knee osteoarthritis left them out",New research ranks the effectiveness of nonsurgical treatments for knee osteoarthritis ,American Academy of Orthopaedic Surgeons,https://www.eurekalert.org/pub_releases/2018-05/aaoo-nrr050118.php,https://www.healthnewsreview.org/news-release-review/its-all-in-the-details-and-this-summary-of-nonsurgical-treatments-for-knee-osteoarthritis-left-them-out/
HealthRelease,news_reviews_00080,2,Hospital says its ‘good bacteria’ cream treats eczema. Where’s the data?,"Clinical Trial Offers Natural Eczema Treatment, Using Good Bacteria to Fight the Bad",National Jewish Health,https://www.eurekalert.org/pub_releases/2018-04/m-cto043018.php,https://www.healthnewsreview.org/news-release-review/hospital-says-its-good-bacteria-cream-treats-eczema-wheres-the-data/
HealthRelease,news_reviews_00081,2,"Pilot study recap hypes claims about accuracy of breath, urine tests for breast cancer detection",New breath and urine tests detect early breast cancer more accurately,"American Associates, Ben-Gurion University of the Negev",https://www.eurekalert.org/pub_releases/2018-04/aabu-nba042418.php,https://www.healthnewsreview.org/news-release-review/pilot-study-recap-hypes-claims-about-accuracy-of-breath-urine-tests-for-breast-cancer-detection/
HealthRelease,news_reviews_00082,2,Smartphone device’s early lab results no substitute for real-world infectious disease detection,Researchers use smart phone to make a faster infection detector ,Washington State University,https://www.eurekalert.org/pub_releases/2018-04/wsu-rus042318.php,https://www.healthnewsreview.org/news-release-review/smartphone-devices-early-lab-results-no-substitute-for-real-world-infectious-disease-detection/
HealthRelease,news_reviews_00083,1,Fish diet to prevent Parkinson’s? Fishy claim more like.,Eating more fish could prevent Parkinson's disease,Chalmers University of Technology,https://www.eurekalert.org/pub_releases/2018-04/cuot-emf041918.php,https://www.healthnewsreview.org/news-release-review/fish-diet-to-prevent-parkinsons-fishy-claim-more-like/
HealthRelease,news_reviews_00084,2,"Diagnostic brain scans still preliminary, despite optimistic announcement","Brain scans may help diagnose neurological, psychiatric disorders ",Washington University School of Medicine,https://www.eurekalert.org/pub_releases/2018-04/wuso-bsm041618.php,https://www.healthnewsreview.org/news-release-review/diagnostic-brain-scans-still-preliminary-despite-optimistic-announcement/
HealthRelease,news_reviews_00085,2,Announcement advocating increased screenings for diabetes ignores harms of overdiagnosis,"Screenings miss half of diabetic, prediabetic patients ",Northwestern University,https://www.eurekalert.org/pub_releases/2018-04/nu-smh041618.php,https://www.healthnewsreview.org/news-release-review/announcement-advocating-increased-screenings-for-diabetes-ignores-harms-of-overdiagnosis/
HealthRelease,news_reviews_00086,2,University touts new device to protect women from HIV; buries fact it was only tested in rabbits,University of Waterloo develops new way to fight HIV transmission,University of Waterloo,https://www.eurekalert.org/pub_releases/2018-04/uow-uow041318.php,https://www.healthnewsreview.org/news-release-review/university-touts-new-device-to-protect-women-from-hiv-buries-fact-it-was-only-tested-in-rabbits/
HealthRelease,news_reviews_00087,1,Not a lick of evidence is given to back claim that panic attack therapy is highly successful,Multiple Studies Show Freespira® Eliminates Panic Attacks in 80% of Patients ,"Palo Alto Health Sciences, Inc.",https://www.prnewswire.com/news-releases/multiple-studies-show-freespira-eliminates-panic-attacks-in-80-of-patients-300627803.html,https://www.healthnewsreview.org/news-release-review/not-a-lick-of-evidence-is-given-to-back-claim-that-panic-attack-therapy-is-highly-successful/
HealthRelease,news_reviews_00088,2,"Kudos for several cautions, but college announcement sidesteps other key details on new class of cancer drug",New class of drugs could help tackle treatment-resistant cancers,Imperial College London,https://www.eurekalert.org/pub_releases/2018-04/icl-nco041018.php,https://www.healthnewsreview.org/news-release-review/kudos-for-several-cautions-but-college-announcement-sidesteps-other-key-details-on-new-class-of-cancer-drug/
HealthRelease,news_reviews_00089,2,Let’s be clear: claim that new cancer combo ‘improves survival’ misleads,New drug combo improves survival of women with rare uterine cancer,Johns Hopkins Medicine,https://www.eurekalert.org/pub_releases/2018-04/jhm-ndc040918.php,https://www.healthnewsreview.org/news-release-review/lets-be-clear-claim-that-new-cancer-combo-improves-survival-misleads/
HealthRelease,news_reviews_00090,3,Better to sacrifice brevity in favor of clarity when promoting breast cancer screening strategies,Allina study shows patients with very small breast tumors may forgo lymph node biopsies,Allina Health,https://www.eurekalert.org/pub_releases/2018-04/ah-ass040418.php,https://www.healthnewsreview.org/news-release-review/better-to-sacrifice-brevity-in-favor-of-clarity-when-promoting-breast-cancer-screening-strategies/
HealthRelease,news_reviews_00091,4,Study summary omitted key detail about acupressure for menstrual pain relief,Acupressure for menstrual pain ,Charité - Universitätsmedizin Berlin,https://www.eurekalert.org/pub_releases/2018-04/c-ub-afm040418.php,https://www.healthnewsreview.org/news-release-review/study-summary-omitted-key-detail-about-acupressure-for-menstrual-pain-relief/
HealthRelease,news_reviews_00092,2,Mayo recap of device for migraine prevention omits conflict of interest disclosure,Noninvasive stimulation device can help prevent migraine attacks ,Mayo Clinic,https://www.eurekalert.org/pub_releases/2018-03/mc-nsd032818.php,https://www.healthnewsreview.org/news-release-review/mayo-recap-of-device-for-migraine-prevention-omits-conflict-of-interest-disclosure/
HealthRelease,news_reviews_00093,2,Headline overreach mars summary of phase 1 pediatric cancer drug trial,Pediatric cancer drug shows 93 percent response rate,UT Southwestern Medical Center,https://www.eurekalert.org/pub_releases/2018-03/usmc-pcd032918.php,https://www.healthnewsreview.org/news-release-review/headline-overreach-mars-summary-of-phase-1-pediatric-cancer-drug-trial/
HealthRelease,news_reviews_00094,3,Might a new stroke diagnostic device be an alternative to CT scanners in ambulances? Study overview doesn’t say,Portable device detects severe stroke in seconds with 92 percent accuracy ,Medical University of South Carolina,https://www.eurekalert.org/pub_releases/2018-03/muos-pdd032618.php,https://www.healthnewsreview.org/news-release-review/might-a-new-stroke-diagnostic-device-be-an-alternative-to-ct-scanners-in-ambulances-study-overview-doesnt-say/
HealthRelease,news_reviews_00095,1,‘Daily ibuprofen can prevent Alzheimer’s disease’ and other unproven claims by Canadian neuroscientist,Canadian neuroscientists say daily ibuprofen can prevent Alzheimer's disease ,IOS Press,https://www.eurekalert.org/pub_releases/2018-03/ip-cns032618.php,https://www.healthnewsreview.org/news-release-review/daily-ibuprofen-can-prevent-alzheimers-disease-and-other-unproven-claims-by-canadian-neuroscientist/
HealthRelease,news_reviews_00096,2,In a nutshell: small brief study measuring the impact of pecan supplementation can’t tell us much,Eating pecans had significant effect on biomarkers of heart disease and type 2 diabetes ,National Pecan Shellers Association,https://www.eurekalert.org/pub_releases/2018-03/kc-n-eph032218.php,https://www.healthnewsreview.org/news-release-review/in-a-nutshell-small-brief-study-measuring-the-impact-of-pecan-supplementation-cant-tell-us-much/
HealthRelease,news_reviews_00097,2,Summary of tiny preliminary study overstates benefit of treatment for knee osteoarthritis,Minimally invasive treatment reduces knee pain and disability from osteoarthritis ,Society of Interventional Radiology,https://www.eurekalert.org/pub_releases/2018-03/soir-mit031318.php,https://www.healthnewsreview.org/news-release-review/minimally-invasive-treatment-reduces-knee-pain-and-disability-from-osteoarthritis/
HealthRelease,news_reviews_00098,4,Association delivers balanced recap of safety trial of targeted immunotherapy for liver cancer, Targeted immunotherapy treatment shows promise for treating advanced stage liver tumors ,Society of Interventional Radiology,https://www.eurekalert.org/pub_releases/2018-03/soir-tit031318.php,https://www.healthnewsreview.org/news-release-review/association-delivers-balanced-recap-of-safety-trial-of-targeted-immunotherapy-for-liver-cancer/
HealthRelease,news_reviews_00099,1,"Preliminary study on mammography for women 40-49 adds confusion, not clarity",Screening mammography for women 40-49 detects more cancers compared with older age groups,American Roentgen Ray Society,https://www.eurekalert.org/pub_releases/2018-03/arrs-smf031318.php,https://www.healthnewsreview.org/news-release-review/preliminary-study-on-mammography-for-women-40-49-adds-confusion-not-clarity/
HealthRelease,news_reviews_00100,2,Can bone density scans help assess cardiovascular risk? More details needed in news release,Researchers find bone density scans can also help identify cardiovascular disease,Hebrew SeniorLife Institute for Aging Research,https://www.eurekalert.org/pub_releases/2018-03/hsif-rfb031218.php,https://www.healthnewsreview.org/news-release-review/more-details-needed-to-assess-benefit-of-bone-density-scans-in-cardiovascular-risk/
HealthRelease,news_reviews_00101,3,Strong summary of hip replacement risk assessment tool needed cost discussion,New tool helps identify risk for post-surgical dislocations following hip replacement ,NYU Langone Health / NYU School of Medicine,https://www.eurekalert.org/pub_releases/2018-03/nlh-nth030218.php,https://www.healthnewsreview.org/news-release-review/strong-summary-of-hip-replacement-risk-assessment-tool-needed-cost-discussion/
HealthRelease,news_reviews_00102,2,Is it fair to call jet lag a ‘disorder’ requiring a pill if it goes away on its own?,HETLIOZ® (tasimelteon) Demonstrates Efficacy to Treat Jet Lag Disorder in an 8 Hour Phase Advance Clinical Study,Vanda Pharmaceuticals,https://www.prnewswire.com/news-releases/hetlioz-tasimelteon-demonstrates-efficacy-to-treat-jet-lag-disorder-in-an-8-hour-phase-advance-clinical-study-300607853.html,https://www.healthnewsreview.org/news-release-review/is-it-fair-to-call-jet-lag-a-disorder-requiring-an-expensive-pill-if-it-goes-away-on-its-own/
HealthRelease,news_reviews_00103,3,Shingles vaccine study summary omits significant COI with sponsor GSK,Why the latest shingles vaccine is more than 90 percent effective ,Westmead Institute for Medical Research,https://www.eurekalert.org/pub_releases/2018-03/wifm-wtl030618.php,https://www.healthnewsreview.org/news-release-review/shingles-vaccine-study-summary-omits-significant-coi-with-sponsor-gsk/
HealthRelease,news_reviews_00104,2,"Tree nuts ‘aid colon cancer survival’? Summary fills in the blanks with assumption, not evidence",Nut consumption may aid colon cancer survival,Yale Cancer Center,http://yalecancercenter.org/news/article.aspx?id=16834,https://www.healthnewsreview.org/news-release-review/tree-nuts-aid-colon-cancer-survival-summary-fills-in-the-blanks-with-assumption-not-evidence/
HealthRelease,news_reviews_00105,3,"Summary touts scorpion venom for rheumatoid arthritis. Yes, if you’re a rat",Scorpion venom component can reduce severity of rheumatoid arthritis ,Baylor College of Medicine,https://www.eurekalert.org/pub_releases/2018-02/bcom-svc022618.php,https://www.healthnewsreview.org/news-release-review/summary-touts-scorpion-venom-for-rheumatoid-arthritis-yes-if-youre-a-rat/
HealthRelease,news_reviews_00106,2,AAN study summary relies on speculation about diet and depression in older adults,Diet shown to reduce stroke risk may also reduce risk of depression,American Academy of Neurology,https://www.eurekalert.org/pub_releases/2018-02/aaon-dst022118.php,https://www.healthnewsreview.org/news-release-review/aan-study-summary-relies-on-speculation-about-diet-and-depression-in-older-adults/
HealthRelease,news_reviews_00107,3,Heavy reliance on surrogate markers doesn’t tell full story of diet advantages,Vegetarian and Mediterranean diet may be equally effective in preventing heart disease,American Heart Association,https://www.eurekalert.org/pub_releases/2018-02/aha-vam022118.php,https://www.healthnewsreview.org/news-release-review/heavy-reliance-on-surrogate-markers-doesnt-tell-full-story-of-diet-advantages/
HealthRelease,news_reviews_00108,2,"Potential costs, harms missing in plug of alternative MRI for detecting benign breast lesions",MRI technique differentiates benign breast lesions from malignancies ,Radiological Society of North America,https://www.eurekalert.org/pub_releases/2018-02/rson-mtd021318.php,https://www.healthnewsreview.org/news-release-review/potential-costs-harms-missing-in-plug-of-alternative-mri-for-detecting-benign-breast-lesions/
HealthRelease,news_reviews_00109,3,Potential harms and source of evidence missing in FDA summary of new blood test for concussion,FDA authorizes marketing of first blood test to aid in the evaluation of concussion in adults,FDA,https://www.fda.gov/NewsEvents/Newsroom/PressAnnouncements/ucm596531.htm,https://www.healthnewsreview.org/news-release-review/fda-authorizes-marketing-first-blood-test-aid-evaluation-concussion-adults/
HealthRelease,news_reviews_00110,3,"NIH recap on ‘brain disease test’: strong on study results, but lacks clarity on patient benefits","NIH scientists adapt new brain disease test for Parkinson’s, dementia with Lewy bodies ",National Institutes of Health,https://www.nih.gov/news-events/news-releases/nih-scientists-adapt-new-brain-disease-test-parkinsons-dementia-lewy-bodies,https://www.healthnewsreview.org/news-release-review/nih-recap-on-brain-disease-test-strong-on-study-results-but-lacks-clarity-on-patient-benefits/
HealthRelease,news_reviews_00111,1,Research recap says medical cannabis safer than opioids in elderly but the study included no such comparison,Medical cannabis significantly safer for elderly with chronic pain than Opioids,"American Associates, Ben-Gurion University of the Negev",https://www.eurekalert.org/pub_releases/2018-02/aabu-mcs021318.php,https://www.healthnewsreview.org/news-release-review/research-recap-says-medical-cannabis-safer-than-opioids-in-elderly-but-the-study-included-no-such-comparison/
HealthRelease,news_reviews_00112,1,Small study in mice wrongly claimed to advance human alcoholism treatment,Drug shown to reverse brain deficits caused by alcohol,Queensland University of Technology,https://www.eurekalert.org/pub_releases/2018-02/quot-dst020718.php,https://www.healthnewsreview.org/news-release-review/small-study-in-mice-wrongly-claimed-to-advance-human-alcoholism-treatment/
HealthRelease,news_reviews_00113,2,NYU Langone calls MS drug study ‘practice changing’ before results even published,Extending dosing intervals reduces deadly side effect risk from multiple sclerosis drug,NYU Langone Health / NYU School of Medicine,https://www.eurekalert.org/pub_releases/2018-02/nlh-edi020218.php,https://www.healthnewsreview.org/news-release-review/nyu-langone-calls-ms-drug-study-practice-changing-before-results-even-published/
HealthRelease,news_reviews_00114,2,News release trumpets kidney transplant procedure that was tested on just one patient,Device Keeps Donor Kidneys Healthy Outside the Body Until Transplant,University Health Network,http://www.newswise.com/articles/device-keeps-donor-kidneys-healthy-outside-the-body-until-transplant,https://www.healthnewsreview.org/news-release-review/news-release-trumpets-kidney-procedure-thats-only-been-performed-on-just-one-patient/
HealthRelease,news_reviews_00115,1,"Announcement on omega-3s suggests without evidence that fish oil prevents, treats breast cancer","Choose Omega-3s from fish over flax for cancer prevention, study finds ",University of Guelph,https://www.eurekalert.org/pub_releases/2018-01/uog-cof012618.php,https://www.healthnewsreview.org/news-release-review/announcement-on-omega-3s-suggests-without-evidence-that-fish-oil-prevents-treats-breast-cancer/
HealthRelease,news_reviews_00116,3,New technique for breast reconstruction in older women sounds promising but questions remain,Direct-to-implant breast reconstruction provides good results in older women ,Wolters Kluwer Health,https://www.eurekalert.org/pub_releases/2018-01/wkh-dbr013018.php,https://www.healthnewsreview.org/news-release-review/new-technique-for-breast-reconstruction-in-older-women-sounds-promising-but-questions-remain/
HealthRelease,news_reviews_00117,3,"Summary of stroke clot removal treatment skimps on harms, evidence",Prompt clot-grabbing treatment produces better stroke outcomes,American Heart Association,https://www.eurekalert.org/pub_releases/2018-01/aha-pct011618.php,https://www.healthnewsreview.org/news-release-review/summary-of-stroke-clot-removal-treatment-skimps-on-harms-evidence/
HealthRelease,news_reviews_00118,4,Announcement on cavity prevention study acknowledges high dropout rate,Cavity prevention approach effectively reduces tooth decay ,University of California - San Francisco,https://www.eurekalert.org/pub_releases/2018-01/uoc--cpa011918.php,https://www.healthnewsreview.org/news-release-review/announcement-on-cavity-prevention-study-acknowledges-high-dropout-rate/
HealthRelease,news_reviews_00119,1,Recap of curcumin research inflates impact of very small study,"Curcumin Improves Memory and Mood, New UCLA Study Says ","University of California, Los Angeles (UCLA), Health Sciences",https://www.newswise.com/articles/curcumin-improves-memory-and-mood%2C-new-ucla-study-says,https://www.healthnewsreview.org/news-release-review/recap-of-curcumin-research-inflates-impact-of-very-small-study/
HealthRelease,news_reviews_00120,3,Summary of app geared at monitoring postoperative wounds veers into unstudied territory,Postoperative wound monitoring app can reduce readmissions and improve patient care,American College of Surgeons,https://www.eurekalert.org/pub_releases/2018-01/acos-pwm011918.php,https://www.healthnewsreview.org/news-release-review/summary-of-app-geared-at-monitoring-postoperative-wounds-veers-into-unstudied-territory/
HealthRelease,news_reviews_00121,2,"Memory, learning benefits from adding prebiotics to infant formula – for piglets",Prebiotics in infant formula could improve learning and memory and alter brain chemistry.,"University of Illinois College of Agricultural, Consumer and Environmental Sciences",https://www.eurekalert.org/pub_releases/2018-01/uoic-pii011718.php,https://www.healthnewsreview.org/news-release-review/memory-learning-benefits-from-adding-prebiotics-to-infant-formula-for-piglets/
HealthRelease,news_reviews_00122,3,Recap of study on weight-loss surgery strengthened by transparency on limitations,Weight-loss surgery associated with lower rate of death ,JAMA,https://www.eurekalert.org/pub_releases/2018-01/jn-wsa011118.php,https://www.healthnewsreview.org/news-release-review/recap-of-study-on-weight-loss-surgery-strengthened-by-transparency-on-limitations/
HealthRelease,news_reviews_00123,2,Small studies belie Boston Scientific’s claims about safety and effectiveness of spinal cord stimulation, Boston Scientific Receives U.S. FDA Approval for Spectra WaveWriter™ Spinal Cord Stimulator System ,Boston Scientific,https://www.prnewswire.com/news-releases/boston-scientific-receives-us-fda-approval-for-spectra-wavewriter-spinal-cord-stimulator-system-300581107.html,https://www.healthnewsreview.org/news-release-review/small-studies-belie-boston-scientifics-claims-about-safety-and-effectiveness-of-spinal-cord-stimulation/
HealthRelease,news_reviews_00124,2,"Vague summary hints at ‘selective cancer treatment’ using stinging nettles, but the trial was in a test tube",Cancer targeted with reusable 'stinging nettle' treatment ,University of Warwick,https://www.eurekalert.org/pub_releases/2018-01/uow-ctw010918.php,https://www.healthnewsreview.org/news-release-review/vague-summary-hints-at-selective-cancer-treatment-using-stinging-nettles-but-the-trial-was-in-a-test-tube/
HealthRelease,news_reviews_00125,3,"Exercise is good for you, but did this study actually show it can ‘reverse damage from heart aging’?", Proper exercise can reverse damage from heart aging,UT Southwestern Medical Center,https://www.eurekalert.org/pub_releases/2018-01/usmc-pec010418.php,https://www.healthnewsreview.org/news-release-review/proper-exercise-can-reverse-damage-heart-aging/
HealthRelease,news_reviews_00126,4,Recap of clinical trial on skin cancer treatment includes both strengths and weaknesses of the findings,"In clinical trial, cream reduces squamous cell carcinoma risk ",Brown University,https://www.eurekalert.org/pub_releases/2018-01/bu-ict010318.php,https://www.healthnewsreview.org/news-release-review/clearly-state-both-the-benefits-and-the-risks-of-using-the-medicinal-cream/
HealthRelease,news_reviews_00127,1,Summary of study on migraine surgery: ‘dramatic’ results but what about the alternatives?,"Migraine surgery produces 'dramatic improvements' in functioning, study finds",Wolters Kluwer Health,https://www.eurekalert.org/pub_releases/2018-01/wkh-msp010218.php,https://www.healthnewsreview.org/news-release-review/summary-of-study-on-migraine-dramatic-results-are-based-on-questionnaires/
HealthRelease,news_reviews_00128,3,Recap of small vitamin D study for heart disease shows fitting restraint,High doses of vitamin D rapidly reduce arterial stiffness,Medical College of Georgia at Augusta University,https://www.eurekalert.org/pub_releases/2018-01/mcog-hdo010218.php,https://www.healthnewsreview.org/news-release-review/recap-of-small-vitamin-d-study-for-heart-disease-shows-fitting-restraint/
HealthRelease,news_reviews_00129,2,Announcement on a new ‘pathway’ for multiple sclerosis treatment doesn’t lead far,Researchers find potential path to repair MS-damaged nerves,University of California - Los Angeles,https://www.eurekalert.org/pub_releases/2017-12/uoc--rfp122217.php,https://www.healthnewsreview.org/news-release-review/announcement-on-a-new-pathway-for-multiple-sclerosis-treatment-doesnt-lead-far/
HealthRelease,news_reviews_00130,2,Eat more fish for higher IQ? Announcement skips limitations of an observational study,"Weekly fish consumption linked to better sleep, higher IQ",University of Pennsylvania,https://www.eurekalert.org/pub_releases/2017-12/uop-wfc121917.php,https://www.healthnewsreview.org/news-release-review/observational-study-linking-fish-with-higher-iq-and-improved-sleep-ignores-limitations/
HealthRelease,news_reviews_00131,4,Recap of hip fracture screening study takes balanced approach on a serious health issue, Screening could prevent a quarter of hip fractures in older women,University of Birmingham,https://www.eurekalert.org/pub_releases/2017-12/uob-scp121917.php,https://www.healthnewsreview.org/news-release-review/recap-of-hip-fracture-screening-study-takes-balanced-approach-on-a-serious-health-issue/
HealthRelease,news_reviews_00132,2,16-person study too small to claim that seated desk exercise is beneficial,Can you burn calories while sitting at a desk?,University of Illinois at Chicago,https://today.uic.edu/can-you-burn-calories-while-sitting-at-a-desk,https://www.healthnewsreview.org/news-release-review/16-person-study-too-small-to-claim-that-seated-desk-exercise-is-beneficial/
HealthRelease,news_reviews_00133,2,Having a double chin isn’t a disease. But Allergan summary of treatment for it disease mongers anyway,Allergan Receives FDA Clearance For the CoolSculpting® Treatment To Improve Appearance Of Lax Tissue In The Double Chin ,Allergan,https://www.prnewswire.com/news-releases/allergan-receives-fda-clearance-for-the-coolsculpting-treatment-to-improve-appearance-of-lax-tissue-in-the-double-chin-300570078.html,https://www.healthnewsreview.org/news-release-review/having-a-double-chin-isnt-a-disease-but-allergan-summary-of-treatment-for-it-disease-mongers-anyway/
HealthRelease,news_reviews_00134,3,"No data to back up claim that soy, kale and broccoli reduce breast cancer treatment side effects","Soy, cruciferous vegetables associated with fewer common breast cancer treatment side effects – Georgetown University Medical Center",Georgetown University Medical Center,https://www.eurekalert.org/pub_releases/2017-12/gumc-scv120817.php,https://www.healthnewsreview.org/news-release-review/no-data-to-back-up-claim-that-soy-kale-and-broccoli-reduce-breast-cancer-treatment-side-effects/
HealthRelease,news_reviews_00135,1,Marijuana may slow mental decline ‘in up to 50 percent of HIV patients’? Bold claim unsupported by research,Marijuana May Help HIV Patients Keep Mental Stamina Longer ,Michigan State University,https://www.newswise.com/articles/marijuana-may-help-hiv-patients-keep-mental-stamina-longer,https://www.healthnewsreview.org/news-release-review/marijuana-can-slow-mental-decline-in-up-to-50-percent-of-hiv-patients-bold-claim-is-unsupported-by-the-research/
HealthRelease,news_reviews_00136,2,Kerastem gives thin summary of phase 2 hair growth procedure results,Kerastem Reports Successful US Phase II Hair Growth Clinical Trial Results,Kerastem,https://www.prnewswire.com/news-releases/english-releases/kerastem-reports-successful-us-phase-ii-hair-growth-clinical-trial-results-300568170.html,https://www.healthnewsreview.org/news-release-review/kerastem-gives-thin-summary-of-phase-2-hair-growth-procedure-results/
HealthRelease,news_reviews_00137,2,Newcastle U’s second take on type 2 diabetes research still comes up short,Type 2 diabetes is not for life,Newcastle University,http://www.ncl.ac.uk/press/news/2017/12/directstudy/,https://www.healthnewsreview.org/news-release-review/newcastle-us-second-take-on-type-2-diabetes-research-still-comes-up-short/
HealthRelease,news_reviews_00138,2,New low back pain treatment is ‘extraordinary?’ RSNA summary is short on evidence,Minimally invasive treatment provides relief from back pain,Radiological Society of North America,https://www.eurekalert.org/pub_releases/2017-11/rson-mit111617.php,https://www.healthnewsreview.org/news-release-review/new-low-back-pain-treatment-is-extraordinary-rsna-summary-is-short-on-evidence/
HealthRelease,news_reviews_00139,1,Recap of abbreviated breast MRI study veers into disease mongering,Abbreviated breast MRI may be additional screening option for dense breasts ,University of Pennsylvania School of Medicine,https://www.eurekalert.org/pub_releases/2017-11/uops-abm112717.php,https://www.healthnewsreview.org/news-release-review/abbreviated-breast-mri-may-additional-screening-option-dense-breasts/
HealthRelease,news_reviews_00140,3,Preliminary research shows cinnamon not yet ready as a weight loss aid,Cinnamon turns up the heat on fat cells,University of Michigan,https://www.eurekalert.org/pub_releases/2017-11/uom-ctu112017.php,https://www.healthnewsreview.org/news-release-review/cinnamon-turns-heat-fat-cells/
HealthRelease,news_reviews_00141,1,Loyola U makes data-free claim that a ‘simple’ heart test can distinguish between major depression and bipolar disorder,"Simple Electrocardiogram Can Determine Whether a Patient Has Major Depression or Bipolar Disorder, Study Finds",Loyola Medicine,http://mailchi.mp/ed3eb5148db0/simple-electrocardiogram-can-determine-whether-a-patient-has-major-depression-or-bipolar-disorder-study-finds?e=4283fcaf6b,https://www.healthnewsreview.org/news-release-review/loyola-u-makes-data-free-claim-that-a-simple-heart-test-can-distinguish-between-major-depression-and-bipolar-disorder/
HealthRelease,news_reviews_00142,1,Sleep medicine group misses opportunity to inform readers about sleep apnea therapy,Study shows therapy improves quality of life in people who have sleep apnea. ,American Academy of Sleep Medicine,https://www.eurekalert.org/pub_releases/2017-11/aaos-sst111617.php,https://www.healthnewsreview.org/news-release-review/sleep-medicine-group-misses-opportunity-to-inform-readers-about-sleep-apnea-therapy/
HealthRelease,news_reviews_00143,2,"Bold claims, no facts mar announcement on enriched omega-3 chicken feed"," Devenish Announces World's First Naturally Enriched Omega-3 Chicken and Eggs With Proven Health Claims - Likely to Reduce Risk of Heart Attack, Stroke, Dementia and Depression",Devenish,https://www.prnewswire.com/news-releases/devenish-announces-worlds-first-naturally-enriched-omega-3-chicken-and-eggs-with-proven-health-claims---likely-to-reduce-risk-of-heart-attack-stroke-dementia-and-depression-300555750.html,https://www.healthnewsreview.org/news-release-review/bold-claims-no-facts-mar-announcement-on-enriched-omega-3-chicken-feed/
HealthRelease,news_reviews_00144,3,Study testing late clot removal in stroke is important but not a “breakthrough” or “paradigm shift”,Landmark study may impact standard stroke treatment guidelines,Emory University,https://www.eurekalert.org/pub_releases/2017-11/ehs-lsm111017.php,https://www.healthnewsreview.org/news-release-review/study-testing-late-clot-removal-in-stroke-is-important-but-not-a-breakthrough-or-paradigm-shift/
HealthRelease,news_reviews_00145,4,Time to retire the Pap test? Strong study recap explores the trade-offs,HPV testing is better than the Pap test at detecting cervical cancer ,Oxford University Press USA,https://www.eurekalert.org/pub_releases/2017-11/oupu-hti111317.php,https://www.healthnewsreview.org/news-release-review/time-to-retire-the-pap-test-strong-study-recap-explores-the-trade-offs/
HealthRelease,news_reviews_00146,1,‘Breakthrough’ for enlarged prostates? Northwestern’s aggressive PR pitch lacks data and context,Northwestern Medicine offers new Minimally Invasive Breakthrough Treatment for Enlarged Prostate,Northwestern Medicine,https://www.prnewswire.com/news-releases/northwestern-medicine-offers-new-minimally-invasive-breakthrough-treatment-for-enlarged-prostate-300552589.html,https://www.healthnewsreview.org/news-release-review/northwestern-medicine-offers-new-minimally-invasive-breakthrough-treatment-enlarged-prostate/
HealthRelease,news_reviews_00147,3,"Opioids and non-opioid analgesics may work equally in the ER, but questions remain",No significant difference in pain relief for opioids vs. non-opioid analgesics for treating arm or leg pain ,The JAMA Network Journals,https://www.eurekalert.org/pub_releases/2017-11/tjnj-nsd110317.php,https://www.healthnewsreview.org/news-release-review/opioids-and-non-opioid-analgesics-may-work-equally-in-the-er-but-questions-remain/
HealthRelease,news_reviews_00148,2,University asks readers to take leap of faith that antibiotic tested only in the lab is a ‘breakthrough’,Scientists make significant breakthrough on superbug-killing antibiotic teixobactin,University of Lincoln,https://www.eurekalert.org/pub_releases/2017-11/uol-sms110617.php,https://www.healthnewsreview.org/news-release-review/university-asks-readers-to-take-leap-of-faith-that-antibiotic-tested-only-in-the-lab-is-a-breakthrough/
HealthRelease,news_reviews_00149,3,Promo on weight training for seniors study needed some safety caveats,"Lose fat, preserve muscle: Weight training beats cardio for older adults",Wake Forest University,https://www.eurekalert.org/pub_releases/2017-11/wfu-lfp110117.php,https://www.healthnewsreview.org/news-release-review/promo-on-weight-training-for-seniors-study-needed-some-safety-caveats/
HealthRelease,news_reviews_00150,2,‘Breakthrough’ in multiple sclerosis diagnostic? Not so fast.,Research pinpoints powerful biomarker of multiple sclerosis,University of Sydney,https://www.eurekalert.org/pub_releases/2017-10/uos-rpp102917.php,https://www.healthnewsreview.org/news-release-review/breakthrough-in-multiple-sclerosis-diagnostic-not-so-fast/
HealthRelease,news_reviews_00151,3,Recap of new surgical device for breast lesions skips all evidence,Using Radar to Make Breast Surgery Easier for Women,Rush University Medical Center,https://www.newswise.com/articles/using-radar-to-make-breast-surgery-easier-for-women,https://www.healthnewsreview.org/news-release-review/recap-of-new-surgical-device-for-breast-lesions-skips-all-evidence/
HealthRelease,news_reviews_00152,3,Study of 20 men too small to claim ‘long-term improvement’ after rotary cuff repair,Good long-term improvement after 'reverse' shoulder replacement in patients under 60 ,Wolters Kluwer Health,https://www.eurekalert.org/pub_releases/2017-10/wkh-gli102617.php,https://www.healthnewsreview.org/news-release-review/study-of-20-men-too-small-to-claim-long-term-improvement-after-rotary-cuff-repair-in-men-under-60/
HealthRelease,news_reviews_00153,2,"Benefits, evidence, cost and harms all missing from recap of genetic test for breast cancer patients",Genetic test could help fight secondary breast cancer,University of Sheffield,https://www.sheffield.ac.uk/news/nr/secondary-breast-cancer-genetic-tes-1.740458,https://www.healthnewsreview.org/news-release-review/benefits-evidence-cost-and-harms-all-missing-from-recap-of-genetic-test-for-breast-cancer-patients/
HealthRelease,news_reviews_00154,4,Props for mostly cautious description of preliminary study on pancreatic cancer treatment,Early data shows nearly 2x prolonged median survival for inoperable pancreatic cancer ,ViewRay,https://www.eurekalert.org/pub_releases/2017-10/v-eds101917.php,https://www.healthnewsreview.org/news-release-review/props-for-mostly-cautious-description-on-preliminary-study-on-pancreatic-cancer-treatment/
HealthRelease,news_reviews_00155,2,"Stem cell procedure marketed for erectile dysfunction, with no evidence",Creative Medical Technology Holdings Announces Commercialization of patented Stem Cell Procedure for Erectile Dysfunction ,Creative Medical Technology Holdings,https://www.prnewswire.com/news-releases/creative-medical-technology-holdings-announces-commercialization-of-patented-stem-cell-procedure-for-erectile-dysfunction-300539944.html,https://www.healthnewsreview.org/news-release-review/stem-cell-procedure-marketed-for-erectile-dysfunction-with-no-evidence/
HealthRelease,news_reviews_00156,2,With a growing number of trials exploring intermittent fasting in people it’s not clear what this mice study brings to the table,On-and-off fasting helps fight obesity,Springer,https://www.eurekalert.org/pub_releases/2017-10/s-ofh101717.php,https://www.healthnewsreview.org/news-release-review/with-a-growing-number-of-trials-exploring-intermittent-fasting-in-people-its-not-clear-what-this-mice-study-brings-to-the-table/
HealthRelease,news_reviews_00157,3,"Announcement on phase 1 leprosy vaccine trial suffers from hyperbole, lack of evidence",Promising New Leprosy Vaccine Moves Into Human Trials,Infectious Disease Research Institute,http://www.prnewswire.com/news-releases/promising-new-leprosy-vaccine-moves-into-human-trials-300535487.html,https://www.healthnewsreview.org/news-release-review/announcement-on-phase-1-leprosy-vaccine-trial-suffers-from-hyperbole-lack-of-evidence/
HealthRelease,news_reviews_00158,3,UCSF offers cautious recap but equates surrogate markers with clinical outcomes in MS drug study,Allergy drug improves function in patients with chronic injury from multiple sclerosis,University of California - San Francisco,https://www.eurekalert.org/pub_releases/2017-10/uoc--ad100917.php,https://www.healthnewsreview.org/news-release-review/ucsf-offers-cautious-recap-but-equates-surrogate-markers-with-clinical-outcomes-in-ms-drug-study/
HealthRelease,news_reviews_00159,3,Journal gives balanced look at comparative harms from analgesics given to children after surgery,Ibuprofen better choice over oral morphine for pain relief in children after minor surgery ,Canadian Medical Association Journal,https://www.eurekalert.org/pub_releases/2017-10/cmaj-ibc100417.php,https://www.healthnewsreview.org/news-release-review/journal-gives-balanced-look-at-comparative-harms-from-analgesics-given-to-children-after-surgery/
HealthRelease,news_reviews_00160,3,Some data would have given weight to BMJ’s recap of multivitamins and autism study,Multivitamins in pregnancy may be linked to lower autism risk in children,BMJ,http://www.bmj.com/company/newsroom/multivitamins-in-pregnancy-may-be-linked-to-lower-autism-risk-in-children/,https://www.healthnewsreview.org/news-release-review/some-data-would-have-given-weight-to-bmjs-recap-of-multivitamins-and-autism-study/
HealthRelease,news_reviews_00161,2,‘In mice’ missing from headline touting black tea weight loss benefits,"Black tea may help with weight loss, too",University of California - Los Angeles Health Sciences,https://www.eurekalert.org/pub_releases/2017-10/uoc--btm100317.php,https://www.healthnewsreview.org/news-release-review/black-tea-may-help-weight-loss/
HealthRelease,news_reviews_00162,3,"Spin Alert: GW claims text program helps pregnant women quit smoking, but study found no benefit",Text messaging program may help pregnant women kick the smoking habit,George Washington University,https://www.eurekalert.org/pub_releases/2017-10/gwu-tmp092917.php,https://www.healthnewsreview.org/news-release-review/spin-alert-gw-claims-text-program-helps-pregnant-women-quit-smoking-but-study-found-no-benefit/
HealthRelease,news_reviews_00163,2,Observational study on cooling treatment for reducing epilepsy in newborns: what’s new?,Cooling treatment reduces epilepsy in children,University of Bristol,https://www.eurekalert.org/pub_releases/2017-10/uob-ctr100317.php,https://www.healthnewsreview.org/news-release-review/observational-study-on-cooling-treatment-for-reducing-epilepsy-in-newborns-whats-new/
HealthRelease,news_reviews_00164,4,Washington University offers strong recap of study using genetic testing to determine safe dosing of warfarin,Genetic testing helps set safe dose of common blood thinner,Washington University School of Medicine,https://www.eurekalert.org/pub_releases/2017-09/wuso-gth092117.php,https://www.healthnewsreview.org/news-release-review/washington-university-offers-strong-recap-of-study-using-genetic-testing-to-determine-safe-dosing-of-warfarin/
HealthRelease,news_reviews_00165,2,Stimulant for treating pediatric ADHD performed better than placebo. Is that news?,New delayed-release stimulant improves morning ADHD symptoms and all-day functioning,"Mary Ann Liebert, Inc./Genetic Engineering News",https://www.eurekalert.org/pub_releases/2017-09/mali-nds092517.php,https://www.healthnewsreview.org/news-release-review/stimulant-for-treating-pediatric-adhd-performed-better-than-placebo-is-that-news/
HealthRelease,news_reviews_00166,3,Meta-analysis ‘affirms’ cranberries’ role in healthy urinary tract? Depends on the studies,Comprehensive meta-analysis affirms cranberries' role in promoting a healthy urinary tract ,Cranberry Institute,https://www.eurekalert.org/pub_releases/2017-09/pc-cma091817.php,https://www.healthnewsreview.org/news-release-review/meta-analysis-affirms-cranberries-role-in-healthy-urinary-tract-depends-on-the-studies/
HealthRelease,news_reviews_00167,3,Summary of studies on sleep deprivation didn’t caution that depression benefits are short lived,Sleep deprivation is an effective anti-depressant for nearly half of depressed patients ,University of Pennsylvania School of Medicine,https://www.eurekalert.org/pub_releases/2017-09/uops-sdi091917.php,https://www.healthnewsreview.org/news-release-review/summary-of-studies-on-sleep-deprivation-didnt-caution-that-depression-benefits-are-short-lived/
HealthRelease,news_reviews_00168,2,Bodycad claims untested 3D printed knee replacements offer ‘improved clinical outcomes’,Bodycad Announces First Use of Its Unicompartmental Knee System in Patients ,Bodycad,http://www.prnewswire.com/news-releases/english-releases/bodycad-announces-first-use-of-its-unicompartmental-knee-system-in-patients-300519816.html,https://www.healthnewsreview.org/news-release-review/bodycad-claims-untested-3d-printed-knee-replacements-offer-improved-clinical-outcomes/
HealthRelease,news_reviews_00169,2,Superiority of LED lights over sunlight in producing Vitamin D3 not proven in tissue samples alone,"LED lights safer, more effective in producing Vitamin D3 than sunlight ",Boston University School of Medicine,https://www.eurekalert.org/pub_releases/2017-09/buso-lls091317.php,https://www.healthnewsreview.org/news-release-review/superiority-of-led-lights-over-sunlight-in-producing-vitamin-d3-not-proven-in-tissue-samples-alone/
HealthRelease,news_reviews_00170,4,"U of Pittsburgh recap of COPD drug study touts ‘statistically significant’ results, but are they meaningful to patients?",Therapy proves effective in subgroup of COPD patients ,University of Pittsburgh Schools of the Health Sciences,https://www.eurekalert.org/pub_releases/2017-09/uops-tpe091117.php,https://www.healthnewsreview.org/news-release-review/u-of-pittsburgh-recap-of-copd-drug-study-touts-statistically-significant-results-but-are-they-meaningful-to-patients/
HealthRelease,news_reviews_00171,2,Announcement on fortified food for acute malnutrition neglects to mention patents held by study authors,New research to treat acute malnutrition,Faculty of Science - University of Copenhagen,https://www.eurekalert.org/pub_releases/2017-09/fos--nrt091117.php,https://www.healthnewsreview.org/news-release-review/announcement-on-fortified-food-for-acute-malnutrition-neglects-to-mention-patents-held-by-study-authors/
HealthRelease,news_reviews_00172,3,Tufts recap of exercise in the elderly study notes benefits but lacks needed details,"Small increases in physical activity reduce immobility, disability risks in older adults ","Tufts University, Health Sciences Campus",https://www.eurekalert.org/pub_releases/2017-09/tuhs-sii091117.php,https://www.healthnewsreview.org/news-release-review/tufts-recap-of-exercise-in-the-elderly-study-notes-benefits-but-lacks-needed-details/
HealthRelease,news_reviews_00173,2,"Little studied joint pain therapy stresses celebrity endorsement, not evidence"," Arthrokinex Announces IRAPjoint Product, a Non-Drug, Non-Surgical Joint Pain Management Solution Made From Your Own Blood. ","Arthrokinex, LLC",http://www.prnewswire.com/news-releases/arthrokinex-announces-irapjoint-product-a-non-drug-non-surgical-joint-pain-management-solution-made-from-your-own-blood-300515350.html,https://www.healthnewsreview.org/news-release-review/little-studied-joint-pain-therapy-stresses-celebrity-endorsement-not-evidence/
HealthRelease,news_reviews_00174,1,"Summary of early Parkinson’s drug study claims there’s proof, but that’s misleading",Longtime antidepressant could slow Parkinson's,Michigan State University,https://www.eurekalert.org/pub_releases/2017-09/msu-lac090517.php,https://www.healthnewsreview.org/news-release-review/summary-of-parkinsons-drug-study-claims-theres-proof-but-thats-misleading/
HealthRelease,news_reviews_00175,3,Schizophrenia treatment announcement aptly summarizes benefits and evidence,Scientists discover and target brain area in patients with schizophrenia who 'hear voices' ,European College of Neuropsychopharmacology,https://www.eurekalert.org/pub_releases/2017-09/econ-sda083117.php,https://www.healthnewsreview.org/news-release-review/schizophrenia-treatment-announcement-aptly-summarizes-benefits-and-evidence/
HealthRelease,news_reviews_00176,2,"Red sage as an osteoporosis ‘treatment?’ Benefits shown in six mice, not people",New osteoporosis treatment uses traditional Chinese herb to prevent bone loss,University of British Columbia,https://www.eurekalert.org/pub_releases/2017-08/uobc-not082817.php,https://www.healthnewsreview.org/news-release-review/red-sage-as-a-treatment-for-osteoporosis-benefits-shown-in-six-mice-not-people/
HealthRelease,news_reviews_00177,2,BYU announcement plays readers with far-fetched idea that chocolate can prevent diabetes,Compounds in cocoa may help delay onset of type 2 diabetes,Brigham Young University,https://www.eurekalert.org/pub_releases/2017-08/byu-cic082717.php,https://www.healthnewsreview.org/news-release-review/byu-announcement-plays-readers-with-far-fetched-idea-that-chocolate-can-prevent-diabetes/
HealthRelease,news_reviews_00178,3,"Big Raspberry’s mish-mash of animal, lab dish and human studies reveals little about health benefits of raspberries",Studies explore the potential benefits of red raspberries,National Processed Raspberry Council,https://www.eurekalert.org/pub_releases/2017-08/wh-set082417.php,https://www.healthnewsreview.org/news-release-review/big-raspberrys-mish-mash-of-animal-lab-dish-and-human-studies-reveals-little-about-health-benefits-of-raspberries/
HealthRelease,news_reviews_00179,1,Can we have some data along with the advice to breast cancer survivors for managing menopausal symptoms?,New recommendations for managing menopausal symptoms in breast cancer survivors,Endocrine Society,https://www.eurekalert.org/pub_releases/2017-08/tes-nrf082117.php,https://www.healthnewsreview.org/news-release-review/can-we-have-some-data-along-with-the-advice-to-breast-cancer-survivors-for-managing-menopausal-symptoms/
HealthRelease,news_reviews_00180,3,Vegetarian diet study recap avoids cause-and-effect language but veers off into speculation,New meta-analysis finds a plant-based vegetarian diet is associated with lower cholesterol ,Physicians Committee for Responsible Medicine,https://www.eurekalert.org/pub_releases/2017-08/pcfr-nmf082117.php,https://www.healthnewsreview.org/news-release-review/diet-study-recap-avoids-cause-and-effect-language-but-relies-too-heavily-on-anecdote/
HealthRelease,news_reviews_00181,3,"Retinal imaging detects biomarker for Alzheimer’s: Novel yes, but practical?",Clinical study shows that retinal imaging may detect signs of Alzheimer's disease,NeuroVision Imaging LLC/Public Relations Pacific LLC,https://www.eurekalert.org/pub_releases/2017-08/prpl-css082217.php,https://www.healthnewsreview.org/news-release-review/retinal-imaging-detects-biomarker-for-alzheimers-novel-yes-but-practical/
HealthRelease,news_reviews_00182,3,Recap of safest sedation method for children needed a few more numbers for context,CHEO researchers identify practices leading to safer outcomes in procedural sedation for children ,Children's Hospital of Eastern Ontario Research Institute,https://www.eurekalert.org/pub_releases/2017-08/choe-cri082117.php,https://www.healthnewsreview.org/news-release-review/recap-of-safest-sedation-method-for-children-needed-a-few-more-numbers-for-context/
HealthRelease,news_reviews_00183,3,A meta-analysis of treatment statistics is no ‘breakthrough in the treatment of anal cancer’, Specialists make breakthrough in the treatment of anal cancer,University of Manchester,https://www.eurekalert.org/pub_releases/2017-08/uom-smb081617.php,https://www.healthnewsreview.org/news-release-review/a-meta-analysis-of-treatment-statistics-is-no-breakthrough-in-the-treatment-of-anal-cancer/
HealthRelease,news_reviews_00184,3,Six patient samples hailed as evidence that experimental blood test may ‘transform’ cancer treatment,New blood test may transform the way cancer is monitored and treated,Elsevier,https://www.eurekalert.org/pub_releases/2017-08/e-nbt081117.php,https://www.healthnewsreview.org/news-release-review/six-patient-samples-hailed-as-evidence-that-experimental-blood-test-may-transform-cancer-treatment/
HealthRelease,news_reviews_00185,2,Findings from a rat heart study can’t be extrapolated to people,"Cardiac stem cells from young hearts could rejuvenate old hearts, new study shows ",Cedars-Sinai Medical Center,https://www.eurekalert.org/pub_releases/2017-08/cmc-csc081017.php,https://www.healthnewsreview.org/news-release-review/findings-from-a-rat-heart-study-cant-be-extrapolated-to-people/
HealthRelease,news_reviews_00186,2,Claims that niacin prevents miscarriages in humans grossly exaggerated,Historic Discovery Promises to Prevent Miscarriages and Birth Defects Globally ,Victor Chang Cardiac Research Institute,https://www.victorchang.edu.au/pregnancy-breakthrough,https://www.healthnewsreview.org/news-release-review/claims-that-niacin-prevents-miscarriages-in-humans-grossly-exaggerated/
HealthRelease,news_reviews_00187,1,Two-week study doesn’t move the dial beyond what is already known about hot pepper extract and metabolism,New study shows supplementation of capsicum extract helps increase metabolic rate,OmniActive Health Technologies,https://www.eurekalert.org/pub_releases/2017-08/oht-nss080717.php,https://www.healthnewsreview.org/news-release-review/two-week-study-doesnt-move-the-dial-beyond-what-is-already-known-about-hot-pepper-extract-and-metabolism/
HealthRelease,news_reviews_00188,2,Ohio State’s claim of a research ‘breakthrough’ buries key info: it’s not in people,Breakthrough device heals organs with a single touch ,Ohio State University Wexner Medical Center,https://www.eurekalert.org/pub_releases/2017-08/m-bdh080317.php,https://www.healthnewsreview.org/news-release-review/ohio-states-claim-of-a-research-breakthrough-buries-key-info-its-not-in-people/
HealthRelease,news_reviews_00189,3,Claims but no context in summary of resistance training as a treatment for multiple sclerosis, Resistance training may slow down the progression of multiple sclerosis,Aarhus University,https://www.eurekalert.org/pub_releases/2017-08/au-rtm073117.php,https://www.healthnewsreview.org/news-release-review/claims-but-no-context-in-summary-of-resistance-training-as-a-treatment-for-multiple-sclerosis/
HealthRelease,news_reviews_00190,1,Baylor should put the brakes on claims based on a tiny study of breast cancer and extrapolated benefits,"A new HER2 mutation, a clinical trial and a promising diagnostic tool for metastatic breast cancer ",Baylor College of Medicine,https://www.eurekalert.org/pub_releases/2017-08/bcom-anh080117.php,https://www.healthnewsreview.org/news-release-review/baylor-should-put-the-brakes-on-claims-based-on-a-tiny-study-of-breast-cancer-and-extrapolated-benefits/
HealthRelease,news_reviews_00191,1,"University announces plans to license over-the-counter treatment for ‘wasting disease’ in people, based on unpublished mice study","Oregano, Thyme May Hold the Cure for Wasting Syndrome Disease",University of Iowa,https://www.newswise.com/articles/oregano-thyme-may-hold-the-cure-for-wasting-syndrome-disease,https://www.healthnewsreview.org/news-release-review/university-announces-plans-to-license-treatment-for-wasting-disease-in-people-based-on-mice-study/
HealthRelease,news_reviews_00192,2,"No, finding a biomarker does not translate to ‘better treatments for CF patients’",Scientists discover biomarkers which could lead to better treatments for CF patients,McMaster University,https://www.eurekalert.org/pub_releases/2017-07/mu-sdb072717.php,https://www.healthnewsreview.org/news-release-review/no-finding-a-biomarker-does-not-translate-to-better-treatments-for-cf-patients/
HealthRelease,news_reviews_00193,2,Too soon to claim nanoparticles loaded with curcumin are a weapon against childhood cancer,Nanoparticles loaded with component of common spice kill cancer cells,University of Central Florida,https://www.eurekalert.org/pub_releases/2017-07/uocf-nlw072517.php,https://www.healthnewsreview.org/news-release-review/too-soon-to-claim-nanoparticles-loaded-with-curcumin-are-a-weapon-against-childhood-cancer/
HealthRelease,news_reviews_00194,2,"Ketamine for depression? 16-person study, described as ‘promising,’ should have been treated more carefully",World-first ketamine trial shows promise for geriatric depression,University of New South Wales,https://www.eurekalert.org/pub_releases/2017-07/uons-wkt072117.php,https://www.healthnewsreview.org/news-release-review/ketamine-for-depression/
HealthRelease,news_reviews_00195,4,MD Anderson gives proton therapy careful treatment in study recap,"Concurrent chemotherapy, proton therapy improves survival in patients with advanced lung cancer ",University of Texas M. D. Anderson Cancer Center,https://www.eurekalert.org/pub_releases/2017-07/uotm-ccp072017.php,https://www.healthnewsreview.org/news-release-review/md-anderson-gives-proton-therapy-careful-treatment-in-study-recap/
HealthRelease,news_reviews_00196,3,Summary of laser treatment for eye floaters promotes potentially unwarranted use,Laser Treatment Reduces Eye Floaters,The JAMA Network,https://media.jamanetwork.com/news-item/laser-treatment-reduces-eye-floaters/,https://www.healthnewsreview.org/news-release-review/summary-of-laser-treatment-for-eye-floaters-promotes-potentially-unwarranted-use/
HealthRelease,news_reviews_00197,3,Balanced summary of iron deficiency research marred by inaccurate headline,"Earlier blood testing for iron deficiency, anemia recommended for young women",Penn State,https://www.eurekalert.org/pub_releases/2017-07/ps-ebt071717.php,https://www.healthnewsreview.org/news-release-review/balanced-summary-of-iron-deficiency-research-marred-by-inaccurate-headline/
HealthRelease,news_reviews_00198,3,Moffitt goes out on a limb suggesting benefits of non-standard treatment for early stage breast cancer,Radiation prior to surgery reduces risk of secondary tumors in early-stage breast cancer,H. Lee Moffitt Cancer Center & Research Institute,https://www.eurekalert.org/pub_releases/2017-07/hlmc-rpt071717.php,https://www.healthnewsreview.org/news-release-review/moffitt-goes-out-on-a-limb-suggesting-benefits-of-non-standard-treatment-for-early-stage-breast-cancer/
HealthRelease,news_reviews_00199,2,"Bone benefits from intense participation in youth soccer not clear-cut, despite Exeter’s claims",Football boosts bone development in boys ,University of Exeter,https://www.eurekalert.org/pub_releases/2017-07/uoe-fbb071217.php,https://www.healthnewsreview.org/news-release-review/bone-benefits-from-intense-participation-in-youth-soccer-not-clear-cut-despite-exeters-claims/
HealthRelease,news_reviews_00200,2,Do ADHD meds prevent future substance abuse? An observational study can’t prove that.,"ADHD medication tied to lower risk for alcohol, drug abuse in teens and adults ",Indiana University,https://www.eurekalert.org/pub_releases/2017-07/iu-amt071217.php,https://www.healthnewsreview.org/news-release-review/adhd-meds-prevent-future-substance-abuse-observational-study-cant-prove/
HealthRelease,news_reviews_00201,1,Blood tests help diabetes patients lose weight? Show the data., Fasting blood sugar and fasting insulin identified as new biomarkers for weight loss,Faculty of Science - University of Copenhagen,https://www.eurekalert.org/pub_releases/2017-07/fos--fbs070717.php,https://www.healthnewsreview.org/news-release-review/blood-tests-help-diabetes-patients-lose-weight-show-the-data/
HealthRelease,news_reviews_00202,1,"University makes claim on anti-gravity treadmill, then runs away from evidence",Anti-gravity treadmills get patients running again after knee surgery ,University of Kent,https://www.eurekalert.org/pub_releases/2017-07/uok-atg070617.php,https://www.healthnewsreview.org/news-release-review/university-makes-claim-on-anti-gravity-treadmill-then-runs-away-from-evidence/
HealthRelease,news_reviews_00203,3,Little light shed on study of colored glasses for light sensitivity after concussion,Colored glasses may provide light sensitivity relief post-concussion,University of Cincinnati Academic Health Center,https://www.eurekalert.org/pub_releases/2017-07/uoca-cgm070317.php,https://www.healthnewsreview.org/news-release-review/little-light-shed-on-study-of-colored-glasses-for-light-sensitivity-after-concussion/
HealthRelease,news_reviews_00204,3,"We hear about the savings, but need more details on the benefits of OTC hearing aids","Certain OTC, Less Expensive Hearing Aids Provide Benefit Similar to Conventional Hearing Aid",The JAMA Network,https://www.eurekalert.org/pub_releases/2017-07/tjnj-col062917.php,https://www.healthnewsreview.org/news-release-review/we-hear-about-the-savings-but-need-more-details-on-the-benefits-of-otc-hearing-aids/
HealthRelease,news_reviews_00205,2,"Physicians recommend radiation as first-line treatment for facial pain, but where’s the data?",Radiosurgery reduces depression and improves quality of life for patients with facial pain,Elsevier,https://www.eurekalert.org/pub_releases/2017-07/e-rrd062917.php,https://www.healthnewsreview.org/news-release-review/physicians-recommend-radiation-as-first-line-treatment-for-facial-pain-but-wheres-the-data/
HealthRelease,news_reviews_00206,2,"Does magnesium treat depression as well as SSRIs? Despite claims, there’s no evidence","With health care cuts looming, low-cost magnesium a welcome option for treating depression",Larner College of Medicine at the University of Vermont,https://www.eurekalert.org/pub_releases/2017-06/lcom-whc062717.php,https://www.healthnewsreview.org/news-release-review/does-magnesium-treat-depression-as-well-as-ssris-despite-claims-theres-no-evidence/
HealthRelease,news_reviews_00207,1,Study on cochlear implant surgical techniques misnamed ‘breakthrough’,Mount Sinai researcher identifies best practices for cochlear implant hearing preservation,The Mount Sinai Hospital / Mount Sinai School of Medicine,https://www.eurekalert.org/pub_releases/2017-06/tmsh-msr062617.php,https://www.healthnewsreview.org/news-release-review/study-on-cochlear-implant-surgical-techniques-misnamed-breakthough/
HealthRelease,news_reviews_00208,3,Plant-based diet may (or may not!) protect against early menopause,Eating more vegetable protein may protect against early menopause ,University of Massachusetts at Amherst,https://www.eurekalert.org/pub_releases/2017-06/uoma-emv062217.php,https://www.healthnewsreview.org/news-release-review/plant-based-diet-may-or-may-not-protect-against-early-menopause/
HealthRelease,news_reviews_00209,3,Claim that new flu vaccine delivers 40% relative risk reduction not justified,Superior Protection by Flublok® Influenza Vaccine in Seniors Documented in New England Journal of Medicine,Protein Sciences Corporation,http://www.prnewswire.com/news-releases/superior-protection-by-flublok-influenza-vaccine-in-seniors-documented-in-new-england-journal-of-medicine-300478298.html,https://www.healthnewsreview.org/news-release-review/claim-that-new-flu-vaccine-delivers-40-relative-risk-reduction-not-justified/
HealthRelease,news_reviews_00210,2,Data-free announcement oversells “novel” heart monitoring device, First-in-Canada Implant of Novel Sensor Device for Heart Failure Patients ,University Health Network (UHN),http://www.newswise.com/articles/first-in-canada-implant-of-novel-sensor-device-for-heart-failure-patients,https://www.healthnewsreview.org/news-release-review/data-free-announcement-oversells-novel-heart-monitoring-device/
HealthRelease,news_reviews_00211,3,Key omission: Coffee-based surgical stabilizing cap never tested in actual surgeries,"How six cups of ground coffee can improve nose, throat surgery ",Vanderbilt University,https://www.eurekalert.org/pub_releases/2017-06/vu-hsc061617.php,https://www.healthnewsreview.org/news-release-review/key-omission-coffee-based-surgical-stabilizing-cap-never-tested-in-actual-surgeries/
HealthRelease,news_reviews_00212,2,Acupuncture treatment is feasible for young children — but is it beneficial?,New study from KKI shows feasibility of acupuncture in young children with ASD,"Mary Ann Liebert, Inc./Genetic Engineering News",https://www.eurekalert.org/pub_releases/2017-06/mali-nsf061917.php,https://www.healthnewsreview.org/news-release-review/parents-successfully-got-their-kids-to-acupuncture-appointments-the-end-wheres-the-evidence-this-treatment-is-beneficial/
HealthRelease,news_reviews_00213,2,Study doesn’t back claims about radiation in elderly lung cancer patients,New Data From the Elekta Lung Research Group Support the use of Stereotactic Body Radiation Therapy in Elderly Patients With Early-stage Lung Cancer ,Elekta,http://www.prnewswire.com/news-releases/new-data-from-the-elekta-lung-research-group-support-the-use-of-stereotactic-body-radiation-therapy-in-elderly-patients-with-early-stage-lung-cancer-300474628.html,https://www.healthnewsreview.org/news-release-review/study-doesnt-back-claims-about-radiation-in-elderly-lung-cancer-patients/
HealthRelease,news_reviews_00214,3,Basic numbers needed to back claims of effectiveness for insomnia therapy,Online cognitive behavioral therapy for insomnia is effective for military,University of North Texas,https://www.eurekalert.org/pub_releases/2017-06/uont-ocb061417.php,https://www.healthnewsreview.org/news-release-review/basic-numbers-needed-to-back-claims-of-effectiveness-for-insomnia-therapy/
HealthRelease,news_reviews_00215,3,Claims that uterine fibroid procedure ‘restores fertility’ aren’t backed by evidence,Uterine fibroid embolization helps restore fertility,Radiological Society of North America,https://www.eurekalert.org/pub_releases/2017-06/rson-ufe060617.php,https://www.healthnewsreview.org/news-release-review/claims-that-uterine-fibroid-procedure-restores-fertility-arent-backed-by-evidence/
HealthRelease,news_reviews_00216,2,Announcement touting vegetarian diet for fat loss doesn’t say volunteers also exercised,"Vegetarian diets almost twice as effective in reducing body weight, study finds ",Taylor & Francis Group,https://www.eurekalert.org/pub_releases/2017-06/tfg-vda061217.php,https://www.healthnewsreview.org/news-release-review/announcement-touting-vegetarian-diet-for-fat-loss-doesnt-say-volunteers-also-exercised/
HealthRelease,news_reviews_00217,2,A 16-week supplement study can’t accurately predict what a child’s weight gain will be in a year,Prebiotics reduce body fat in overweight children,American Gastroenterological Association,https://www.eurekalert.org/pub_releases/2017-06/aga-prb060717.php,https://www.healthnewsreview.org/news-release-review/a-16-week-study-of-prebiotic-supplementation-cant-accurately-predict-what-a-childs-weight-gain-will-be-in-a-year/
HealthRelease,news_reviews_00218,1,"No data, evidence included to back up claim that “bitter substances” stop preterm contractions",Bitter taste receptors may hold the key to managing preterm labor ,Federation of American Societies for Experimental Biology (FASEB),https://www.eurekalert.org/pub_releases/2017-06/foas-btr060817.php,https://www.healthnewsreview.org/news-release-review/no-data-evidence-included-to-back-up-claim-that-bitter-substances-stop-preterm-contractions/
HealthRelease,news_reviews_00219,2,A diet that prevents prostate cancer? Announcement makes a big leap from the lab table to the dinner table,Starving prostate cancer with what you eat for dinner,University of Texas at Austin,https://www.eurekalert.org/pub_releases/2017-06/uota-spc060617.php,https://www.healthnewsreview.org/news-release-review/a-diet-that-prevents-prostate-cancer-announcement-makes-a-big-leap-from-the-lab-table-to-the-dinner-table/
HealthRelease,news_reviews_00220,3,Small unpublished study touted by Mount Sinai as evidence software ‘significantly’ reduces major depression,Treating depression w/ software: Tech from Mount Sinai steps into the digital healthcare universe ,The Mount Sinai Hospital / Mount Sinai School of Medicine,https://www.eurekalert.org/pub_releases/2017-06/tmsh-tdw060217.php,https://www.healthnewsreview.org/news-release-review/small-unpublished-study-touted-by-mount-sinai-as-evidence-software-significantly-reduces-major-depression/
HealthRelease,news_reviews_00221,2,"Confusing screening and diagnosis, and over-stating the potential impact of a high-tech device for finding cervical cancer",New tech promises easier cervical cancer screening,Duke University,https://www.eurekalert.org/pub_releases/2017-05/du-ntp053117.php,https://www.healthnewsreview.org/news-release-review/confusing-screening-and-diagnosis-and-over-stating-the-potential-impact-of-a-high-tech-device-for-finding-cervical-cancer/
HealthRelease,news_reviews_00222,4,"Drug for psoriatic arthritis ‘shows promise’, but what about cost and harms?",Drug for refractory psoriatic arthritis shows promise in clinical trial,Stanford Medicine,http://med.stanford.edu/news/all-news/2017/05/drug-for-refractory-psoriatic-arthritis-shows-promise-in-clinical-trial.html,https://www.healthnewsreview.org/news-release-review/drug-refractory-psoriatic-arthritis-shows-promise-clinical-trial/
HealthRelease,news_reviews_00223,2,‘Magical’ with ‘superpowers’? This drug to fight antibiotic-resistant infection hasn’t been tested in animals or humans yet.,New Antibiotic Packs a Punch Against Bacterial Resistance,Scripps Research Institute,http://www.newswise.com/articles/new-antibiotic-packs-a-punch-against-bacterial-resistance,https://www.healthnewsreview.org/news-release-review/magical-with-superpowers-this-drug-to-fight-antibiotic-resistant-infection-hasnt-been-tested-in-animals-or-humans-yet/
HealthRelease,news_reviews_00224,4,NYU Langone adds welcome nuance in recap of study on cannabidiol for severe epilepsy,Cannabis Derivative Cannabidiol Reduces Seizures in Severe Epilepsy Disorder ,NYU Langone Medical Center,http://www.prnewswire.com/news-releases/cannabis-derivative-cannabidiol-reduces-seizures-in-severe-epilepsy-disorder-300463552.html,https://www.healthnewsreview.org/news-release-review/nyu-langone-adds-welcome-nuance-in-recap-of-study-on-cannabidiol-for-severe-epilepsy/
HealthRelease,news_reviews_00225,3,Study measured changes in the brain’s cortical thickness. But does it help people with brain injuries read and focus better?,Strategic brain training positively affects neural connectivity for individuals with TBI,Center for BrainHealth,https://www.eurekalert.org/pub_releases/2017-05/cfb-sbt052217.php,https://www.healthnewsreview.org/news-release-review/study-measured-changes-in-the-brains-cortical-thickness-but-does-it-help-people-with-brain-injuries-read-and-focus-better/
HealthRelease,news_reviews_00226,2,Examining stem cell activity in petri dishes and in rats doesn’t put us in shouting distance of a treatment for tendons,Stem cells may significantly improve tendon healing by regulating inflammation,Federation of American Societies for Experimental Biology,https://www.eurekalert.org/pub_releases/2017-05/foas-scm052317.php,https://www.healthnewsreview.org/news-release-review/examining-stem-cell-activity-in-petri-dishes-and-in-rats-doesnt-put-us-in-shouting-distance-of-a-treatment-for-tendons/
HealthRelease,news_reviews_00227,1,‘Holy grail of food allergy treatment?’ Food allergies weren’t even part of this 2-person study,New cancer drug can prevent reactions to common airborne allergens,Northwestern University,https://www.eurekalert.org/pub_releases/2017-05/nu-ncd052217.php,https://www.healthnewsreview.org/news-release-review/holy-grail-of-food-allergy-treatment-food-allergies-werent-even-part-of-this-2-person-study/
HealthRelease,news_reviews_00228,3,Small pilot study doesn’t warrant bold claim about fennel for menopause symptoms,Study confirms benefits of fennel in reducing postmenopause symptoms,The North American Menopause Society (NAMS),https://www.eurekalert.org/pub_releases/2017-05/tnam-scb051617.php,https://www.healthnewsreview.org/news-release-review/small-pilot-study-doesnt-warrant-bold-claim-about-fennel-for-menopause-symptoms/
HealthRelease,news_reviews_00229,3,Big pasta’s association study short on facts,Children and adolescents who eat pasta have better overall diet quality new research shows,National Pasta Association,https://www.eurekalert.org/pub_releases/2017-05/kc-n-caa051617.php,https://www.healthnewsreview.org/news-release-review/big-pastas-association-study-short-on-facts/
HealthRelease,news_reviews_00230,3,Even casual readers expect more than broad claims about screening tests. Where’s the data?,Study: New blood test is more accurate in predicting prostate cancer risk than PSA,Cleveland Clinic,https://www.eurekalert.org/pub_releases/2017-05/cc-snb051517.php,https://www.healthnewsreview.org/news-release-review/even-casual-readers-expect-more-than-broad-claims-about-screening-tests-wheres-the-data/
HealthRelease,news_reviews_00231,2,Test for opioid abuse risk based on problematic evidence,New Peer-Reviewed Clinical Study Successfully Validates The Use Of Proove Opioid Risk® To Predict Prescription Opioid Abuse ,"Proove Biosciences, Inc.",http://www.prnewswire.com/news-releases/new-peer-reviewed-clinical-study-successfully-validates-the-use-of-proove-opioid-risk-to-predict-prescription-opioid-abuse-300454683.html,https://www.healthnewsreview.org/news-release-review/test-for-opioid-abuse-risk-based-on-problematic-evidence/
HealthRelease,news_reviews_00232,1,"No, a pre-clinical animal trial is not a “breakthrough” for men with advanced prostate cancers",Breakthrough Study Stops Fat-Eating Prostate Cancer Cells,University of Colorado Cancer Cancer,http://www.newswise.com/articles/breakthrough-study-stops-fat-eating-prostate-cancer-cells,https://www.healthnewsreview.org/news-release-review/no-a-pre-clinical-animal-trial-is-not-a-breakthrough-for-men-with-advanced-prostate-cancers/
HealthRelease,news_reviews_00233,2,A 2-person case study can’t say much about how well a treatment works,"Stroke, MS patients walk significantly better with neural stimulation ",Case Western Reserve University,https://www.eurekalert.org/pub_releases/2017-05/cwru-smp051017.php,https://www.healthnewsreview.org/news-release-review/a-2-person-case-study-cant-say-much-about-how-well-a-treatment-works/
HealthRelease,news_reviews_00234,3,“Non-surgical” weight loss procedure? Suturing your stomach closed sounds a lot like surgery to us,"Non-surgical weight-loss treatment found safe, effective for those with limited options",Digestive Disease Week,https://www.eurekalert.org/pub_releases/2017-05/ddw-nwt050317.php,https://www.healthnewsreview.org/news-release-review/non-surgical-weight-loss-procedure-suturing-your-stomach-closed-sounds-a-lot-like-surgery-to-us/
HealthRelease,news_reviews_00235,3,"ALS drug announcement answers many questions but raises others about cost, benefits and a potential conflict of interest","MT Pharma America Announces FDA Approval of RADICAVA™ (Edaravone), the First New Treatment Option for ALS in More Than 20 Years",MT Pharma America,https://www.mt-pharma-america.com/wp-content/uploads/2017/05/MTPA-Edaravone-FDA-Decision-Press-Release_50517-FINAL-Updated.pdf,https://www.healthnewsreview.org/news-release-review/als-drug-announcement-answers-many-questions-but-raises-others-about-cost-benefits-and-a-potential-conflict-of-interest/
HealthRelease,news_reviews_00236,2,"Data-mining expedition reports striking ketamine gold, but readers shouldn’t rush to judgment", First large-scale population analysis reinforces ketamine's reputation as antidepressant ,University of California - San Diego,https://www.eurekalert.org/pub_releases/2017-05/uoc--flp042817.php,https://www.healthnewsreview.org/news-release-review/data-mining-expedition-reports-striking-ketamine-gold-but-readers-shouldnt-rush-to-judgment/
HealthRelease,news_reviews_00237,3,Zinc supplementation for colds gets free pass on harms and no mention of alternatives,Common cold duration is shortened similarly by zinc acetate and zinc gluconate lozenges ,University of Helsinki,https://www.eurekalert.org/pub_releases/2017-05/uoh-ccd050317.php,https://www.healthnewsreview.org/news-release-review/zinc-supplementation-for-colds-gets-free-pass-on-harms-and-no-mention-of-alternatives/
HealthRelease,news_reviews_00238,4,Key detail missing in FDA approval of new acute myeloid leukemia drug: How much longer do people live?,FDA approves new combination treatment for acute myeloid leukemia ,FDA,https://www.fda.gov/NewsEvents/Newsroom/PressAnnouncements/ucm555778.htm,https://www.healthnewsreview.org/news-release-review/fda-announcement-on-acute-myeloid-leukemia-treatment-needed-a-few-more-details/
HealthRelease,news_reviews_00239,3,‘Aspirin can lower risk of breast cancer’ – No mention that this was an observational study,City of Hope researchers find regular use of aspirin can lower risk of breast cancer for women ,City of Hope,https://www.eurekalert.org/pub_releases/2017-05/coh-coh050117.php,https://www.healthnewsreview.org/news-release-review/aspirin-can-lower-risk-of-breast-cancer-no-mention-that-this-was-an-observational-study/
HealthRelease,news_reviews_00240,2,16-person safety trial mistakenly framed as world’s answer to glaucoma prevention,New eye test detects earliest signs of glaucoma ,Wellcome Trust,https://www.eurekalert.org/pub_releases/2017-04/wt-net042617.php,https://www.healthnewsreview.org/news-release-review/16-person-safety-trial-mistakenly-framed-as-worlds-answer-to-glaucoma-prevention/
HealthRelease,news_reviews_00241,2,Claims aplenty despite lack of demonstrated clinical benefit from Allergan’s new device for dry eyes,"Allergan Granted Marketing Authorization by the FDA for TrueTear™, the First Intranasal Neurostimulating Device Proven to Temporarily Increase Tear Production","Allergan, plc",http://www.prnewswire.com/news-releases/allergan-granted-marketing-authorization-by-the-fda-for-truetear-the-first-intranasal-neurostimulating-device-proven-to-temporarily-increase-tear-production-300444980.html,https://www.healthnewsreview.org/news-release-review/claims-aplenty-despite-lack-of-demonstrated-clinical-benefit-from-allergans-new-device-for-dry-eyes/
HealthRelease,news_reviews_00242,3,Bold claims of a cure for drug-resistant malaria needed more explanation,Patients with drug-resistant malaria cured by plant therapy developed at WPI,Worcester Polytechnic Institute,https://www.eurekalert.org/pub_releases/2017-04/wpi-pwd042417.php,https://www.healthnewsreview.org/news-release-review/bold-claims-of-a-cure-for-drug-resistant-malaria-needed-more-explanation/
HealthRelease,news_reviews_00243,4,Johns Hopkins gives nice snapshot of study on imaging test add-on for kidney tumors,Noninvasive Imaging Test Shown Accurate in Ruling Out Kidney Cancers,Johns Hopkins Medicine,http://www.newswise.com/articles/noninvasive-imaging-test-shown-accurate-in-ruling-out-kidney-cancers,https://www.healthnewsreview.org/news-release-review/johns-hopkins-gives-nice-snapshot-of-study-on-imaging-test-add-on-for-kidney-tumors/
HealthRelease,news_reviews_00244,4,Kudos to medical group’s summary of alternative treatment for hepatitis C in children,Investigational dose of oral interferon-free treatment can cure hepatitis C in children,European Association for the Study of the Liver,https://www.eurekalert.org/pub_releases/2017-04/eaft-ido041117.php,https://www.healthnewsreview.org/news-release-review/investigational-dose-oral-interferon-free-treatment-can-cure-hepatitis-c-children/
HealthRelease,news_reviews_00245,3,Older drug retested for managing Parkinson’s disease symptoms: What are the costs and harms?,150-year-old Drug May Provide ‘Off’ Time Relief for People with Advanced Parkinson’s Disease,American Academy of Neurology (AAN),https://www.aan.com/PressRoom/Home/PressRelease/1545,https://www.healthnewsreview.org/news-release-review/older-drug-re-tested-for-managing-parkinsons-disease-symptoms-what-are-the-cost-and-harms/
HealthRelease,news_reviews_00246,2,More cavalier uses of the term ‘cure’ in describing pilot metastatic prostate cancer treatment,A potential cure for metastatic prostate cancer? Treatment combination shows early promise,Elsevier Health Sciences,https://www.eurekalert.org/pub_releases/2017-04/ehs-apc041817.php,https://www.healthnewsreview.org/news-release-review/more-cavalier-uses-of-the-term-cure-in-describing-pilot-metastatic-prostate-cancer-treatment/
HealthRelease,news_reviews_00247,2,Poor to fair improvement in health of HIV patients described as “amazing”, Teaching happiness to men with HIV boosts their health,Northwestern University,https://www.eurekalert.org/pub_releases/2017-04/nu-tht041717.php,https://www.healthnewsreview.org/news-release-review/poor-to-fair-improvement-in-health-of-hiv-patients-described-as-amazing/
HealthRelease,news_reviews_00248,3,More details would help assess value of dry needling vs. cortisone injection for hip pain,Dry needling offers alternative to cortisone injection for hip pain,"JOSPT, Inc. d/b/a Movement Science Media",https://www.eurekalert.org/pub_releases/2017-04/jidm-dno041017.php,https://www.healthnewsreview.org/news-release-review/more-details-would-help-assess-value-of-dry-needling-vs-cortisone-injection-for-hip-pain/
HealthRelease,news_reviews_00249,3,Scant evidence for surgeon’s claims about alternate breast reduction technique,Technique improves breast reduction outcomes,Louisiana State University Health Sciences Center,https://www.eurekalert.org/pub_releases/2017-04/lsuh-tib041317.php,https://www.healthnewsreview.org/news-release-review/release-promoting-advantage-of-alternate-breast-reduction-technique-offers-scant-evidence/
HealthRelease,news_reviews_00250,1,"New device for removing birthmarks, port-wine stains, tattoos? Release is selling a pig in a poke",Laser-Based Dermatological Procedures Could Be Revolutionized with New Techniqu,University of Missouri,http://www.newswise.com/articles/view/672728/?sc=dwhn,https://www.healthnewsreview.org/news-release-review/new-device-for-removing-birthmarks-port-wine-stains-tattoos-release-is-selling-a-pig-in-a-poke/
HealthRelease,news_reviews_00251,3,Release on pet-friendly association study is all cute bark with not much bite,Pet exposure may reduce allergy and obesity,University of Alberta Faculty of Medicine & Dentistry,https://www.eurekalert.org/pub_releases/2017-04/uoaf-pem040617.php,https://www.healthnewsreview.org/news-release-review/release-on-pet-friendly-association-study-is-all-cute-bark-with-not-much-bite/
HealthRelease,news_reviews_00252,2,Allergan announcement on botox for depression obscures negative results,Allergan Reports Topline Phase II Data Supporting Advancement of BOTOX® (onabotulinumtoxinA) for the Treatment of Major Depressive Disorder (MDD) ,Allergan Plc,http://www.prnewswire.com/news-releases/allergan-reports-topline-phase-ii-data-supporting-advancement-of-botox-onabotulinumtoxina-for-the-treatment-of-major-depressive-disorder-mdd-300435486.html,https://www.healthnewsreview.org/news-release-review/allergan-announcement-on-botox-for-depression-overstates-trial-results/
HealthRelease,news_reviews_00253,2,Antibiotic may help ‘prevent or treat PTSD’? News release overreaches,Common antibiotic may help to prevent or treat PTSD,University College London,https://www.eurekalert.org/pub_releases/2017-04/ucl-cam040317.php,https://www.healthnewsreview.org/news-release-review/antibiotic-may-help-prevent-or-treat-ptsd-news-release-overreaches/
HealthRelease,news_reviews_00254,2,Our gut reaction: claim that magnetic brain stimulation aids weight loss based on shaky foundation,Magnetic brain stimulation causes weight loss by making gut bacteria healthier ,The Endocrine Society,https://www.eurekalert.org/pub_releases/2017-04/tes-mbs040117.php,https://www.healthnewsreview.org/news-release-review/our-gut-reaction-claim-that-magnetic-brain-stimulation-aids-weight-loss-based-on-shaky-foundation/
HealthRelease,news_reviews_00255,2,Real-world massage for low back pain: release raises more questions than it answers,Study shows real-world massage is effective treatment for low back pain ,Indiana University,https://www.eurekalert.org/pub_releases/2017-04/iu-ssr040317.php,https://www.healthnewsreview.org/news-release-review/real-world-massage-for-low-back-pain-release-raises-more-questions-than-it-answers/
HealthRelease,news_reviews_00256,4,FDA could do a better job sharing numbers on costly new eczema drug,FDA approves new eczema drug Dupixent,FDA,https://www.fda.gov/NewsEvents/Newsroom/PressAnnouncements/ucm549078.htm,https://www.healthnewsreview.org/news-release-review/fda-could-do-a-better-job-sharing-numbers-on-costly-new-eczema-drug/
HealthRelease,news_reviews_00257,3,No evidence given for claim that statins are beneficial for patients with chronic liver disease,Statins May Provide Treatment Alternative for Chronic Liver Disease,American Physiological Society (APS),http://www.newswise.com/articles/view/671729/?sc=sphn,https://www.healthnewsreview.org/news-release-review/no-evidence-given-for-claim-that-statins-are-beneficial-for-patients-with-chronic-liver-disease/
HealthRelease,news_reviews_00258,2,"Up in smoke: speculative claims that refusing Chantix for smoking cessation caused 17,000 deaths",Researchers warn of hazards of smoking and need for wider use of varenicline to quit,Florida Atlantic University,https://www.eurekalert.org/pub_releases/2017-03/fau-rwo032417.php,https://www.healthnewsreview.org/news-release-review/up-in-smoke-speculative-claims-that-refusing-chantix-for-smoking-cessation-caused-17000-deaths/
HealthRelease,news_reviews_00259,3,Fred Hutch oversells benefit of new fast-tracked drug for rare skin cancer,Immunotherapy Drug Becomes First Therapy Approved by FDA for Rare Skin Cancer,Fred Hutchinson Cancer Research Center,http://www.newswise.com/articles/view/671837/?sc=mwhn,https://www.healthnewsreview.org/news-release-review/fred-hutch-oversells-benefit-of-new-fast-tracked-drug-for-rare-skin-cancer/
HealthRelease,news_reviews_00260,4,Vanderbilt PR release on active surveillance for prostate cancer lacks precision,Active Surveillance Preserves Quality of Life for Prostate Cancer Patients,Vanderbilt University Medical Center,http://www.newswise.com/articles/view/671560/?sc=sphn,https://www.healthnewsreview.org/news-release-review/evidence-limitations-absent-in-release-on-active-surveillance-for-prostate-cancer/
HealthRelease,news_reviews_00261,2,Stereotactic radiation for elderly lung cancer patients: release makes unjustified claims,SBRT Offers Curative Option for Lung Cancer Patients Age 80 and Older,American Society for Radiation Oncology (ASTRO),http://www.newswise.com/articles/view/671193/?sc=sphn,https://www.healthnewsreview.org/news-release-review/stereotactic-radiation-for-elderly-lung-cancer-patients-release-makes-unjustified-claims/
HealthRelease,news_reviews_00262,3,"Benefits of early referral to palliative care were measurable, so why omit numbers from the release?",Palliative Care Consults for Patients with Advanced Cancers Reduces Hospitalization and Improves Quality of Care,Mount Sinai Health System,http://www.newswise.com/articles/view/671333/?sc=mwhn,https://www.healthnewsreview.org/news-release-review/benefits-of-early-referral-to-palliative-care-were-measurable-so-why-omit-numbers-from-the-release/
HealthRelease,news_reviews_00263,2,Benefits and evidence inflated in release about mesothelioma drug safety trial,Pembrolizumab shows promise in treatment of mesothelioma ,University of Pennsylvania School of Medicine,https://www.eurekalert.org/pub_releases/2017-03/uops-psp032017.php,https://www.healthnewsreview.org/news-release-review/benefits-and-evidence-inflated-in-release-about-mesothelioma-drug-safety-trial/
HealthRelease,news_reviews_00264,3,"Release calls for change in practice to reduce c-sections, but neglects crucial study limitations","More IV fluids, fewer c-sections",Thomas Jefferson University,https://www.eurekalert.org/pub_releases/2017-03/tju-mif031517.php,https://www.healthnewsreview.org/news-release-review/release-calls-for-change-in-practice-to-reduce-c-sections-but-neglects-crucial-study-limitations/
HealthRelease,news_reviews_00265,2,Curcumin gel ‘effective in treating burns and scalds’: Where’s the evidence?,Topical curcumin gel effective in treating burns and scalds,Pensoft Publishers,https://www.eurekalert.org/pub_releases/2017-03/pp-tcg031417.php,https://www.healthnewsreview.org/news-release-review/topical-curcumin-gel-effective-treating-burns-scalds/
HealthRelease,news_reviews_00266,4,Medical center needed more balance in messages about lung cancer screening initiative,Free lung-cancer screening in the Augusta area finds more than double the cancer rate of previous screenings,Medical College of Georgia at Augusta University,https://www.eurekalert.org/pub_releases/2017-03/mcog-fls030917.php,https://www.healthnewsreview.org/news-release-review/release-on-regional-lung-cancer-screening-initiative-ignores-high-potential-for-over-diagnosis/
HealthRelease,news_reviews_00267,3,Mayo touts new blood test to improve cardiovascular risk prediction; doesn’t acknowledge that we’ve been down this road before,"New blood test may predict cardiovascular events in patients with or without coronary artery disease, research shows",Mayo Clinic,http://newsnetwork.mayoclinic.org/discussion/new-blood-test-may-predict-cardiovascular-events-in-patients-with-or-without-coronary-artery-disease-research-shows/,https://www.healthnewsreview.org/news-release-review/plasma-ceramides-in-cardiovascular-risk-assessment/
HealthRelease,news_reviews_00268,3,"Release on erectile dysfunction drug mortality benefit lacks hard numbers, but otherwise performs well","Erectile dysfunction drugs are safe, possibly beneficial after heart attack",American College of Cardiology,https://www.eurekalert.org/pub_releases/2017-03/acoc-edd030617.php,https://www.healthnewsreview.org/news-release-review/release-on-erectile-dysfunction-drug-mortality-benefit-lacks-hard-numbers-but-otherwise-performs-well/
HealthRelease,news_reviews_00269,3,FDA omits numbers on drug to reduce night-time visits to the bathroom; placebo was nearly as good,FDA approves first treatment for frequent urination at night due to overproduction of urine,FDA,https://www.fda.gov/NewsEvents/Newsroom/PressAnnouncements/ucm544877.htm,https://www.healthnewsreview.org/news-release-review/fda-omits-numbers-on-drug-to-reduce-night-time-visits-to-the-bathroom-placebo-was-nearly-as-good/
HealthRelease,news_reviews_00270,2,"Blueberry concentrate claims unsupported in 12-person, 12-week study",Blueberry concentrate improves brain function in older people,University of Exeter,https://www.eurekalert.org/pub_releases/2017-03/uoe-bci030617.php,https://www.healthnewsreview.org/news-release-review/blueberry-concentrate-claims-unsupported-in-12-person-12-week-study/
HealthRelease,news_reviews_00271,3,Soy benefits women with breast cancer? Release on observational study needed more caution,Soy food consumption linked to prolonged survival in some breast cancer patients ,Wiley,https://www.eurekalert.org/pub_releases/2017-03/w-sfc030217.php,https://www.healthnewsreview.org/news-release-review/soy-benefits-women-with-breast-cancer-release-on-observational-study-needed-more-caution/
HealthRelease,news_reviews_00272,3,Lung cancer test based on “a simple blood draw”? There’s no such thing,Exact Sciences and Mayo Clinic study shows promise of new blood-based lung cancer test ,Exact Sciences Corp,http://www.prnewswire.com/news-releases/exact-sciences-and-mayo-clinic-study-shows-promise-of-new-blood-based-lung-cancer-test-300416457.html,https://www.healthnewsreview.org/news-release-review/release-on-lung-cancer-test-based-on-a-simple-blood-draw-oversells-findings-from-preliminary-study/
HealthRelease,news_reviews_00273,3,Nonsurgical treatment for infants with ear deformities: Release doesn’t disclose conflicts of interest,Nonsurgical treatment can correct congenital ear malformations in infants ,Wolters Kluwer Health,https://www.eurekalert.org/pub_releases/2017-02/wkh-ntc022817.php,https://www.healthnewsreview.org/news-release-review/nonsurgical-treatment-for-infants-with-ear-deformities-release-doesnt-disclose-conflicts-of-interest/
HealthRelease,news_reviews_00274,3,Clot busters via mobile stroke units: AHA release is fuzzy on key details,Receiving a clot-buster drug before reaching the hospital may reduce stroke disability ,American Heart Association,https://www.eurekalert.org/pub_releases/2017-02/aha-rac021517.php,https://www.healthnewsreview.org/news-release-review/clot-busters-via-mobile-stroke-units-aha-release-is-fuzzy-on-key-details/
HealthRelease,news_reviews_00275,2,"High-dose radiation touted as ‘safe and effective’ for early prostate cancer, but what about active surveillance?","Study Finds Single, Escalated Dose of Brachytherapy Radiation May Be a Safe and Effective Treatment for Localized Prostate Cancer",American Society for Radiation Oncology (ASTRO),http://www.newswise.com/articles/study-finds-single-escalated-dose-of-brachytherapy-radiation-may-be-a-safe-and-effective-treatment-for-localized-prostate-cancer,https://www.healthnewsreview.org/news-release-review/high-dose-radiation-touted-as-safe-and-effective-for-early-prostate-cancer-but-what-about-active-surveillance/
HealthRelease,news_reviews_00276,3,Wrist or groin? Kudos to release on angioplasty routes for paying close attention to costs,"Study Reveals Ways to Improve Outcomes, Reduce Costs for Common Heart Procedure",Washington University in St. Louis,http://www.newswise.com/articles/view/669909/?sc=mwhn,https://www.healthnewsreview.org/news-release-review/wrist-or-groin-kudos-to-release-on-angioplasty-routes-for-paying-close-attention-to-costs/
HealthRelease,news_reviews_00277,3,Screening MRI for breast cancer: news release is strong on costs and novelty,Screening MRI benefits women at average risk of breast cancer ,Radiological Society of North America,https://www.eurekalert.org/pub_releases/2017-02/rson-smb021417.php,https://www.healthnewsreview.org/news-release-review/screening-mri-for-breast-cancer-news-release-is-strong-on-costs-and-novelty/
HealthRelease,news_reviews_00278,2,"PR release touts big numbers in HRT protection against dementia studies, but ignores important numbers",Postmenopausal hormone therapy exceeding ten years may protect from dementia ,University of Eastern Finland,https://www.eurekalert.org/pub_releases/2017-02/uoef-pht021617.php,https://www.healthnewsreview.org/news-release-review/pr-release-touts-big-numbers-in-hrt-protection-against-dementia-studies-but-ignores-important-numbers/
HealthRelease,news_reviews_00279,1,Unfounded claims dog news release on ‘fasting-mimicking diet’,Scientifically-designed fasting diet lowers risks for major diseases ,University of Southern California,https://www.eurekalert.org/pub_releases/2017-02/uosc-sfd021517.php,https://www.healthnewsreview.org/news-release-review/unfounded-claims-dog-news-release-on-fasting-mimicking-diet/
HealthRelease,news_reviews_00280,1,‘Elegant’ delivery of estrogen therapy for painful intercourse? Useful measurement missing in PR release,High rates of satisfaction for applicator free local estrogen softgel ovule ,University Hospitals Cleveland Medical Center,https://www.eurekalert.org/pub_releases/2017-02/uhcm-hro021317.php,https://www.healthnewsreview.org/news-release-review/elegant-delivery-of-estrogen-therapy-for-painful-intercourse-useful-measurement-missing-in-pr-release/
HealthRelease,news_reviews_00281,3,"FDA announces approval of new psoriasis drug with strong caveats on harms, but no data to support benefit claim",FDA approves new psoriasis drug,FDA,http://www.fda.gov/NewsEvents/Newsroom/PressAnnouncements/ucm541981.htm,https://www.healthnewsreview.org/news-release-review/fda-announces-approval-of-new-psoriasis-drug-with-strong-caveats-on-harms-but-no-data-to-support-benefit-claim/
HealthRelease,news_reviews_00282,2,"Benefits of testosterone therapy in reducing risk of heart disease remain murky, despite claims from Bayer-funded researchers",Testosterone therapy provides protection against cardiovascular disease in men with low testosterone ,Boston University Medical Center,https://www.eurekalert.org/pub_releases/2017-02/bumc-ttp021317.php,https://www.healthnewsreview.org/news-release-review/benefits-of-testosterone-therapy-in-reducing-risk-of-heart-disease-remain-murky-despite-claims-from-bayer-funded-researchers/
HealthRelease,news_reviews_00283,3,"A randomized trial of rectal cancer treatment strategies is newsworthy, so why leave out numbers backing the claims?",New method reduces adverse effects of rectal cancer treatment ,Karolinska Institutet,https://www.eurekalert.org/pub_releases/2017-02/ki-nmr021017.php,https://www.healthnewsreview.org/news-release-review/a-randomized-trial-of-rectal-cancer-treatment-strategies-is-newsworthy-so-why-leave-out-numbers-backing-the-claims/
HealthRelease,news_reviews_00284,3,"On Amgen’s heels, Bayer follows with data-free release touting ‘overwhelming’ benefit",Phase III COMPASS study with Bayer’s Rivaroxaban in Patients with Coronary or Peripheral Artery Disease Shows Overwhelming Efficacy and Meets Primary Endpoint Early,Bayer,http://press.bayer.com/baynews/baynews.nsf/id/Phase-III-COMPASS-study-Bayers-Rivaroxaban-Patients-Coronary-Peripheral-Artery-Disease-Shows?OpenDocument&sessionID=1486647907,https://www.healthnewsreview.org/news-release-review/on-amgens-heels-bayer-follows-with-data-free-release-touting-overwhelming-benefit/
HealthRelease,news_reviews_00285,4,Laryngeal cancer treatment: PR release is strong on context but skips limitations,The best treatment for laryngeal cancer? This approach helps decide ,Michigan Medicine - University of Michigan,https://www.eurekalert.org/pub_releases/2017-02/mmu-tbt020217.php,https://www.healthnewsreview.org/news-release-review/laryngeal-cancer-treatment-pr-release-is-strong-on-context-but-skips-limitations/
HealthRelease,news_reviews_00286,3,Announcement plugging ‘encouraging’ safety trial on HIV drug doesn’t include any safety results,Encouraging clinical results for an antibody drug to prevent or treat HIV ,Rockefeller University,https://www.eurekalert.org/pub_releases/2017-02/ru-ecr020617.php,https://www.healthnewsreview.org/news-release-review/announcement-on-encouraging-safety-trial-on-hiv-drug-doesnt-include-any-safety-results/
HealthRelease,news_reviews_00287,4,Medical association puts laparoscopic anti-reflux surgery for GERD in clear context,Laparoscopic anti-reflux operation for GERD linked to fewer postoperative complications ,American College of Surgeons,https://www.eurekalert.org/pub_releases/2017-01/acos-lao012617.php,https://www.healthnewsreview.org/news-release-review/medical-association-puts-laparoscopic-anti-reflux-surgery-for-gerd-in-clear-context/
HealthRelease,news_reviews_00288,3,Take our word for it? Amgen declines to provide study results after sending glowing PR release on Repatha,Amgen Announces Repatha® (Evolocumab) Significantly Reduced The Risk Of Cardiovascular Events In FOURIER Outcomes Study ,Amgen,http://www.prnewswire.com/news-releases/amgen-announces-repatha-evolocumab-significantly-reduced-the-risk-of-cardiovascular-events-in-fourier-outcomes-study-300401508.html,https://www.healthnewsreview.org/news-release-review/take-our-word-for-it-amgen-declines-to-provide-study-results-after-sending-glowing-pr-release-on-repatha/
HealthRelease,news_reviews_00289,2,"NIH gives crisp summary of early stem cell transplants for multiple sclerosis, but missed some limitations",Stem cell transplants may induce long-term remission of multiple sclerosis,NIH National Institutes of Health,https://www.nih.gov/news-events/news-releases/stem-cell-transplants-may-induce-long-term-remission-multiple-sclerosis,https://www.healthnewsreview.org/news-release-review/nih-gives-crisp-summary-of-early-stem-cell-transplants-for-multiple-sclerosis-but-missed-some-limitations/
HealthRelease,news_reviews_00290,3,Stomach cancer breath test called “85% accurate overall” — is that accurate?,Breath test could help detect stomach and esophageal cancers ,European CanCer Organisation (ECCO),https://www.eurekalert.org/pub_releases/2017-01/eeco-btc012717.php,https://www.healthnewsreview.org/news-release-review/stomach-cancer-breath-test-called-85-accurate-overall-is-that-accurate/
HealthRelease,news_reviews_00291,4,"University release on anti-inflammatory diet for reducing bone loss gets points for balance, restraint",Anti-inflammatory diet could reduce risk of bone loss in women ,Ohio State University,https://www.eurekalert.org/pub_releases/2017-01/osu-adc012617.php,https://www.healthnewsreview.org/news-release-review/university-release-on-anti-inflammatory-diet-for-reducing-bone-loss-gets-points-for-balance-restraint/
HealthRelease,news_reviews_00292,3,How big is symptom improvement with new constipation drug? Readers might have to strain to find out,FDA approves Trulance for Chronic Idiopathic Constipation,FDA,http://www.fda.gov/NewsEvents/Newsroom/PressAnnouncements/ucm537725.htm,https://www.healthnewsreview.org/news-release-review/how-big-is-symptom-improvement-with-new-constipation-drug-readers-might-have-to-strain-to-find-out/
HealthRelease,news_reviews_00293,2,‘New’ and effective tool for predicting concussion outcomes? University oversells MRI study,New MRI method aids long-term concussion prognosis ,University of California - San Francisco,https://www.eurekalert.org/pub_releases/2017-01/uoc--nmm012417.php,https://www.healthnewsreview.org/news-release-review/new-and-effective-tool-for-predicting-concussion-outcomes-university-oversells-mri-study/
HealthRelease,news_reviews_00294,3,Multiple conflicts of interest left out in summary of Bayer-sponsored study of liver cancer drug,Mount Sinai researchers involved in successful phase 3 trial of drug for liver cancer ,The Mount Sinai Hospital / Mount Sinai School of Medicine,https://www.eurekalert.org/pub_releases/2017-01/msh-msr011717.php,https://www.healthnewsreview.org/news-release-review/multiple-conflicts-of-interest-left-out-in-summary-of-bayer-sponsored-study-of-liver-cancer-drug/
HealthRelease,news_reviews_00295,3,Summary of breast cancer treatment outcomes in African-American women misses major limitations of the study,Breast cancer prognosis of African-American patients may improve with chemotherapy before surgery ,Georgia State University,https://www.eurekalert.org/pub_releases/2017-01/gsu-bcp011917.php,https://www.healthnewsreview.org/news-release-review/summary-of-breast-cancer-treatment-outcomes-in-african-american-women-misses-major-limitations-of-the-study/
HealthRelease,news_reviews_00296,3,"Lap band surgery called “safe” and “effective” for very obese adolescents, ignoring those who dropped out of study",Lap Band Surgery Benefits Very Obese Adolescents,University of Adelaide,http://www.newswise.com/articles/view/667922/?sc=mwhn,https://www.healthnewsreview.org/news-release-review/lap-band-surgery-called-safe-and-effective-for-very-obese-adolescents-ignoring-those-who-dropped-out-of-study/
HealthRelease,news_reviews_00297,4,Informative release on managing ‘prehypertension’ should’ve toned down the headline,Personalized treatment for those in blood pressure 'gray zone' ,Johns Hopkins Medicine,https://www.eurekalert.org/pub_releases/2017-01/jhm-ptf011217.php,https://www.healthnewsreview.org/news-release-review/informative-release-on-managing-prehypertension-shouldve-toned-down-the-headline/
HealthRelease,news_reviews_00298,1,Researcher touts test as an aid to preventing miscarriage — but neglects to disclose he holds a patent on it,Progesterone may be key to preventing recurrent miscarriage ,Yale University,https://www.eurekalert.org/pub_releases/2017-01/yu-pmb010917.php,https://www.healthnewsreview.org/news-release-review/researcher-touts-test-as-an-aid-to-preventing-miscarriage-but-neglects-to-disclose-he-holds-a-patent-on-it/
HealthRelease,news_reviews_00299,1,Study results overplayed in announcement on investigational HER2-positive breast cancer drug,Tucatinib (ONT-380) progressing in pivotal trial against HER2+ breast cancer ,University of Colorado Anschutz Medical Campus,https://www.eurekalert.org/pub_releases/2017-01/uoca-tp011017.php,https://www.healthnewsreview.org/news-release-review/study-results-overplayed-in-announcement-on-investigational-her2-positive-breast-cancer-drug/
HealthRelease,news_reviews_00300,4,Computer tablets for easing agitation in dementia patients: Hospital gives fair treatment to small pilot study,Tablet devices show promise in managing agitation among patients with dementia ,McLean Hospital,https://www.eurekalert.org/pub_releases/2017-01/mh-tds010617.php,https://www.healthnewsreview.org/news-release-review/computer-tablets-for-easing-agitation-in-dementia-patients-hospital-gives-fair-treatment-to-small-pilot-study/
HealthRelease,news_reviews_00301,0,Fast-track this ‘revolutionary’ dental treatment? No way. Intervention only tested in mice tooth cells,"Natural tooth repair method, using Alzheimer's drug, could revolutionize dental treatments ",King's College London,https://www.eurekalert.org/pub_releases/2017-01/kcl-ntr010417.php,https://www.healthnewsreview.org/news-release-review/fast-track-this-revolutionary-dental-treatment-no-way-intervention-only-tested-in-mice-tooth-cells/
HealthRelease,news_reviews_00302,2,Release on new dry eye drug leaves readers high and dry,Sun Pharma Announces Positive Topline Results of Confirmatory Phase-3 Clinical Trial for Seciera™ for Treatment of Dry Eye ,Sun Pharma,http://www.prnewswire.com/news-releases/sun-pharma-announces-positive-topline-results-of-confirmatory-phase-3-clinical-trial-for-seciera-for-treatment-of-dry-eye-609638655.html,https://www.healthnewsreview.org/news-release-review/release-on-new-dry-eye-drug-leaves-readers-high-and-dry/
HealthRelease,news_reviews_00303,2,What can zinc supplementation in 18 healthy US men reveal about global zinc needs? Not much.,Zinc eaten at levels found in biofortified crops reduces 'wear and tear' on DNA ,Children's Hospital & Research Center Oakland,https://www.eurekalert.org/pub_releases/2017-01/chr-zea122316.php,https://www.healthnewsreview.org/news-release-review/what-can-zinc-supplementation-in-18-healthy-us-men-reveal-about-global-zinc-needs-not-much/
HealthRelease,news_reviews_00304,2,‘Promising results’ from breast cancer vaccine trial — but most patients had noninvasive ductal carcinoma in situ (DCIS),Vaccine shows promising results for early-stage breast cancer patients ,Moffitt Cancer Center,https://www.eurekalert.org/pub_releases/2017-01/mcc-vsp010317.php,https://www.healthnewsreview.org/news-release-review/release-touts-promising-results-from-breast-cancer-vaccine-trial-but-most-patients-had-noninvasive-ductal-carcinoma-in-situ-dcis/
HealthRelease,news_reviews_00305,1,Fish oil trade group inflates findings on heart disease risk reduction,New study finds EPA and DHA omega-3s lower risk of coronary heart disease ,Global Organization for EPA and DHA Omega-3s (GOED),https://www.eurekalert.org/pub_releases/2017-01/g-nsf121916.php,https://www.healthnewsreview.org/news-release-review/release-from-fish-oil-trade-group-inflates-findings-on-heart-disease-risk-reduction/
HealthRelease,news_reviews_00306,3,An app that delivers depression care “as fast as finding good sushi”? Northwestern should know better,New apps designed to reduce depression and anxiety as easily as checking your phone ,Northwestern,https://www.eurekalert.org/pub_releases/2017-01/nu-nad010317.php,https://www.healthnewsreview.org/news-release-review/an-app-that-delivers-depression-care-as-fast-as-finding-good-sushi/
HealthRelease,news_reviews_00307,2,Fenofibrate as add-on to statins for type 2 diabetes: NIH release promotes possible benefit found only in small subgroup of patients,Fenofibrate may reduce heart disease risk in some patients with type 2 diabetes ,"NIH/National Heart, Lung and Blood Institute",https://www.eurekalert.org/pub_releases/2016-12/nhla-fmr122816.php,https://www.healthnewsreview.org/news-release-review/fenofibrate-as-add-on-to-statins-for-type-2-diabetes-nih-release-promotes-possible-benefit-found-only-in-small-subgroup-of-patients/
HealthRelease,news_reviews_00308,3,Rockefeller PR release on automated melanoma screening downplayed false-positive rate,Researchers develop automated melanoma detector for skin cancer screening,The Rockefeller University,http://newswire.rockefeller.edu/2016/12/23/researchers-develop-automated-melanoma-detector-for-skin-cancer-screening/,https://www.healthnewsreview.org/news-release-review/rockefeller-pr-release-on-automated-melanoma-screening-needed-more-caution-on-experimental-nature-of-the-technology/
HealthRelease,news_reviews_00309,2,Release on lower dose radiation for HPV-positive head cancers leaves us hungry for more details,Reducing Radiation Successfully Treats HPV-Positive Oropharynx Cancers and Minimizes Side Effects ,Yale Cancer Center,http://www.newswise.com/articles/view/666975/?sc=mwhn,https://www.healthnewsreview.org/news-release-review/release-on-reduced-dose-radiation-for-hpv-positive-head-cancers-leaves-us-hungry-for-more-details/
HealthRelease,news_reviews_00310,5,Lancet release on Ebola vaccine results delivers mostly balanced update on trial,Final trial results confirm Ebola vaccine provides high protection against disease,The Lancet,https://www.eurekalert.org/pub_releases/2016-12/tl-tlf122116.php,https://www.healthnewsreview.org/news-release-review/lancet-release-on-ebola-vaccine-results-delivers-balanced-update-on-trial/
HealthRelease,news_reviews_00311,1,More miracle-mongering in City of Hope news release about breast cancer vaccine,‘Miracle Patient’ Finds New Hope with Breast Cancer Vaccine,City of Hope,http://www.newswise.com/articles/view/666577/?sc=mwhn,https://www.healthnewsreview.org/news-release-review/more-miracle-mongering-in-city-of-hope-news-release-about-breast-cancer-vaccine/
HealthRelease,news_reviews_00312,1,Puffed-up account of new prostate cancer therapy downplays harms and leans hard on misleading quotes,Light therapy effectively treats early prostate cancer ,University College London,https://www.eurekalert.org/pub_releases/2016-12/ucl-lte121416.php,https://www.healthnewsreview.org/news-release-review/vascular-targeted-photodynamic-therapy/
HealthRelease,news_reviews_00313,4,University PR release offers clear-eyed summary of supplement’s potential to aid those suffering with PTSD and substance use disorder,A potential pharmaceutical intervention for co-occurring PTSD and substance use disorder ,Medical University of South Carolina,https://www.eurekalert.org/pub_releases/2016-12/muos-app121616.php,https://www.healthnewsreview.org/news-release-review/university-pr-release-offers-clear-eyed-summary-of-supplements-potential-to-aid-those-suffering-with-ptsd-and-substance-use-disorder/
HealthRelease,news_reviews_00314,3,"Release claims lidocaine is ‘best’ for reducing vaccination pain in infants, but is the benefit meaningful?",Anesthetic cream best for relieving vaccination pain in infants ,Canadian Medical Association Journal,https://www.eurekalert.org/pub_releases/2016-12/cmaj-acb120616.php,https://www.healthnewsreview.org/news-release-review/release-claims-lidocaine-is-best-for-reducing-vaccination-pain-in-infants-but-is-the-benefit-meaningful/
HealthRelease,news_reviews_00315,1,Can one dose of narcolepsy drug curb impulse to overeat? Release makes unsubstantiated leap,Drug for narcolepsy could help food addicts lose weight,University of Warwick,https://www.eurekalert.org/pub_releases/2016-12/uow-dfn121316.php,https://www.healthnewsreview.org/news-release-review/can-one-dose-of-narcolepsy-drug-curb-impulse-to-overeat-release-makes-unsubstantiated-leap/
HealthRelease,news_reviews_00316,2,Release suggests running can reduce knee inflammation but a study of just 6 volunteers is far too small to draw a conclusion,Study: Running actually lowers inflammation in knee joints ,Brigham Young University,https://www.eurekalert.org/pub_releases/2016-12/byu-sra120816.php,https://www.healthnewsreview.org/news-release-review/release-suggests-running-can-reduce-knee-inflammation-but-a-study-of-just-6-volunteers-is-far-too-small-to-draw-a-conclusion/
HealthRelease,news_reviews_00317,3,Release suggests diet helps kidney disease patients ‘live longer.’ But an association study alone can’t prove that,Healthy Diet May Help Kidney Disease Patients Live Longer,American Society of Nephrology (ASN),http://www.newswise.com/articles/view/665773/?sc=mwhn,https://www.healthnewsreview.org/news-release-review/release-suggests-diet-helps-kidney-disease-patients-live-longer-but-an-association-study-alone-cant-prove-that/
HealthRelease,news_reviews_00318,2,Harms and survival data absent from Fred Hutch release on immunotherapy for preventing leukemia relapse,Immunotherapy shows promise in preventing leukemia relapse ,Fred Hutchinson Cancer Research Center,https://www.eurekalert.org/pub_releases/2016-12/fhcr-isp120316.php,https://www.healthnewsreview.org/news-release-review/harms-and-survival-data-absent-from-fred-hutch-release-on-immunotherapy-for-preventing-leukemia-relapse/
HealthRelease,news_reviews_00319,3,Mayo Clinic touts ‘dramatic improvement’ in ‘surprising’ stem cell therapy study; yet placebo performed equally well,Mayo Clinic finds surprising results on first-ever test of stem cell therapy to treat arthritis,Mayo Clinic,http://newsnetwork.mayoclinic.org/discussion/mayo-clinic-finds-surprising-results-on-first-ever-test-of-stem-cell-therapy-to-treat-arthritis/,https://www.healthnewsreview.org/news-release-review/pr-release-claims-stem-cell-injections-for-arthritic-knees-led-to-surprising-and-dramatic-results-but-the-therapy-and-placebo-performed-equally/
HealthRelease,news_reviews_00320,2,"Newer, more expensive blood thinner touted as “superior” based on thin evidence",Dabigatran superior to warfarin when anticoagulation is resumed after bleeding ,University of Pittsburgh Schools of the Health Sciences,https://www.eurekalert.org/pub_releases/2016-12/uops-dst112816.php,https://www.healthnewsreview.org/news-release-review/dabigatran-bleeding-event/
HealthRelease,news_reviews_00321,1,News release takes on conventional wisdom; suggests diet high in saturated fats is ‘good for you.’  But the evidence doesn’t support the claim.,Saturated fat could be good for you ,The University of Bergen,https://www.eurekalert.org/pub_releases/2016-12/tuob-sfc120216.php,https://www.healthnewsreview.org/news-release-review/news-release-takes-on-conventional-wisdom-suggests-diet-high-in-saturated-fats-is-good-for-you-but-the-evidence-doesnt-support-the-claim/
HealthRelease,news_reviews_00322,3,Release on psilocybin for treating depression in cancer patients strong on financial disclosures and cautions,Single Dose of Hallucinogenic Drug Psilocybin Relieves Anxiety and Depression in Patients with Advanced Cancer,NYU Langone Medical Center,http://www.newswise.com/articles/view/665449/?sc=mwhn,https://www.healthnewsreview.org/news-release-review/release-on-psilocybin-for-treating-depression-in-cancer-patients-strong-on-financial-disclosures-and-cautions/
HealthRelease,news_reviews_00323,5,Psilocybin for treating depression in cancer patients: Informative 5-star release from Johns Hopkins,Hallucinogenic Drug Psilocybin Eases Existential Anxiety in People with Life-Threatening Cancer ,Johns Hopkins Medicine,http://www.newswise.com/articles/view/665429/?sc=mwhn,https://www.healthnewsreview.org/news-release-review/psilocybin-for-treating-depression-in-cancer-patients-informative-5-star-review-from-johns-hopkins/
HealthRelease,news_reviews_00324,3,Screening frail patients before surgery: JAMA release clearly lays out benefits of intervention,Use of Frailty Screening Initiative before Surgery Associated with Reduced Risk of Death,JAMA Surgery,http://media.jamanetwork.com/news-item/use-of-frailty-screening-initiative-before-surgery-associated-with-reduced-risk-of-death/,https://www.healthnewsreview.org/news-release-review/use-frailty-screening-initiative-surgery-associated-reduced-risk-death/
HealthRelease,news_reviews_00325,1,Release says study ‘confirms benefits’ of electro-acupuncture for hot flashes; doesn’t tell us what benefits are,Electro-acupuncture for disrupted sleep in women with breast cancer ,The North American Menopause Society (NAMS),https://www.eurekalert.org/pub_releases/2016-11/tnam-efd112816.php,https://www.healthnewsreview.org/news-release-review/release-says-study-confirms-benefits-of-electro-acupuncture-for-hot-flashes-doesnt-tell-us-what-benefits-are/
HealthRelease,news_reviews_00326,4,University release takes admirably cautious approach in describing leukemia treatment response,"In Highly Lethal Type of Leukemia, Cancer Gene Predicts Treatment Response",Washington University in St. Louis,http://www.newswise.com/articles/in-highly-lethal-type-of-leukemia-cancer-gene-predicts-treatment-response,https://www.healthnewsreview.org/news-release-review/university-release-takes-admirably-cautious-approach-in-describing-aml-treatment-response/
HealthRelease,news_reviews_00327,3,FDA release on Intrarosa approval omits important conflict of interest,FDA approves Intrarosa for postmenopausal women experiencing pain during sex,FDA,http://www.fda.gov/NewsEvents/Newsroom/PressAnnouncements/ucm529641.htm,https://www.healthnewsreview.org/news-release-review/fda-release-on-intrarosa-approval-omits-serious-conflict-of-interest-in-study-leading-to-approval/
HealthRelease,news_reviews_00328,4,Novel urine test for cervical cancer: strong but could be better on false negatives,Johns Hopkins Scientists Advance a Novel Urine Test to Predict High-Risk Cervical Cancer,Johns Hopkins Medicine,http://www.newswise.com/articles/ohns-hopkins-scientists-advance-a-novel-urine-test-to-predict-high-risk-cervical-cancer,https://www.healthnewsreview.org/news-release-review/novel-urine-test-for-cervical-cancer-strong-but-could-be-better-on-false-negatives/
HealthRelease,news_reviews_00329,2,Device for type 2 diabetes: Release prematurely touts benefits from 60-person study,Development of a wearable medical device for type 2 diabetes ,Kumamoto University,https://www.eurekalert.org/pub_releases/2016-11/ku-doa111116.php,https://www.healthnewsreview.org/news-release-review/device-for-type-2-diabetes-release-prematurely-touts-benefits-from-60-person-study/
HealthRelease,news_reviews_00330,3,PR release on vitamin D and respiratory infections offers transparency on harms and study limitations,"Vitamin D reduces respiratory infections, says CU Anschutz study ",University of Colorado Anschutz Medical Campus,https://www.eurekalert.org/pub_releases/2016-11/uoca-vdr111516.php,https://www.healthnewsreview.org/news-release-review/pr-release-on-vitamin-d-and-respiratory-infections-offers-transparency-on-harms-and-study-limitations/
HealthRelease,news_reviews_00331,2,Probiotics for Alzheimer’s patients: PR release needed more on what “moderate but significant improvement” means,Probiotics improve cognition in Alzheimer's patients ,Frontiers,https://www.eurekalert.org/pub_releases/2016-11/f-pic110116.php,https://www.healthnewsreview.org/news-release-review/probiotics-for-alzheimers-patients-pr-release-needed-more-on-what-moderate-but-significant-improvement-means/
HealthRelease,news_reviews_00332,1,Where is the ‘independent clinical study’ touted in this PR release for a joint pain product?,Clinical Study Verifies HSRx OTC Drug Product For Joint Pain Delivers Faster And More Effective Treatment Results Than A Current Market Leading Product ,HSRx Biopharmaceutical,http://www.prnewswire.com/news-releases/clinical-study-verifies-hsrx-otc-drug-product-for-joint-pain-delivers-faster-and-more-effective-treatment-results-than-a-current-market-leading-product-300360044.html,https://www.healthnewsreview.org/news-release-review/supplement-company-wont-produce-independent-clinical-study-touted-in-pr-release-for-joint-pain-product/
HealthRelease,news_reviews_00333,2,PR release calls concussion blood test a ‘game changer’ — based on study involving 12 head injuries,Western and Lawson scientists develop game-changing blood test for concussions ,Lawson Health Research Institute,https://www.eurekalert.org/pub_releases/2016-11/lhri-wal110716.php,https://www.healthnewsreview.org/news-release-review/pr-release-calls-concussion-blood-test-a-game-changer-based-on-study-involving-12-head-injuries/
HealthRelease,news_reviews_00334,2,Can machine learning flag suicidal patients? PR release skipped some important limitations,"Using a patient's own words, machine learning automatically identifies suicidal behavior ",,https://www.eurekalert.org/pub_releases/2016-11/cchm-uap110716.php,https://www.healthnewsreview.org/news-release-review/can-machine-learning-flag-suicidal-patients-pr-release-skipped-some-important-limitations/
HealthRelease,news_reviews_00335,2,Weight Watchers for type 2 diabetes: PR release left out researchers’ many financial ties to the corporation,Study puts Weight Watchers to the test for type 2 diabetes ,Medical University of South Carolina,https://www.eurekalert.org/pub_releases/2016-11/muos-spw110316.php,https://www.healthnewsreview.org/news-release-review/weight-watchers-for-type-2-diabetes-pr-release-left-out-researchers-many-financial-ties-to-the-corporation/
HealthRelease,news_reviews_00336,2,Obalon intragastric balloon PR release suffers from lack of context,"New Study Shows Balloon in a Capsule Helps Patients Lose Nearly Twice as Much Weight Than Diet, Exercise and Lifestyle Therapy Alone",American Society for Metabolic and Bariatric Surgery (ASMBS),http://www.newswise.com/articles/view/664176/?sc=mwhn,https://www.healthnewsreview.org/news-release-review/obalon-intragastric-balloon-pr-release-suffers-from-lack-of-context/
HealthRelease,news_reviews_00337,3,Release over-generalizes benefit of drug for kidney stone relief,Prostate drug offers new relief for kidney stone suffers ,Emergency Medicine Foundation (Australia),https://www.eurekalert.org/pub_releases/2016-11/emf-pdo103116.php,https://www.healthnewsreview.org/news-release-review/release-over-generalizes-benefit-of-drug-for-kidney-stone-relief/
HealthRelease,news_reviews_00338,4,Study limitations didn’t make it into otherwise strong release on male birth control shot,Male birth control shots prevent pregnancy ,The Endocrine Society,https://www.eurekalert.org/pub_releases/2016-10/tes-mbc102416.php,https://www.healthnewsreview.org/news-release-review/study-limitations-didnt-make-it-into-otherwise-strong-release-on-male-birth-control-shot/
HealthRelease,news_reviews_00339,3,More facts needed in release touting novel implant to improve breast cancer treatment,Two New Studies Document Improvement in Breast Cancer Treatment with Use of BioZorb Implant ,Focal Therapeutics,http://www.prnewswire.com/news-releases/two-new-studies-document-improvement-in-breast-cancer-treatment-with-use-of-biozorb-implant-300350337.html,https://www.healthnewsreview.org/news-release-review/more-facts-needed-in-release-touting-novel-implant-to-improve-breast-cancer-treatment/
HealthRelease,news_reviews_00340,1,Epidurals ease post-partum depression?  Release relies on weak finding of association,"Easing Labor Pain May Help Reduce Postpartum Depression in Some Women,Early Research Suggests ",American Society of Anesthesiologists (ASA),http://www.newswise.com/articles/view/663022/?sc=mwhn,https://www.healthnewsreview.org/news-release-review/epidurals-ease-post-partum-depression-release-relies-on-weak-finding-of-association/
HealthRelease,news_reviews_00341,3,Industry ties and quantification missing in Cleveland Clinic release on heart benefits of whole grain diet,Cleveland Clinic study finds whole grain diet reduces cardiovascular disease risk ,Cleveland Clinic,https://www.eurekalert.org/pub_releases/2016-10/cc-ccs101816.php,https://www.healthnewsreview.org/news-release-review/industry-ties-and-quantification-missing-in-cleveland-clinic-release-on-heart-benefits-of-whole-grain-diet/
HealthRelease,news_reviews_00342,3,Alzheimer’s drug study missed the primary endpoint; PR release touts benefits anyway,Phase 3 analyses in Alzheimer's show clinical benefit of tramiprosate in APOE4 carriers ,Alzheon,https://www.eurekalert.org/pub_releases/2016-10/tyn-p3102416.php,https://www.healthnewsreview.org/news-release-review/alzheimers-drug-study-missed-the-primary-endpoint-pr-release-touts-benefits-anyway/
HealthRelease,news_reviews_00343,1,PR release on toothpaste that supports ‘reductions in heart attacks and strokes’ vastly oversells,Toothpaste significantly reduces dental plaque and inflammation throughout the body ,Florida Atlantic University,https://www.eurekalert.org/pub_releases/2016-10/fau-tsr101416.php,https://www.healthnewsreview.org/news-release-review/pr-release-on-toothpaste-that-supports-reductions-in-heart-attacks-and-strokes-vastly-oversells/
HealthRelease,news_reviews_00344,3,Where’s the nut? Release on cocoa flavanols for cardiovascular health skips quantification,Cocoa compound linked to some cardiovascular biomarker improvements,Brown University,https://www.eurekalert.org/pub_releases/2016-10/bu-ccl101416.php,https://www.healthnewsreview.org/news-release-review/wheres-the-nut-release-on-cocoa-flavanols-for-cardiovascular-health-skips-quantification/
HealthRelease,news_reviews_00345,3,"PR release on anti-inflammatory drugs and depression was cautious, but needed more on evidence from study","Anti-inflammatory drugs could help treat symptoms of depression, study suggests",University of Cambridge,https://www.eurekalert.org/pub_releases/2016-10/uoc-adc101716.php,https://www.healthnewsreview.org/news-release-review/release-on-anti-inflammatory-drugs-and-depression-included-important-cautions-but-needed-more-on-evidence-from-study/
HealthRelease,news_reviews_00346,3,"Otherwise strong release on colonoscopy prep omits the usual: cost, harms and alternatives",Novel 'patient-friendly' colonoscopy prep shows excellent efficacy and safety ,Bioscribe,https://www.eurekalert.org/pub_releases/2016-10/b-nc101216.php,https://www.healthnewsreview.org/news-release-review/otherwise-strong-release-on-colonoscopy-prep-omits-the-usual-cost-harms-and-alternatives/
HealthRelease,news_reviews_00347,3,Steroid treatment for preterm infants: NIH release skimps on data and study limitations,"Even partial steroid treatment can benefit extremely preterm infants, NIH study suggests",NIH National Institutes of Health,https://www.nih.gov/news-events/news-releases/even-partial-steroid-treatment-can-benefit-extremely-preterm-infants-nih-study-suggests,https://www.healthnewsreview.org/news-release-review/steroid-treatment-for-preterm-infants-nih-release-skimps-on-data-and-study-limitations/
HealthRelease,news_reviews_00348,4,JAMA release gives even-handed account of casting vs surgery for ankle fracture in older adults,Modified cast instead of surgery results in similar functional outcomes for ankle fracture in older adults ,The JAMA Network Journals,https://www.eurekalert.org/pub_releases/2016-10/tjnj-mci100716.php,https://www.healthnewsreview.org/news-release-review/jama-release-gives-even-handed-account-of-casting-vs-surgery-for-ankle-fracture-in-older-adults/
HealthRelease,news_reviews_00349,2,PR release oversells benefit of dietary supplement based on short-term safety trial,First human clinical trial for nicotinamide riboside ,University of Iowa Health Care,https://www.eurekalert.org/pub_releases/2016-10/uoih-fhc100616.php,https://www.healthnewsreview.org/news-release-review/pr-release-oversells-benefit-of-dietary-supplement-based-on-short-term-safety-trial/
HealthRelease,news_reviews_00350,3,Opdivo for head and neck cancers: 2-month survival benefit called ‘game-changing’ in PR release,'Game-changing' immunotherapy doubles head and neck cancer survival ,Institute of Cancer Research,https://www.eurekalert.org/pub_releases/2016-10/iocr-id100716.php,https://www.healthnewsreview.org/news-release-review/opdivo-for-head-and-neck-cancers-2-month-survival-benefit-called-game-changing-in-pr-release/
HealthRelease,news_reviews_00351,2,Foggy PR account of concussion-testing goggles,Concussion can now be diagnosed with 95 percent specificity ,University of Miami Miller School of Medicine,https://www.eurekalert.org/pub_releases/2016-10/uomm-cc100416.php,https://www.healthnewsreview.org/news-release-review/foggy-pr-account-of-concussion-testing-goggles/
HealthRelease,news_reviews_00352,3,Caffeine and dementia risk: news release ignores limitations of observational research,"For women, caffeine could be ally in warding off dementia ",Oxford University Press USA,https://www.eurekalert.org/pub_releases/2016-10/oupu-fwc100316.php,https://www.healthnewsreview.org/news-release-review/caffeine-and-dementia-risk-news-release-ignores-limitations-of-observational-research/
HealthRelease,news_reviews_00353,3,"Wireless electroceutical dressing (WED) touted as novel, but it’s been FDA approved for years","Self-Adhesive Dressing Generates Electrical Current That Promotes Healing, Reduces Infection Risk ",Ohio State University Center for Clinical and Translational Science,http://www.newswise.com/articles/view/661943/?sc=mwhn,https://www.healthnewsreview.org/news-release-review/wireless-electroceutical-dressing-wed-touted-as-novel-but-its-been-fda-approved-for-years/
HealthRelease,news_reviews_00354,2,Acupuncture for hot flashes: release leaves out many details from NIH-funded study,"Acupuncture Reduces Hot Flashes for Half of Women, Study Finds",Wake Forest Baptist Medical Center,http://www.newswise.com/articles/acupuncture-reduces-hot-flashes-for-half-of-women-study-finds,https://www.healthnewsreview.org/news-release-review/acupuncture-for-hot-flashes-release-leaves-out-many-details-from-nih-funded-study/
HealthRelease,news_reviews_00355,1,Deceptive PR on peppermint oil for irritable bowel: release misrepresents review as endorsing company brand,Continuing Developments In Medical Consensus On The Utility Of Peppermint Oil For Irritable Bowel Syndrome (IBS) ,IM HealthScience,http://www.prnewswire.com/news-releases/continuing-developments-in-medical-consensus-on-the-utility-of-peppermint-oil-for-irritable-bowel-syndrome-ibs-300334161.html,https://www.healthnewsreview.org/news-release-review/deceptive-pr-on-peppermint-oil-for-irritable-bowel-release-misrepresents-review-as-endorsing-company-brand/
HealthRelease,news_reviews_00356,3,FDA release offers inadequate presentation of auto-inflammatory drug approval,FDA approves expanded indications for Ilaris for three rare diseases,FDA,http://www.fda.gov/NewsEvents/Newsroom/PressAnnouncements/ucm522283.htm,https://www.healthnewsreview.org/news-release-review/fda-release-offers-inadequate-presentation-of-auto-inflammatory-drug-approval/
HealthRelease,news_reviews_00357,3,Release skips key limitations in study on SBRT for ‘low- or intermediate-risk’ prostate cancer,SBRT Offers Prostate Cancer Patients High Cancer Control and Low Toxicity in Fewer Treatments,American Society for Radiation Oncology (ASTRO),http://www.newswise.com/articles/view/661375/?sc=mwhn,https://www.healthnewsreview.org/news-release-review/release-skips-key-limitations-in-study-on-sbrt-for-low-or-intermediate-risk-prostate-cancer/
HealthRelease,news_reviews_00358,2,"UNC PR release offers platitudes, but few facts, on new cochlear implant for adults",UNC Hearing Loss Experts Lead Clinical Trials of FDA-Approved Hearing Implant,University of North Carolina Health Care System,http://www.newswise.com/articles/view/661113/?sc=mwhn,https://www.healthnewsreview.org/news-release-review/unc-pr-release-offers-platitudes-but-few-facts-on-new-cochlear-implant-for-adults/
HealthRelease,news_reviews_00359,2,Dana-Farber touts potential leukemia ‘cure’ based on study involving only mice,Discovery offers prospect of shorter treatment and cure for chronic myelogenous leukemia ,Dana-Farber Cancer Institute,https://www.eurekalert.org/pub_releases/2016-09/dci-dop090816.php,https://www.healthnewsreview.org/news-release-review/dana-farber-touts-potential-leukemia-cure-based-on-study-involving-only-mice/
HealthRelease,news_reviews_00360,3,"Even when a release is touting a new dosing formula of an old drug, readers still need evidence","KVK Tech Announces FDA-Approval of Lomaira™ (phentermine hydrochloride USP) 8 mg tablets, CIV, A Low-Cost, Low-Dose Phentermine That Can Be Used Up To Three Times Daily for Weight Reduction ","KVK Tech, Inc.",http://www.prnewswire.com/news-releases/kvk-tech-announces-fda-approval-of-lomaira-phentermine-hydrochloride-usp-8-mg-tablets-civ-a-low-cost-low-dose-phentermine-that-can-be-used-up-to-three-times-daily-for-weight-reduction-300330679.html,https://www.healthnewsreview.org/news-release-review/even-when-a-release-is-touting-a-new-dosing-formula-of-an-old-drug-readers-still-need-evidence/
HealthRelease,news_reviews_00361,4,"Bayer’s PR release on newly approved IUD for birth control omits costs, novelty",FDA Approves Bayer's Kyleena™ (Levonorgestrel-Releasing Intrauterine System) 19.5 mg for Prevention of Pregnancy for up to Five Years ,Bayer,http://www.prnewswire.com/news-releases/fda-approves-bayers-kyleena-levonorgestrel-releasing-intrauterine-system-195-mg-for-prevention-of-pregnancy-for-up-to-five-years-300330006.html,https://www.healthnewsreview.org/news-release-review/bayers-pr-release-on-newly-approved-iud-for-birth-control-omits-costs-novelty/
HealthRelease,news_reviews_00362,3,No data to back up big claims in release on seated proton therapy device,FDA Clears P-Cure Upright Imaging Solution  for Proton Therapy Enhancement,P-Cure,http://www.prweb.com/releases/2016/09/prweb13668102.htm,https://www.healthnewsreview.org/news-release-review/no-data-to-back-up-big-claims-in-release-on-seated-proton-therapy-device/
HealthRelease,news_reviews_00363,4,Generally strong release on shingles vaccine trial – but lacking transparency on COI,GSK's candidate shingles vaccine shows high efficacy against shingles and its complications in adults aged 70 years and over in phase III study published in NEJM ,GSK,http://www.prnewswire.com/news-releases/gsks-candidate-shingles-vaccine-shows-high-efficacy-against-shingles-and-its-complications-in-adults-aged-70-years-and-over-in-phase-iii-study-published-in-nejm-300328369.html,https://www.healthnewsreview.org/news-release-review/generally-strong-release-on-shingles-vaccine-trial-but-lacking-transparency-on-coi/
HealthRelease,news_reviews_00364,3,"Even with copious caveats, release misinforms on study trumpeting ‘improved diagnosis’ for PCOS",Measuring new hormone may reduce teenagers wrongly diagnosed with PCOS ,European Society for Paediatric Endocrinology,http://www.eurekalert.org/pub_releases/2016-09/esfp-mnh090816.php,https://www.healthnewsreview.org/news-release-review/even-with-copious-caveats-release-misinforms-on-study-trumpeting-improved-diagnosis-for-pcos/
HealthRelease,news_reviews_00365,4,"Duke Health release earns applause for clear disclosure, but we wanted more info on harms and cost associated with this eye treatment","Humira Provides Effective, Non-Steroid Alternative for Eye Inflammation ",Duke Health,http://www.newswise.com/articles/view/660259/?sc=mwhn,https://www.healthnewsreview.org/news-release-review/duke-health-release-earns-applause-for-clear-disclosure-but-we-wanted-more-info-on-harms-and-cost-associated-with-this-eye-treatment/
HealthRelease,news_reviews_00366,1,Does breastfeeding prevent respiratory symptoms in infants predisposed to asthma? Release focused on relative risk reduction not definitive,Asthma gene's effect on respiratory symptoms in infancy depends on breastfeeding status ,European Lung Foundation,http://www.eurekalert.org/pub_releases/2016-09/elf-age090116.php,https://www.healthnewsreview.org/news-release-review/does-breastfeeding-prevent-respiratory-symptoms-in-infants-predisposed-to-asthma-release-focused-on-relative-risk-reduction-not-definitive/
HealthRelease,news_reviews_00367,3,"Potential new kidney cancer drug said to be “more effective than standard of care,” but only if you’re a mouse","New HIF-2 kidney cancer therapy more effective than current treatment, study shows ",UT Southwestern Medical Center,http://www.eurekalert.org/pub_releases/2016-09/usmc-nhk090216.php,https://www.healthnewsreview.org/news-release-review/potential-new-kidney-cancer-drug-said-to-be-more-effective-than-standard-of-care-but-only-if-youre-a-mouse/
HealthRelease,news_reviews_00368,3,"Release on central sleep apnea treatment commendable on quantifying data, disclosures","Implanted device successfully treats central sleep apnea, study finds ",Ohio State University Wexner Medical Center,http://www.eurekalert.org/pub_releases/2016-09/m-ids090116.php,https://www.healthnewsreview.org/news-release-review/release-on-central-sleep-apnea-treatment-commendable-on-quantifying-data-disclosures/
HealthRelease,news_reviews_00369,3,Hard to judge the benefit of melanoma screening test with no data in news release,Novel Test Distinguishes Atypical Moles From Melanoma,California Skin Institute,https://www.newswire.com/news/novel-test-distinguishes-atypical-moles-from-melanoma-14289693?rec=WyI4ZzhheSJd&set=IjhnODZkIg==,https://www.healthnewsreview.org/news-release-review/hard-to-judge-the-benefit-of-melanoma-screening-test-with-no-data-in-news-release/
HealthRelease,news_reviews_00370,2,Release sells subgroups but skips primary study outcomes,Osteopathic manipulative treatment improves outcomes for elderly pneumonia patients ,American Osteopathic Association,http://www.eurekalert.org/pub_releases/2016-08/aoa-omt082616.php,https://www.healthnewsreview.org/news-release-review/release-sells-subgroups-but-skips-primary-study-outcomes/
HealthRelease,news_reviews_00371,2,Metformin ‘could slow development of heart disease’ in type 1 diabetes? Release vastly overstates what small study can tell us.,Experts say inexpensive drug could slow heart disease for type 1 diabetic patients,Newcastle University,http://www.eurekalert.org/pub_releases/2016-08/nu-esi082516.php,https://www.healthnewsreview.org/news-release-review/metformin-could-slow-development-of-heart-disease-in-type-1-diabetes-release-vastly-overstates-what-small-study-can-tell-us/
HealthRelease,news_reviews_00372,4,Kudos to Boston Children’s Hospital for release on acetaminophen and asthma study,Acetaminophen does not aggravate children's asthma ,Boston Children's Hospital,http://www.eurekalert.org/pub_releases/2016-08/bch-adn081716.php,https://www.healthnewsreview.org/news-release-review/kudos-to-boston-childrens-hospital-for-release-on-acetaminophen-and-asthma-study/
HealthRelease,news_reviews_00373,3,Data nearly absent in release claiming safety of acetaminophen in children with asthma,"Study shows acetaminophen can be tolerated by children with mild, persistent asthma ",University Hospitals Case Medical Center,http://www.eurekalert.org/pub_releases/2016-08/uhcm-ssa081716.php,https://www.healthnewsreview.org/news-release-review/data-nearly-absent-in-release-claiming-safety-of-acetaminophen-in-children-with-asthma/
HealthRelease,news_reviews_00374,3,"Hyperbole, minimization of harms found in release touting essential tremor treatment","Scalpel-Free Surgery Proves Safe, Effective for Treating Essential Tremor",University of Virginia Health System,http://www.newswise.com/articles/view/659731/?sc=mwhn,https://www.healthnewsreview.org/news-release-review/hyperbole-minimization-of-harms-found-in-release-touting-essential-tremor-treatment/
HealthRelease,news_reviews_00375,3,Questions abound after reading release associating vaping with reduced harms,Vaping may lead to fewer respiratory infections for ex-smokers ,Queen Mary University of London,http://www.eurekalert.org/pub_releases/2016-08/qmuo-vml081916.php,https://www.healthnewsreview.org/news-release-review/questions-abound-after-reading-release-associating-vaping-with-reduced-harms/
HealthRelease,news_reviews_00376,3,Safer steroid treatment depicted in news release is still in early trials,Study paves way for steroid treatments with fewer side effects ,University of Edinburgh,http://www.eurekalert.org/pub_releases/2016-08/uoe-spw081216.php,https://www.healthnewsreview.org/news-release-review/safer-steroid-treatment-depicted-in-news-release-is-still-in-early-trials/
HealthRelease,news_reviews_00377,3,News release skips quantification in summary of “very promising” experimental breast cancer drugs,Two New Drugs Show Promise for Patients with Aggressive Breast Cancer,Penn Medicine,http://www.uphs.upenn.edu/news/News_Releases/2016/08/demichele/,https://www.healthnewsreview.org/news-release-review/news-release-skips-quantification-in-summary-of-very-promising-experimental-breast-cancer-drugs/
HealthRelease,news_reviews_00378,4,McMaster University news release on flu vaccine trial left out the key data finding,Flu nasal spray provides similar protection against influenza as flu shot: Study ,,http://www.eurekalert.org/pub_releases/2016-08/mu-fns081116.php,https://www.healthnewsreview.org/news-release-review/mcmaster-news-release-on-flu-vaccine-trial-left-out-the-key-finding/
HealthRelease,news_reviews_00379,3,JAMA presents fairly balanced release on osteoporosis fracture prevention drug,Injected Drug Reduces Risk of Fracture among Women with Osteoporosis,JAMA,http://media.jamanetwork.com/news-item/injected-drug-reduces-risk-of-fracture-among-women-with-osteoporosis/,https://www.healthnewsreview.org/news-release-review/jama-presents-fairly-balanced-release-on-osteoporosis-fracture-prevention-drug/
HealthRelease,news_reviews_00380,2,Release on how Mediterranean diet benefits memory left us hungry for numbers,Want a Better Memory? Try Eating a Mediterranean Diet,Frontiers,http://www.newswise.com/articles/view/658849/?sc=mwhn,https://www.healthnewsreview.org/news-release-review/release-on-how-mediterranean-diet-benefits-memory-left-us-hungry-for-numbers/
HealthRelease,news_reviews_00381,3,Do statistically insignificant outcomes in multiple sclerosis treatment study deserve a news release?,Treating at the Earliest Sign of MS May Offer Long-Term Benefit,American Academy of Neurology (AAN),https://www.aan.com/PressRoom/Home/PressRelease/1486,https://www.healthnewsreview.org/news-release-review/do-statistically-insignificant-outcomes-in-multiple-sclerosis-treatment-study-deserve-a-news-release/
HealthRelease,news_reviews_00382,2,"Contrary to PR release claim, it’s too early to call asthma pill a “game changer”",Asthma pill could reduce symptoms in severe sufferers ,University of Leicester,http://www.eurekalert.org/pub_releases/2016-08/uol-apc080516.php,https://www.healthnewsreview.org/news-release-review/contrary-to-pr-release-claim-its-too-early-to-call-asthma-pill-a-game-changer/
HealthRelease,news_reviews_00383,3,"University omits COI, costs and harms in release on kidney stone treatment",Researchers propose new treatment to prevent kidney stones,University of Houston,http://www.eurekalert.org/pub_releases/2016-08/uoh-rpn080416.php,https://www.healthnewsreview.org/news-release-review/university-omits-coi-costs-and-harms-in-release-on-kidney-stone-treatment/
HealthRelease,news_reviews_00384,1,Release on bile acids as a heart treatment wrongly equates success in mice with human outcomes,Maintaining a healthy heart through bile acids ,University of Alberta Faculty of Medicine & Dentistry,http://www.eurekalert.org/pub_releases/2016-07/uoaf-mah072716.php,https://www.healthnewsreview.org/news-release-review/release-on-bile-acids-as-a-heart-treatment-wrongly-equates-success-in-mice-with-human-outcomes/
HealthRelease,news_reviews_00385,2,News release on biochip blood test for Alzheimer’s risk oversells its practicality for patients,New Biochip-Based Blood Test Detects Elevated Risk for Alzheimer's Disease ,American Association for Clinical Chemistry,http://www.prnewswire.com/news-releases/new-biochip-based-blood-test-detects-elevated-risk-for-alzheimers-disease-300308429.html,https://www.healthnewsreview.org/news-release-review/news-release-on-biochip-blood-test-for-alzheimers-risk-oversells-its-practicality-for-patients/
HealthRelease,news_reviews_00386,3,Non-drug pain treatment for people with addiction: UMich release doesn’t quantify how much intervention helped,Treating pain without feeding addiction: Study shows promise of non-drug pain management ,University of Michigan Health System,http://www.eurekalert.org/pub_releases/2016-07/uomh-tpw072616.php,https://www.healthnewsreview.org/news-release-review/treating-pain-without-feeding-addiction-study-shows-promise-non-drug-pain-management/
HealthRelease,news_reviews_00387,2,Release on prostate cancer screening stokes fears,Increasing the Odds of Prostate Cancer Detection ,VCU Massey Cancer Center,http://www.newswise.com/articles/view/657854/?sc=sphn,https://www.healthnewsreview.org/news-release-review/release-on-prostate-cancer-screening-stokes-fears/
HealthRelease,news_reviews_00388,3,"Company release on green tea for Down syndrome good on transparency, avoids hype",Life Extension-supported study published in Lancet Neurology finds green tea extract improves cognition in Down Syndrome ,Life Extension,http://www.prnewswire.com/news-releases/life-extension-supported-study-published-in-lancet-neurology-finds-green-tea-extract-improves-cognition-in-down-syndrome-300303890.html,https://www.healthnewsreview.org/news-release-review/company-release-on-green-tea-for-down-syndrome-good-on-transparency-avoids-hype/
HealthRelease,news_reviews_00389,3,Needed context absent from release on “less toxic way to treat brain tumors”,"International Study Finds Effective, Less Toxic Way to Treat Brain Tumors ",Carolinas Healthcare System,http://www.newswise.com/articles/view/657943/?sc=sphn,https://www.healthnewsreview.org/news-release-review/needed-context-absent-from-release-on-less-toxic-way-to-treat-brain-tumors/
HealthRelease,news_reviews_00390,2,"University release light on data, magnifies novelty claims for dry eye treatment",UAB Optometrist Improves Treatment and Care for Patients with Dry Eye ,,http://www.newswise.com/articles/view/657656/?sc=mwhn,https://www.healthnewsreview.org/news-release-review/university-release-light-on-data-magnifies-novelty-claims-for-dry-eye-treatment/
HealthRelease,news_reviews_00391,2,"University release breaks cardinal transparency rule. Vaccine was tested in animals, not humans",Researchers produce first widely protective vaccine against chlamydia ,McMaster University,http://www.eurekalert.org/pub_releases/2016-07/mu-rpf071916.php,https://www.healthnewsreview.org/news-release-review/university-release-breaks-cardinal-transparency-rule-vaccine-was-tested-in-animals-not-humans/
HealthRelease,news_reviews_00392,3,Release resists overselling modest benefit of nasal irrigation found in sinus infection study,"Nasal irrigation may prevent chronic sinus ailments; however, steam inhalation not effective ",Canadian Medical Association Journal,http://www.eurekalert.org/pub_releases/2016-07/cmaj-nim071216.php,https://www.healthnewsreview.org/news-release-review/release-resists-overselling-modest-benefit-of-nasal-irrigation-found-in-sinus-infection-study/
HealthRelease,news_reviews_00393,3,Mayo release touts estrogen patch for reducing Alzheimer’s. But the study looked only at a risk marker.,Estrogen Patch in Newly Postmenopausal Women May Reduce Alzheimer’s Risk,Mayo Clinic,http://newsnetwork.mayoclinic.org/discussion/estrogen-patch-in-newly-postmenopausal-women-may-reduce-alzheimers-risk/,https://www.healthnewsreview.org/news-release-review/mayo-release-touts-estrogen-patch-for-reducing-alzheimers-but-the-study-looked-only-at-a-risk-marker/
HealthRelease,news_reviews_00394,2,Release prioritizes researcher’s credentials over the evidence in HPV vaccine study,HPV Vaccine Can Protect Women Across a Broad Age Range ,University of New Mexico Comprehensive Cancer Center,http://www.newswise.com/articles/view/657100/?sc=mwhn,https://www.healthnewsreview.org/news-release-review/release-prioritizes-researchers-credentials-over-the-evidence-in-hpv-vaccine-study/
HealthRelease,news_reviews_00395,3,Pap smears in the elderly? Effusive headline gets way ahead of the evidence,Routine screenings prevent cervical cancer in elderly women,University of Illinois at Urbana-Champaign,https://www.healthnewsreview.org/wp-content/uploads/2016/07/Routine-screenings-prevent-cervical-cancer-in-elderly-women.pdf,https://www.healthnewsreview.org/news-release-review/pap-smears-in-the-elderly-effusive-headline-gets-way-ahead-of-the-evidence/
HealthRelease,news_reviews_00396,2,Preliminary study gets over-optimistic framing in release on immunotherapy for rheumatoid arthritis patients,Immunotherapy reduces cardiovascular risk in rheumatoid arthritis ,European Society of Cardiology,http://www.eurekalert.org/pub_releases/2016-07/esoc-irc070516.php,https://www.healthnewsreview.org/news-release-review/preliminary-study-gets-over-optimistic-framing-a-release-on-immunotherapy-for-rheumatoid-arthritis-patients/
HealthRelease,news_reviews_00397,2,Evidence overstated in release on surgery for shoulder dislocations in athletes,"Treating First Time Shoulder Dislocations with Surgery Can Benefit Young Athletes, Study Shows ",American Orthopaedic Society for Sports Medicine (AOSSM),http://www.newswise.com/articles/view/656383/?sc=mwhn,https://www.healthnewsreview.org/news-release-review/eevidence-overstated-in-release-on-surgery-for-shoulder-dislocations-in-athletes/
HealthRelease,news_reviews_00398,2,AMA touts organ preservation outcome in study “not powered to assess organ preservation”,Combination Chemo-Radiation Therapy May Help Preserve Larynx for Patients with Laryngeal Cancer,JAMA Otolaryngology-Head & Neck Surgery,http://archotol.jamanetwork.com/article.aspx?doi=10.1001/jamaoto.2016.1228,https://www.healthnewsreview.org/news-release-review/ama-touts-organ-preservation-outcome-in-study-not-powered-to-assess-organ-preservation/
HealthRelease,news_reviews_00399,3,Key ingredients missing in release on a dietary supplement that curbs cravings,Cravings for High-Calorie Foods May Be Switched Off in the Brain by New Supplement ,Imperial College London,http://www.newswise.com/articles/view/656538/?sc=mwhn,https://www.healthnewsreview.org/news-release-review/key-ingredients-missing-in-release-on-a-dietary-supplement-that-curbs-cravings/
HealthRelease,news_reviews_00400,4,"FDA release on hepatitis C drug informs on harms, benefits but is light on evidence",FDA approves Epclusa for treatment of chronic Hepatitis C virus infection,FDA,http://www.fda.gov/NewsEvents/Newsroom/PressAnnouncements/ucm508915.htm,https://www.healthnewsreview.org/news-release-review/fda-release-on-hepatitis-c-drug-informs-on-harms-benefits-but-is-light-on-evidence/
HealthRelease,news_reviews_00401,2,Restless legs syndrome “pilot study” release doesn’t note that the device is FDA approved; on the market,Foot wrap offers alternative to medication for patients with restless legs syndrome ,American Osteopathic Association,http://www.eurekalert.org/pub_releases/2016-06/aoa-fwo062716.php,https://www.healthnewsreview.org/news-release-review/restless-legs-syndrome-pilot-study-release-doesnt-note-that-the-device-is-fda-approved-on-the-market/
HealthRelease,news_reviews_00402,3,PR release devoted to walnuts and aging offers readers a healthy limitation snack,"Healthy aging benefits may be associated with walnut consumption, according to research ",Edelman Seattle,http://www.eurekalert.org/pub_releases/2016-06/es-hab062116.php,https://www.healthnewsreview.org/news-release-review/pr-release-devoted-to-walnuts-and-aging-offers-readers-a-healthy-limitation-snack/
HealthRelease,news_reviews_00403,4,"Clarity is key, especially when release recommends strategy for reducing cognitive dysfunction",Simple measures can reduce post-operative cognitive dysfunction in older patients ,Fundação de Amparo à Pesquisa do Estado de São Paulo,http://www.eurekalert.org/pub_releases/2016-06/fda-smc062216.php,https://www.healthnewsreview.org/news-release-review/clarity-is-key-especially-when-release-recommends-strategy-for-reducing-cognitive-dysfunction/
HealthRelease,news_reviews_00404,4,NYU Langone brings balance to release on hepatitis B treatment for infected women during pregnancy,Antiviral Treatment During Pregnancy Reduces Mother-to-Child Transmission of Hepatitis B,NYU Langone,http://nyulangone.org/press-releases/antiviral-treatment-during-pregnancy-reduces-mother-to-child-transmission-of-hepatitis-b,https://www.healthnewsreview.org/news-release-review/nyu-langone-brings-balance-to-release-on-hepatitis-b-treatment-for-infected-women-during-pregnancy/
HealthRelease,news_reviews_00405,4,Release on societal benefits of heart failure medication skirts cost controversy,"Timely use of Novartis' Entresto could prevent or postpone over 28,000 US deaths per year among HFrEF patients, according to an expert analysis in JAMA Cardiology",Novartis Pharmaceuticals Corporation,http://www.prnewswire.com/news-releases/timely-use-of-novartis-entresto-could-prevent-or-postpone-over-28000-us-deaths-per-year-among-hfref-patients-according-to-an-expert-analysis-in-jama-cardiology-300288694.html,https://www.healthnewsreview.org/news-release-review/release-on-societal-benefits-of-heart-failure-medication-skirts-cost-controversy/
HealthRelease,news_reviews_00406,1,‘May be’ — or maybe not.  News release doesn’t quantify benefits of device for blood clot prevention,Device for irregular heartbeat may be more cost-effective than medication ,Yale University,http://www.eurekalert.org/pub_releases/2016-06/yu-dfi061616.php,https://www.healthnewsreview.org/news-release-review/may-be-or-maybe-not-news-release-doesnt-quantify-benefits-of-device-for-blood-clot-prevention/
HealthRelease,news_reviews_00407,1,"PR release claiming memory loss reversal in Alzheimer’s disease impaired by study limitations, imprecise language",Pre and Post Testing Show Reversal of Memory Loss From Alzheimer’s Disease in Ten Patients ,Buck Institute for Research on Aging,http://www.newswise.com/articles/view/655464/?sc=mwhn,https://www.healthnewsreview.org/news-release-review/pr-release-claiming-memory-loss-reversal-in-alzheimers-disease-impaired-by-study-limitations-imprecise-language/
HealthRelease,news_reviews_00408,2,It’s never OK to use ‘holy grail of breast cancer prevention’ when talking about pre-clinical animal study,'Holy grail' of breast cancer prevention in high-risk women may be in sight ,Walter and Eliza Hall Institute,http://www.eurekalert.org/pub_releases/2016-06/waeh-go061716.php,https://www.healthnewsreview.org/news-release-review/its-never-ok-to-equate-holy-grail-of-breast-cancer-prevention-with-pre-clinical-animal-study/
HealthRelease,news_reviews_00409,4,Ottawa Hospital release on MS therapy hits the right notes with clarity and cautions,MS breakthrough: Replacing diseased immune system halts progression and allows repair ,Ottawa Hospital Research Institute,http://www.eurekalert.org/pub_releases/2016-06/ohri-mbr060816.php,https://www.healthnewsreview.org/news-release-review/clarity-and-cautions-on-new-multiple-sclerosis-therapy/
HealthRelease,news_reviews_00410,3,Commercial interests omitted from release on test for diagnosing bloodstream infections,How to diagnose systemic infections much more quickly and reliably ,Wyss Institute for Biologically Inspired Engineering at Harvard,http://www.eurekalert.org/pub_releases/2016-06/wifb-htd061316.php,https://www.healthnewsreview.org/news-release-review/commercial-interests-omitted-from-release-on-test-for-diagnosing-infection/
HealthRelease,news_reviews_00411,3,Release scores on cholesterol-lowering potential of barley; punts on cardiovascular benefit,"Barley lowers not one but two types of 'bad cholesterol', review suggests ",St. Michael's Hospital,http://www.eurekalert.org/pub_releases/2016-06/smh-bln060716.php,https://www.healthnewsreview.org/news-release-review/release-scores-on-cholesterol-lowering-potential-of-barley-punts-on-cardiovascular-benefit/
HealthRelease,news_reviews_00412,4,"Northwestern issued strong release on a new psoriasis treatment, absent cost info",New drug clears psoriasis in clinical trials,Northwestern University,http://www.eurekalert.org/pub_releases/2016-06/nu-ndc060916.php,https://www.healthnewsreview.org/news-release-review/northwestern-issued-strong-release-on-a-new-psoriasis-treatment-absent-cost/
HealthRelease,news_reviews_00413,2,"Does surgery for mesothelioma improve quality of life? Release omits risks, study limitations","Mesothelioma Surgery Improves Quality of Life, Study Finds ",Loyola University Health System,http://www.newswise.com/articles/view/655077/?sc=mwhn,https://www.healthnewsreview.org/news-release-review/does-surgery-for-mesothelioma-improve-quality-of-life-release-omits-risks-study-limitations/
HealthRelease,news_reviews_00414,3,Reviewers sniff out problems with release on lung cancer breath test,Lung Cancer Breath ‘Signature’ Presents Promise for Earlier Diagnosis ,The Society of Thoracic Surgeons,http://www.newswise.com/articles/view/654665/?sc=mwhn,https://www.healthnewsreview.org/news-release-review/reviewers-sniff-out-problems-with-release-on-lung-cancer-breath-test/
HealthRelease,news_reviews_00415,4,Release offers thorough comparison of treatments for superficial skin cancers,Topical skin creams effective to treat superficial basal cell carcinoma: New study ,Elsevier,http://www.eurekalert.org/pub_releases/2016-06/e-tsc060216.php,https://www.healthnewsreview.org/news-release-review/release-offers-thorough-comparison-of-treatments-for-superficial-skin-cancers/
HealthRelease,news_reviews_00416,3,Release oversells evidence when claiming new standard of care for advanced breast cancer,International trial changing standard of care for advanced breast cancer ,University of Pittsburgh Schools of the Health Sciences,http://www.eurekalert.org/pub_releases/2016-06/uops-itc060116.php,https://www.healthnewsreview.org/news-release-review/release-oversells-evidence-when-claiming-new-standard-of-care-for-advanced-breast-cancer/
HealthRelease,news_reviews_00417,3,More study details and costs warranted in release on immunotherapy for advanced bladder cancer,Nivolumab immunotherapy helps patients with advanced bladder cancer,University of Texas M. D. Anderson Cancer Center,http://www.eurekalert.org/pub_releases/2016-06/uotm-nih060316.php,https://www.healthnewsreview.org/news-release-review/more-study-details-and-costs-warranted-in-release-on-immunotherapy-for-advanced-bladder-cancer/
HealthRelease,news_reviews_00418,3,Rutgers jumps the gun with news release on Phase 1 immunotherapy trial for thyroid cancer,Fighting Advanced Thyroid Cancer with Immunotherapy ,Rutgers Cancer Institute of New Jersey,http://www.newswise.com/articles/view/654585/?sc=mwhn,https://www.healthnewsreview.org/news-release-review/preliminary-study-on-immunotherapy-for-thyroid-cancer-gets-a-boost-from-news-release/
HealthRelease,news_reviews_00419,2,"Overly enthusiastic PR release claims breast cancer prevention is “within reach” based on animal, cell culture studies",Prevention of Genetic Breast Cancer Within Reach ,Institute of Molecular Biotechnology,http://www.newswise.com/articles/view/654471/?sc=mwhn,https://www.healthnewsreview.org/news-release-review/overly-enthusiastic-pr-release-claims-breast-cancer-prevention-is-within-reach-based-on-animal-cell-culture-studies/
HealthRelease,news_reviews_00420,1,PR release on CD34+ stem cell treatment for angina raises multiple red flags,CD34+ cell treatment reduced angina frequency for 'no option' patients ,Cell Transplantation Center of Excellence for Aging and Brain Repair,http://www.eurekalert.org/pub_releases/2016-06/ctco-cct060116.php,https://www.healthnewsreview.org/news-release-review/pr-release-on-cd34-stem-cell-treatment-for-angina-raises-multiple-red-flags/
HealthRelease,news_reviews_00421,3,PR release on mid-stage eczema drug trial suggests benefit but doesn’t quantify,Medimetriks announces the results of a successful Phase 2 trial of MM36 in Atopic Dermatitis; Study results and design published in the Journal of the American Academy of Dermatology (JAAD),"Medimetriks Pharmaceuticals, Inc.",http://www.prnewswire.com/news-releases/medimetriks-announces-the-results-of-a-successful-phase-2-trial-of-mm36-in-atopic-dermatitis-study-results-and-design-published-in-the-journal-of-the-american-academy-of-dermatology-jaad-300272926.html,https://www.healthnewsreview.org/news-release-review/pr-release-on-mid-stage-eczema-drug-trial-suggests-benefit-but-doesnt-quantify/
HealthRelease,news_reviews_00422,3,News release on diet for IBS claims “major improvement”; but what exactly does that mean?,Clinical Trial Demonstrates Success of Low FODMAP Diet ,University of Michigan Health System,http://www.newswise.com/articles/view/654063/?sc=mwhn,https://www.healthnewsreview.org/news-release-review/news-release-on-diet-for-ibs-claims-major-improvement-but-what-exactly-does-that-mean/
HealthRelease,news_reviews_00423,2,"Once again, NIH release on blood pressure targets lacks info on absolute benefits, potential harms",NIH study confirms benefits of intensive blood pressure management among seniors aged 75 and older ,"NIH/National Heart, Lung and Blood Institute",http://www.eurekalert.org/pub_releases/2016-05/nhla-nsc051916.php,https://www.healthnewsreview.org/news-release-review/nih-release-on-blood-pressure-management-in-seniors-doesnt-tell-us-which-meds-were-used/
HealthRelease,news_reviews_00424,1,"No cautions, limitations named in PR release about melatonin as aid for high BP and insomnia",Melatonin reduces blood pressure and tunes up disrupted circadian rhythms in the elderly ,Bentham Science Publishers,http://www.eurekalert.org/pub_releases/2016-05/bsp-mrb051716.php,https://www.healthnewsreview.org/news-release-review/no-cautions-limitations-named-in-pr-release-about-melatonin-as-aid-for-high-bp-and-insomnia/
HealthRelease,news_reviews_00425,4,News release uses restraint in describing early results of experimental cancer drug. Good.,Investigational CDK4/6 inhibitor abemaciclib is active against a range of cancer types ,American Association for Cancer Research,http://www.eurekalert.org/pub_releases/2016-05/aafc-ici051916.php,https://www.healthnewsreview.org/news-release-review/news-release-uses-restraint-in-describing-early-results-of-experimental-cancer-drug-good/
HealthRelease,news_reviews_00426,4,FDA PR release on bladder cancer drug skirts lack of long-term survival data,"FDA approves new, targeted treatment for bladder cancer",U.S. Food and Drug Administration,http://www.prnewswire.com/news-releases/fda-approves-new-targeted-treatment-for-bladder-cancer-300271014.html,https://www.healthnewsreview.org/news-release-review/fda-pr-release-on-bladder-cancer-drug-approval-skirts-lack-of-long-term-benefit-data/
HealthRelease,news_reviews_00427,3,"PR release on oral insulin pill opened door to questions about benefits, evidence",Oramed Announces Positive Top-Line Results from Phase IIb Oral Insulin Study,Oramed Pharmaceuticals Inc.,http://www.prnewswire.com/news-releases/oramed-announces-positive-top-line-results-from-phase-iib-oral-insulin-study-579924931.html,https://www.healthnewsreview.org/news-release-review/pr-release-on-oral-insulin-pill-opened-door-to-questions-about-benefits-evidence/
HealthRelease,news_reviews_00428,4,Strong effort in PR release on new TB test misses on funding; harms,New easy-to-use TB test achieves accuracy comparable to IGRAs in Phase III trials ,American Thoracic Society,http://www.eurekalert.org/pub_releases/2016-05/ats-net051016.php,https://www.healthnewsreview.org/news-release-review/strong-effort-in-pr-release-on-new-tb-test-misses-on-funding-harms/
HealthRelease,news_reviews_00429,4,Release suggests seafood diet helps slow cognitive decline – but didn’t include study limitations,Stave off cognitive decline with seafood,Rush University Medical Center,http://www.eurekalert.org/pub_releases/2016-05/rumc-soc051016.php,https://www.healthnewsreview.org/news-release-review/release-suggests-seafood-diet-helps-slow-cognitive-decline-but-didnt-include-study-limitations/
HealthRelease,news_reviews_00430,3,Oral testosterone PR release keeps readers in the dark about significant conflicts of interest,Studies Show Oral Testosterone Safe and Efficacious in Long-term Management of Hypogonadism,American Urological Association,http://www.prnewswire.com/news-releases/studies-show-oral-testosterone-safe-and-efficacious-in-long-term-management-of-hypogonadism-300264703.html,https://www.healthnewsreview.org/news-release-review/oral-testosterone-pr-release-keeps-readers-in-the-dark-about-significant-conflicts-of-interest/
HealthRelease,news_reviews_00431,2,"Cheerleading testimonials, but few quantified facts, in company release about new opioid addiction drug",Braeburn Pharmaceuticals and Camurus announce positive top line results from Phase 2 opioid challenge study with CAM2038 in subjects with opioid use disorder,Braeburn Pharmaceuticals; Camurus,http://www.prnewswire.com/news-releases/braeburn-pharmaceuticals-and-camurus-announce-positive-top-line-results-from-phase-2-opioid-challenge-study-with-cam2038-in-subjects-with-opioid-use-disorder-300266387.html,https://www.healthnewsreview.org/news-release-review/cheerleading-testimonials-but-few-quantified-facts-in-company-release-about-new-opioid-addiction-drug/
HealthRelease,news_reviews_00432,3,“Safe and effective”? Overzealous claim for blood thinner study with no control group,Blood thinners on 'as needed' basis is safe and effective for lowering stroke risk as compared to long-term use ,University of Pennsylvania School of Medicine,http://www.eurekalert.org/pub_releases/2016-05/uops-bto050616.php,https://www.healthnewsreview.org/news-release-review/pr-release-on-blood-thinner-study-omits-some-key-data/
HealthRelease,news_reviews_00433,4,Solid PR release on glaucoma device should’ve cautioned on study limitations,Glaucoma Drug-Dispensing Eye Insert Shows Promise as New Option for Patients Struggling to Take Daily Prescription Eye Drops,American Academy of Ophthalmology,http://www.prnewswire.com/news-releases/glaucoma-drug-dispensing-eye-insert-shows-promise-as-new-option-for-patients-struggling-to-take-daily-prescription-eye-drops-300263282.html,https://www.healthnewsreview.org/news-release-review/solid-pr-release-on-glaucoma-device-shouldve-cautioned-on-study-limitations/
HealthRelease,news_reviews_00434,3,Surgery for chronic headaches? PR release strikes the right tone for making the pitch,Surgery for chronic temporal headaches -- simplified approach shows good results ,Wolters Kluwer Health,http://www.eurekalert.org/pub_releases/2016-04/wkh-sfc042916.php,https://www.healthnewsreview.org/news-release-review/surgery-for-chronic-headache-pr-release-strikes-the-right-tone-for-making-the-pitch/
HealthRelease,news_reviews_00435,3,FDA release on drug for treating Parkinson’s psychosis lacks some key details,FDA approves first drug to treat hallucinations and delusions associated with Parkinson’s disease,FDA,http://www.fda.gov/NewsEvents/Newsroom/PressAnnouncements/ucm498442.htm,https://www.healthnewsreview.org/news-release-review/fda-release-on-drug-for-treating-parkinsons-psychosis-lacks-some-key-details/
HealthRelease,news_reviews_00436,4,CVS release on hospital vs home infusion provides useful info on cost-savings. Outcomes and quality of life – not so much,CVS Health Research Institute Study Shows that Home Infusion Care Improves Patient Outcomes and Quality of Life While Reducing Overall Costs,CVS Health,http://www.prnewswire.com/news-releases/cvs-health-research-institute-study-shows-that-home-infusion-care-improves-patient-outcomes-and-quality-of-life-while-reducing-overall-costs-300262614.html,https://www.healthnewsreview.org/news-release-review/cvs-release-on-hospital-vs-home-infusion-provides-useful-info-on-cost-savings-outcomes-and-quality-of-life-not-so-much/
HealthRelease,news_reviews_00437,3,PR release confuses muscle mass and body fat in vitamin D study,Less body fat for toddlers taking vitamin D ,McGill University,http://www.eurekalert.org/pub_releases/2016-05/mu-lbf050216.php,https://www.healthnewsreview.org/news-release-review/pr-release-confuses-muscle-mass-and-body-fat-in-vitamin-d-study/
HealthRelease,news_reviews_00438,2,3D mammography manufacturer’s release touts benefits that aren’t there,Study Results Published in JAMA Conclude that 3D MAMMOGRAPHY™ Exams Outperform Conventional Mammography for Women with Both Dense and Nondense Breasts,"Hologic, Inc.",http://www.prnewswire.com/news-releases/study-results-published-in-jama-conclude-that-3d-mammography-exams-outperform-conventional-mammography-for-women-with-both-dense-and-nondense-breasts-300257824.html,https://www.healthnewsreview.org/news-release-review/3d-mammography-manufacturers-release-touts-benefits-that-arent-there/
HealthRelease,news_reviews_00439,4,Study on refining childhood leukemia treatment protocol promising but release offers hazy data,Relapses of childhood leukemia improve with high doses of common chemo drug ,NYU Langone Medical Center / New York University School of Medicine,http://www.eurekalert.org/pub_releases/2016-04/nlmc-roc042516.php,https://www.healthnewsreview.org/news-release-review/study-on-refining-childhood-leukemia-treatment-protocol-promising-but-release-offers-hazy-data/
HealthRelease,news_reviews_00440,4,Best antidepressant for overweight people? Release makes partial case,One antidepressant shown to control weight during 2-year study ,Group Health Research Institute,http://www.eurekalert.org/pub_releases/2016-04/ghri-oas041916.php,https://www.healthnewsreview.org/news-release-review/best-antidepressant-for-overweight-people-release-makes-partial-case/
HealthRelease,news_reviews_00441,2,Public ill-served by data-free PR release on smokeless tobacco messaging,Key health websites blindfold consumers on tobacco product risks,University at Buffalo The State University of New York,https://www.buffalo.edu/news/releases/2016/04/041.html,https://www.healthnewsreview.org/news-release-review/public-ill-served-by-data-free-release-on-smokeless-tobacco-messaging-site-messaging-on-nicotine-products-is-data-free/
HealthRelease,news_reviews_00442,3,Strong release on aspirin and reduced cancer risk cancer study needed a few more qualifiers,Taking aspirin could increase cancer survival by 20 percent ,Cardiff University,http://www.eurekalert.org/pub_releases/2016-04/cu-tac041816.php,https://www.healthnewsreview.org/news-release-review/strong-release-on-aspirin-and-reduced-cancer-risk-cancer-study-needed-a-few-more-qualifiers/
HealthRelease,news_reviews_00443,3,"Harms, costs and clear benefits omitted from release on anal cancer drug trial",First-ever nivolumab study to treat aggressive anal cancer appears promising ,University of Texas M.D. Anderson Cancer Center,http://www.eurekalert.org/pub_releases/2016-04/uotm-fns041516.php,https://www.healthnewsreview.org/news-release-review/harms-costs-and-clear-benefits-omitted-from-release-on-anal-cancer-drug-trial/
HealthRelease,news_reviews_00444,2,Hospital release makes unjustified leap from low toxicity found in safety trial to pronounce a “cure”,UT Southwestern research shows 98 percent cure rate for prostate cancer using SBRT ,UT Southwestern Medical Center,http://www.eurekalert.org/pub_releases/2016-04/usmc-usr041816.php,https://www.healthnewsreview.org/news-release-review/hospital-release-makes-unjustified-leap-low-toxicity-found-safety-trial-pronounce-cure/
HealthRelease,news_reviews_00445,4,Strong accounting of early study on colorectal cancer drug — but was a release really warranted?,Experimental drug guadecitabine found safe in patients with colorectal cancer ,Johns Hopkins Medicine,http://www.eurekalert.org/pub_releases/2016-04/jhm-edg041516.php,https://www.healthnewsreview.org/news-release-review/strong-accounting-of-early-study-on-colorectal-cancer-drug-but-was-a-release-really-warranted/
HealthRelease,news_reviews_00446,3,Ultrasound for detecting sports concussion on the sidelines? PR release doesn’t address practicality,Ultrasound Headset May Be New Way to Recognize Concussion on the Sidelines,American Academy of Neurology,http://www.prnewswire.com/news-releases/ultrasound-headset-may-be-new-way-to-recognize-concussion-on-the-sidelines-300251232.html,https://www.healthnewsreview.org/news-release-review/ultrasound-for-detecting-sports-concussion-on-the-sidelines-pr-release-doesnt-address-practicality/
HealthRelease,news_reviews_00447,3,Data absent from claim that video game benefits MS patients,Video games improve brain connections in multiple sclerosis patients,RADIOLOGICAL SOCIETY OF NORTH AMERICA,http://www.eurekalert.org/pub_releases/2016-03/rson-vgi030116.php,https://www.healthnewsreview.org/news-release-review/data-absent-from-claim-that-video-game-benefits-ms-patients/
HealthRelease,news_reviews_00448,3,Shire announces its new ADHD drug formulation without perusable evidence,Shire Announces Positive Results of SHP465 Safety and Efficacy Study in Children and Adolescents with ADHD,Shire plc,http://www.prnewswire.com/news-releases/shire-announces-positive-results-of-shp465-safety-and-efficacy-study-in-children-and-adolescents-with-adhd-574459371.html,https://www.healthnewsreview.org/news-release-review/shire-announces-its-new-adhd-drug-formulation-without-perusable-evidence/
HealthRelease,news_reviews_00449,4,"Strong on costs, PR release pairing lung ultrasound vs chest X-ray neglected potential for misdiagnosis",Lung ultrasound may be a safe substitute for chest X-ray when diagnosing pneumonia in children ,The Mount Sinai Hospital / Mount Sinai School of Medicine,http://www.eurekalert.org/pub_releases/2016-04/tmsh-lum041116.php,https://www.healthnewsreview.org/news-release-review/release-pairing-lung-ultrasound-vs-chest-x-ray-raised-a-red-flag-over-potential-misdiagnosis/
HealthRelease,news_reviews_00450,4,NIH release delivers most of the goods on long-term heart surgery outcomes,Heart bypass surgery brings long-term benefits,NIH National Institutes of Health,http://www.nih.gov/news-events/nih-research-matters/heart-bypass-surgery-brings-long-term-benefits,https://www.healthnewsreview.org/news-release-review/nih-release-delivers-most-of-the-goods-on-heart-bypass-surgery-outcomes/
HealthRelease,news_reviews_00451,2,Blood screening test for liver fibrosis billed as a “breakthrough.” Not so fast.,Promising new blood test is first of its kind to detect liver scarring ,Newcastle University,http://www.eurekalert.org/pub_releases/2016-04/nu-pnb040816.php,https://www.healthnewsreview.org/news-release-review/blood-screening-test-for-liver-fibrosis-billed-as-a-breakthrough-not-so-fast/
HealthRelease,news_reviews_00452,3,Choir singing for cancer patients? PR news release misses the high notes,"Choir singing boosts immune system activity in cancer patients and carers, study shows ",ecancermedicalscience,http://www.eurekalert.org/pub_releases/2016-04/e-csb040416.php,https://www.healthnewsreview.org/news-release-review/news-release-touting-choir-singing-as-an-intervention-for-cancer-patients-misses-the-high-notes/
HealthRelease,news_reviews_00453,4,News release on osteoporosis drug prominently notes funders and potential conflicts of interest. Kudos!,Abaloparatide may help prevent fractures in postmenopausal women with osteoporosis ,The Endocrine Society,http://www.eurekalert.org/pub_releases/2016-04/tes-amh040116.php,https://www.healthnewsreview.org/news-release-review/news-release-on-osteoporosis-drug-prominently-notes-funders-and-potential-conflicts-of-interest-kudos/
HealthRelease,news_reviews_00454,3,PR release on opioid overdose treatment should have served some cold hard facts along with glowing anecdotes,More than 1000 Lives Reported Saved with Help of EVZIO® (naloxone HCl injection) Auto-injectors,kaleo,http://www.prnewswire.com/news-releases/more-than-1000-lives-reported-saved-with-help-of-evzio-naloxone-hcl-injection-auto-injectors-300242286.html,https://www.healthnewsreview.org/news-release-review/pr-release-on-opioid-overdose-treatment-deserved-some-cold-hard-facts-along-with-glowing-anecdotes/
HealthRelease,news_reviews_00455,4,Duke University offers strong data-driven release on lung cancer screenings for former smokers,High-risk lung cancer patients may not need annual screenings ,Duke University Medical Center,http://www.eurekalert.org/pub_releases/2016-03/dumc-hlc032116.php,https://www.healthnewsreview.org/news-release-review/duke-university-offers-strong-data-driven-release-on-lung-cancer-screenings-for-former-smokers/
HealthRelease,news_reviews_00456,3,Another ‘simple blood test’ for concussion PR release over-promises,Study: Simple blood test can detect evidence of concussions up to a week after injury ,Orlando Health,http://www.eurekalert.org/pub_releases/2016-03/m-ssb032516.php,https://www.healthnewsreview.org/news-release-review/another-simple-blood-test-for-concussion-is-over-promised-in-another-news-release/
HealthRelease,news_reviews_00457,4,University can’t produce vision study that it promotes worldwide in news release,Can an iPad Help You See? ,Concordia University,http://www.newswise.com/articles/view/650223/?sc=mwhn,https://www.healthnewsreview.org/news-release-review/no-study-available-to-back-up-claim-that-the-ipad-may-be-a-cost-effective-alternative-vision-aid/
HealthRelease,news_reviews_00458,3,Vitamin C “cuts risk” of cataracts? PR release veered beyond the study’s cautionary language,Eating Foods High in Vitamin C Cuts Risk of Cataract Progression by a Third ,American Academy of Ophthalmology (AAO),http://www.newswise.com/articles/view/650202/?sc=mwhn,https://www.healthnewsreview.org/news-release-review/vitamin-c-cuts-risk-of-cataracts-pr-release-veered-beyond-the-studys-cautionary-language/
HealthRelease,news_reviews_00459,3,Release on federally funded anti-smoking campaign describes impressive reach but unclear on cost,Impact of first federally funded anti-smoking ad campaign remains strong after three years,Centers for Disease Control and Prevention,http://www.cdc.gov/media/releases/2016/p0324-anti-smoking.html,https://www.healthnewsreview.org/news-release-review/release-on-federally-funded-anti-smoking-campaign-describes-impressive-reach-but-unclear-on-cost/
HealthRelease,news_reviews_00460,3,Release on using mammograms to detect early heart disease raised some red flags,Mammograms: Another way to screen for heart disease?,American College of Cardiology,http://www.eurekalert.org/pub_releases/2016-03/acoc-maw031816.php,https://www.healthnewsreview.org/news-release-review/release-on-using-mammograms-to-detect-early-heart-disease-raised-some-red-flags/
HealthRelease,news_reviews_00461,2,Exaggeration found in PR release claim that anyone can “reverse” their Type 2 diabetes,Reverse your diabetes -- and you can stay diabetes-free long-term ,Newcastle University,http://www.eurekalert.org/pub_releases/2016-03/nu-ryd032116.php,https://www.healthnewsreview.org/news-release-review/exaggeration-found-in-pr-release-claim-that-anyone-can-reverse-their-type-2-diabetes/
HealthRelease,news_reviews_00462,2,Good research on pediatric nutrition in the ICU let down by skimpy news release,Children in intensive care recover faster with little to no nutrition ,KU Leuven,http://www.eurekalert.org/pub_releases/2016-03/kl-cii031416.php,https://www.healthnewsreview.org/news-release-review/good-research-on-pediatric-nutrition-in-the-icu-let-down-by-skimpy-news-release/
HealthRelease,news_reviews_00463,2,News release makes claims about ketamine for depression based on thin evidence,"New Study Shows Ketamine May Regenerate Brain Cells, Relieving Depression with Lasting Benefit",Neuro-Luminance,http://www.prnewswire.com/news-releases/new-study-shows-ketamine-may-regenerate-brain-cells-relieving-depression-with-lasting-benefit-300237551.html,https://www.healthnewsreview.org/news-release-review/news-release-makes-claims-about-ketamine-for-depression-based-on-thin-evidence/
HealthRelease,news_reviews_00464,4,PR release prematurely calls new chemotherapy drug the “new standard of care”,Celator Announces Phase 3 Trial for VYXEOS™ (CPX-351) in Patients with High-Risk Acute Myeloid Leukemia Demonstrates Statistically Significant Improvement in Overall Survival ,"Celator Pharmaceuticals, Inc.",http://www.prnewswire.com/news-releases/celator-announces-phase-3-trial-for-vyxeos-cpx-351-in-patients-with-high-risk-acute-myeloid-leukemia-demonstrates-statistically-significant-improvement-in-overall-survival-300235620.html,https://www.healthnewsreview.org/news-release-review/pr-release-prematurely-calls-new-chemotherapy-drug-the-new-standard-of-care/
HealthRelease,news_reviews_00465,2,PR release goes out on a limb with claim that surgery after radiation improves survival,Surgery improves survival rates for men with prostate cancer if radiation treatments fail ,University of Missouri-Columbia,http://www.eurekalert.org/pub_releases/2016-03/uom-sis031016.php,https://www.healthnewsreview.org/news-release-review/pr-release-goes-out-on-a-limb-with-claim-that-surgery-after-radiation-improves-survival/
HealthRelease,news_reviews_00466,1,Nutritional drink to protect memory in ‘early Alzheimer’s’? Release takes us for a spin,"Two-year, EU-funded Study Reveals a Medical Food in the Form of a Daily Nutritional Drink Can Help to Conserve Memory, the Ability to Think and Perform Everyday Tasks, as well as Reduce Brain Shrinkage in People with Very Early Alzheimer's Disease (AD)[1] (Pre-dementia) ",LipiDiDiet Consortium,http://www.prnewswire.com/news-releases/two-year-eu-funded-study-reveals-a-medical-food-in-the-form-of-a-daily-nutritional-drink-can-help-to-conserve-memory-the-ability-to-think-and-perform-everyday-tasks-as-well-as-reduce-brain-shrinkage-in-people-with-very-early-a-571627871.html,https://www.healthnewsreview.org/news-release-review/nutritional-drink-to-protect-memory-in-early-alzheimers-release-takes-us-for-a-spin/
HealthRelease,news_reviews_00467,3,Release omits key safety findings of breast cancer drug combo study,Drug combination slows breast cancer spread ,Institute of Cancer Research,http://www.eurekalert.org/pub_releases/2016-03/iocr-dcs030216.php,https://www.healthnewsreview.org/news-release-review/release-omits-key-safety-findings-of-breast-cancer-drug-combo-study/
HealthRelease,news_reviews_00468,2,"Release suggests peanuts reduced kids’ risk for obesity, but maybe it was the exercise","Peanuts, peanut butter may hold key to preventing obesity ",University of Houston,http://www.eurekalert.org/pub_releases/2016-03/uoh-ppb030316.php,https://www.healthnewsreview.org/news-release-review/was-it-peanuts-or-exercise-that-reduced-kids-risk-for-obesity/
HealthRelease,news_reviews_00469,2,Smoking cessation company PR release blows smoke,Chrono Therapeutics' Smoking Cessation Technology Demonstrates Significant Reduction in Nicotine Cravings ,Chrono Therapeutics,http://www.prnewswire.com/news-releases/chrono-therapeutics-smoking-cessation-technology-demonstrates-significant-reduction-in-nicotine-cravings-300230953.html,https://www.healthnewsreview.org/news-release-review/smoking-cessation-company-pr-release-blows-smoke/
HealthRelease,news_reviews_00470,1,One patient does not a “game-changer” make in breast reconstruction release,"New Breast Reconstruction Technique Provides Better Outcomes, Less Discomfort for Women Recovering From Breast Cancer ",Valley Health System,http://www.newswise.com/articles/view/649125/?sc=mwhn,https://www.healthnewsreview.org/news-release-review/one-patient-does-not-a-game-changer-make-in-breast-reconstruction-release/
HealthRelease,news_reviews_00471,3,Serious harms from deep brain stimulation completely ignored in PR release,Barrow neurosurgeon helps pave way for deep brain stimulation and Alzheimer's ,St. Joseph's Hospital and Medical Center,http://www.eurekalert.org/pub_releases/2016-02/sjha-bnh021816.php,https://www.healthnewsreview.org/news-release-review/serious-harms-from-deep-brain-stimulation-completely-ignored-in-pr-release/
HealthRelease,news_reviews_00472,1,Med center PR release: Patient with high cholesterol doing great because of drug we helped develop,PCSK9-Inhibitor Drug Class That Grew Out of UT Southwestern Research Becomes a Game-Changer for Patient with Extremely High Cholesterol ,UT Southwestern Medical Center,http://www.newswise.com/articles/view/648792/?sc=mwhn,https://www.healthnewsreview.org/news-release-review/med-center-pr-release-patient-high-cholesterol-great-new-drug/
HealthRelease,news_reviews_00473,5,Exemplary explanation of study comparing diabetic macular edema treatments,Eylea outperforms Avastin for diabetic macular edema with moderate or worse vision loss,NIH National Institutes of Health,http://www.nih.gov/news-events/news-releases/eylea-outperforms-avastin-diabetic-macular-edema-moderate-or-worse-vision-loss,https://www.healthnewsreview.org/news-release-review/exemplary-explanation-of-study-comparing-diabetic-macular-edema-treatments/
HealthRelease,news_reviews_00474,1,"Company’s PR release on PMS supplement is all hat, no cattle","Lipogen Targets PMS/PMDD Relief, Naturally ",Lipogen Ltd.,http://www.prnewswire.com/news-releases/lipogen-targets-pmspmdd-relief-naturally-569634281.html,https://www.healthnewsreview.org/news-release-review/companys-pr-release-on-pms-supplement-is-all-hat-no-cattle/
HealthRelease,news_reviews_00475,1,Potato industry PR: Fries and chips “best hope” for improving children’s diets,Study shows children's best hope for the potassium and fiber missing in their diets is potatoes ,"Fleishman-Hillard, Inc.",http://www.eurekalert.org/pub_releases/2016-02/fi-ssc021616.php,https://www.healthnewsreview.org/news-release-review/potato-industry-pr-fries-and-chips-are-best-hope-for-improving-childrens-diets/
HealthRelease,news_reviews_00476,3,"Can omega-3s really lower breast cancer risk? PR release touts subgroup, ignores main study outcome",Omega-3 Fatty Acids May Lower Breast Cancer Risk in Postmenopausal Obese Women ,Penn State Milton S. Hershey Medical Center,http://www.newswise.com/articles/view/648608/?sc=mwhn,https://www.healthnewsreview.org/news-release-review/ccan-omega-3s-really-lower-breast-cancer-risk-pr-release-doesnt-show-how-or-by-how-much/
HealthRelease,news_reviews_00477,4,Can an Alzheimer’s drug help you quit smoking? Penn PR release nicely frames very early research,Penn research: An FDA-approved Alzheimer's drug could help smokers quit ,University of Pennsylvania,http://www.eurekalert.org/pub_releases/2016-02/uop-pra021816.php,https://www.healthnewsreview.org/news-release-review/penn-research-fda-approved-alzheimers-drug-help-smokers-quit/
HealthRelease,news_reviews_00478,3,Conference PR release makes leaky case for brain hemorrhage drug,New drug reverses the effects of blood thinner in patients with brain hemorrhage ,American Heart Association,http://www.eurekalert.org/pub_releases/2016-02/aha-ndr021016.php,https://www.healthnewsreview.org/news-release-review/conference-pr-release-makes-leaky-case-for-brain-hemorrhage-drug/
HealthRelease,news_reviews_00479,3,Patient-swimmer testimonial unbalances PR release on Viagra study,Study suggests sildenafil may relieve severe form of edema in swimmers ,Duke University Medical Center,http://www.eurekalert.org/pub_releases/2016-02/dumc-sss021616.php,https://www.healthnewsreview.org/news-release-review/patient-swimmer-testimonial-unbalances-pr-release-on-viagra-study/
HealthRelease,news_reviews_00480,2,Test that can ”smell’ prostate cancer too preliminary for this release’s claims,New milestone for device that can 'smell' prostate cancer ,University of Liverpool,http://www.eurekalert.org/pub_releases/2016-02/uol-nmf021016.php,https://www.healthnewsreview.org/news-release-review/test-that-can-smell-prostate-cancer-too-preliminary-for-this-releases-claims/
HealthRelease,news_reviews_00481,2,Vague PR release oversells study on avocado cholesterol benefits,New study reveals fresh avocado-substituted diet significantly changes lipid profile ,Hass Avocado Board,http://www.eurekalert.org/pub_releases/2016-02/fl-nsr021216.php,https://www.healthnewsreview.org/news-release-review/new-study-reveals-fresh-avocado-substituted-diet-significantly-changes-lipid-profile/
HealthRelease,news_reviews_00482,3,No discussion of limitations in news release about Tamiflu for pregnant women,"For pregnant women with flu, the earlier the better for antiviral treatment ",Infectious Diseases Society of America,http://www.eurekalert.org/pub_releases/2016-02/idso-fpw020216.php,https://www.healthnewsreview.org/news-release-review/no-discussion-of-limitations-in-news-release-about-tamiflu-for-pregnant-women/
HealthRelease,news_reviews_00483,2,Robotic surgery for renal cancer release offers incomplete story of benefits,Removal of complex renal tumors performed safely by robotic surgery in selected patients ,Elsevier Health Sciences,http://www.eurekalert.org/pub_releases/2016-02/ehs-roc020716.php,https://www.healthnewsreview.org/news-release-review/robotic-surgery-for-renal-cancer-release-offers-incomplete-story/
HealthRelease,news_reviews_00484,2,Asbestos exposure? This release will scare you into buying their cancer screening test,The test that reveals cancer sooner ,ONCOblot Labs,http://www.eurekalert.org/pub_releases/2016-02/ol-ttt020316.php,https://www.healthnewsreview.org/news-release-review/asbestos-exposure-this-release-will-scare-you-into-buying-their-cancer-screening-test/
HealthRelease,news_reviews_00485,1,Association exploits Zika fears with sketchy release about mosquito-repelling device,Clip-on device offers protection against mosquitoes that transmit Zika ,Entomological Society of America,http://www.eurekalert.org/pub_releases/2016-02/esoa-cdo020216.php,https://www.healthnewsreview.org/news-release-review/association-angles-media-coverage-release-mosquito-repellant/
HealthRelease,news_reviews_00486,5,Release hits the right notes on study comparing two antiseptics used in C-sections,"To Prevent Infection After C-Section, Chlorhexidine Better Than Iodine ",Washington University in St. Louis,http://www.newswise.com/articles/view/647238/?sc=mwhn,https://www.healthnewsreview.org/news-release-review/release-hits-the-right-notes-on-study-comparing-two-antiseptics-used-in-c-sections/
HealthRelease,news_reviews_00487,0,Chocolate for preeclampsia prevention? Medical society hints at benefits even though study reports the opposite,The benefits of chocolate during pregnancy ,Society for Maternal-Fetal Medicine,http://www.eurekalert.org/pub_releases/2016-02/sfmm-tbo020116.php,https://www.healthnewsreview.org/news-release-review/preeclampsia-medical-society-says-chocolate-might-help-despite-studys-inconclusive-findings/
HealthRelease,news_reviews_00488,3,Reduced side effects for children undergoing proton therapy? Mass General PR release doesn’t make the case,Proton therapy controls common pediatric brain tumor with fewer long-term side effects ,Massachusetts General Hospital,http://www.eurekalert.org/pub_releases/2016-01/mgh-ptc012816.php,https://www.healthnewsreview.org/news-release-review/reduced-side-effects-for-children-undergoing-proton-therapy-release-doesnt-make-the-case/
HealthRelease,news_reviews_00489,3,Are we absolutely or relatively sure that increasing dietary fiber reduces breast cancer risk?,Higher dietary fiber intake in young women may reduce breast cancer risk ,Harvard T.H. Chan School of Public Health,http://www.eurekalert.org/pub_releases/2016-02/htcs-hdf012716.php,https://www.healthnewsreview.org/news-release-review/higher-dietary-fiber-intake-young-women-may-reduce-breast-cancer-risk/
HealthRelease,news_reviews_00490,4,In-depth Merck release on new Hep C drug skirts some of the basics,Merck Receives FDA Approval of ZEPATIER™ (elbasvir and grazoprevir) for the Treatment of Chronic Hepatitis C Virus Genotype 1 or 4 Infection in Adults Following Priority Review,Merck,http://www.multivu.com/players/English/7672251-merck-zepatier-fda-approval/,https://www.healthnewsreview.org/news-release-review/in-depth-merck-release-on-new-hep-c-drug-skirts-some-of-the-basics/
HealthRelease,news_reviews_00491,2,Recycled PR release doesn’t tell us anything new about garlic,New study shows aged garlic extract can reduce dangerous plaque buildup in arteries ,Los Angeles Biomedical Research Institute at Harbor-UCLA Medical Center (LA BioMed),http://www.eurekalert.org/pub_releases/2016-01/labr-nss012116.php,https://www.healthnewsreview.org/news-release-review/recycled-news-release-doesnt-tell-us-anything-new-about-garlic/
HealthRelease,news_reviews_00492,5,Release on potential therapy for rare bleeding disorder gets points for restraint,Gene therapy for rare bleeding disorder achieves proof-of-concept,Children's Hospital of Philadelphia,http://www.eurekalert.org/pub_releases/2016-01/chop-gtf011916.php,https://www.healthnewsreview.org/news-release-review/release-on-rare-bleeding-disorder-therapy-gets-points-for-restraint/
HealthRelease,news_reviews_00493,3,PR release needs more evidence for its exceptional ovarian cancer claims,Up to 50 percent of women with advanced-stage ovarian cancer could be cured with 1 treatment model ,Women's College Hospital,http://www.eurekalert.org/pub_releases/2016-01/wch-ut5012016.php,https://www.healthnewsreview.org/news-release-review/pr-release-needs-more-evidence-for-its-exceptional-claims/
HealthRelease,news_reviews_00494,3,Possible new Parkinson’s drug — Novel: Yes. “Breakthrough”: No.,Common dementia drug found to improve Parkinson's symptoms ,Parkinson's UK,http://www.eurekalert.org/pub_releases/2016-01/pu-cdd011116.php,https://www.healthnewsreview.org/news-release-review/pd-drug-release-scorecard-novel-yes-breakthrough-no-common-dementia-drug-found-improve-parkinsons-symptoms/
HealthRelease,news_reviews_00495,2,“Simple” diagnostic tests are never as simple as presented in PR news releases,Researchers Develop Simple Paper Test That Quickly Diagnoses Illnesses by Changing Colour ,McMaster University,http://www.newswise.com/articles/view/645947/?sc=mwhn,https://www.healthnewsreview.org/news-release-review/simple-diagnostic-tests-are-never-as-simple-as-presented-in-pr-releases/
HealthRelease,news_reviews_00496,2,Candy-coated PR claim: A special lollipop that purportedly relieves 90% of kids’ earaches,Clinical study finds a specialized lollipop can end a kid's earache in nine of ten cases ,ClearPop,http://www.prnewswire.com/news-releases/clinical-study-finds-a-specialized-lollipop-can-end-a-kids-earache-in-nine-of-ten-cases-300204955.html,https://www.healthnewsreview.org/news-release-review/candy-coated-pr-claim-a-lollipop-that-purportedly-relieves-90-of-kids-earaches/
HealthRelease,news_reviews_00497,3,"Correlation vs. causation alert: release overstates evidence with claims on exercise, depression, and heart disease",Exercise reduces heart disease risk in depressed patients ,American College of Cardiology,http://www.eurekalert.org/pub_releases/2016-01/acoc-erh010716.php,https://www.healthnewsreview.org/news-release-review/exercise-reduces-heart-disease-risk-depressed-patients/
HealthRelease,news_reviews_00498,2,Release devotes more space to researcher’s bio than to study data on mammograms,New FAU study suggests benefits of regular mammography extend to the elderly ,Florida Atlantic University,http://www.eurekalert.org/pub_releases/2016-01/fau-nfs010616.php,https://www.healthnewsreview.org/news-release-review/new-fau-study-suggests-benefits-regular-mammography-extend-elderly/
HealthRelease,news_reviews_00499,2,Key findings on sickle cell disease treatment short shrifted in release,Pediatric sickle cell study stopped early due to positive results ,Medical University of South Carolina,http://academicdepartments.musc.edu/pr/newscenter/2015/lancet-sickle-cell.html#.Vo043FKhT0Y,https://www.healthnewsreview.org/news-release-review/moving-toward-stroke-free-generation-kids-sickle-cell-disease/
HealthRelease,news_reviews_00500,2,Release on cancer drug reaches to (as yet) unwarranted heights,New breast cancer drug may be effective against other types of cancer ,University of Pennsylvania School of Medicine,http://www.eurekalert.org/pub_releases/2015-12/uops-nbc122915.php,https://www.healthnewsreview.org/news-release-review/new-breast-cancer-drug-may-effective-types-cancer/
HealthRelease,news_reviews_00501,1,Release claiming chocolate milk improves concussion symptoms in student athletes is out-of-bounds,"Concussion-Related Measures Improved in High School Football Players Who Drank New Chocolate Milk, UMD Study Shows",University of Maryland,http://www.prnewswire.com/news-releases/concussion-related-measures-improved-in-high-school-football-players-who-drank-new-chocolate-milk-umd-study-shows-300196365.html,https://www.healthnewsreview.org/news-release-review/concussion-related-measures-improved-high-school-football-players-drank-new-chocolate-milk-umd-study-shows/
HealthRelease,news_reviews_00502,2,News release hypes weak association between magnesium and pancreatic cancer,IU researchers find magnesium intake may be beneficial in preventing pancreatic cancer ,Indiana University,http://www.eurekalert.org/pub_releases/2015-12/iu-irf121815.php,https://www.healthnewsreview.org/news-release-review/release-hypes-weak-association-between-magnesium-and-pancreatic-cancer/
HealthRelease,news_reviews_00503,1,Release veers toward disease-mongering with early arthritis test for healthy people,Blood test that could predict arthritis risk ,University of Oxford,http://www.eurekalert.org/pub_releases/2015-12/uoo-btt121015.php,https://www.healthnewsreview.org/news-release-review/blood-test-predict-arthritis-risk/
HealthRelease,news_reviews_00504,3,Edelman release goes pear-shaped on fiber and weight loss study,New study finds adult fresh pear consumers had a lower body weight than non-pear consumers ,Edelman Public Relations,http://www.eurekalert.org/pub_releases/2015-12/epr-nsf120815.php,https://www.healthnewsreview.org/news-release-review/new-study-finds-adult-fresh-pear-consumers-lower-body-weight-non-pear-consumers/
HealthRelease,news_reviews_00505,3,FDA skims over benefits and costs of cooling cap it approved for reducing hair loss during chemo,FDA allows marketing of cooling cap to reduce hair loss during chemotherapy,U.S. Food and Drug Administration,http://www.fda.gov/NewsEvents/Newsroom/PressAnnouncements/ucm476216.htm,https://www.healthnewsreview.org/news-release-review/fda-allows-marketing-cooling-cap-reduce-hair-loss-chemotherapy/
HealthRelease,news_reviews_00506,3,Release says psychotherapy is as good as drugs for major depressive disorder — but doesn’t quantify improvement,Cognitive Behavioral Therapy Can Be as Effective as Second-Generation Antidepressants to Treat Major Depressive Disorder ,RTI International,http://www.newswise.com/articles/view/644579/,https://www.healthnewsreview.org/news-release-review/cognitive-behavioral-therapy-can-effective-second-generation-antidepressants-treat-major-depressive-disorder/
HealthRelease,news_reviews_00507,3,Engaging UCLA release suggests pregnancy hormone may benefit MS patients – but lacks key data,Safe form of estrogen helped Multiple Sclerosis patients avoid relapses in UCLA led clinical trial,"University of California Los Angeles (UCLA), Health Sciences",https://www.uclahealth.org/news/safe-form-of-estrogen-helped-multiple-sclerosis-patients-avoid--relapses-in-ucla-led-clinical-trial,https://www.healthnewsreview.org/news-release-review/safe-form-estrogen-helped-multiple-sclerosis-patients-avoid-relapses-ucla-led-clinical-trial/
HealthRelease,news_reviews_00508,3,"Release touts benefits of booster flu shot for cancer patients, but claims of reduced risk aren’t adequately hedged",New vaccine strategy better protects high-risk cancer patients from flu ,Yale University,http://www.eurekalert.org/pub_releases/2015-12/yu-nvs120215.php,https://www.healthnewsreview.org/news-release-review/new-vaccine-strategy-better-protects-high-risk-cancer-patients-flu/
HealthRelease,news_reviews_00509,4,Release carefully makes case for magnetic stimulation for cocaine addiction,Magnetic stimulation of the brain may help patients with cocaine addiction,European College of Neuropsychopharmacology,http://www.eurekalert.org/pub_releases/2015-12/econ-mso113015.php,https://www.healthnewsreview.org/news-release-review/magnetic-stimulation-brain-may-help-patients-cocaine-addiction/
HealthRelease,news_reviews_00510,1,News release on NanoKnife for prostate cancer gets nano-score,New Data Establishes Image Guided Treatment Option for Prostate Cancer as an Alternative to Surgery by Reducing Recovery Times and Lower Side Effects ,The Prostata Center,http://www.prnewswire.com/news-releases/new-data-establishes-image-guided-treatment-option-for-prostate-cancer-as-an-alternative-to-surgery-by-reducing-recovery-times-and-lower-side-effects-300185843.html,https://www.healthnewsreview.org/news-release-review/new-data-establishes-image-guided-treatment-option-prostate-cancer-alternative-surgery-reducing-recovery-times-lower-side-effects/
HealthRelease,news_reviews_00511,4,New antimicrobials could fight MRSA infection if they make it out of the lab dish,"Promising new antimicrobials could fight drug-resistant MRSA infection, study finds",Georgia State University,http://www.eurekalert.org/pub_releases/2015-11/gsu-pna113015.php,https://www.healthnewsreview.org/news-release-review/promising-new-antimicrobials-fight-drug-resistant-mrsa-infection-study-finds/
HealthRelease,news_reviews_00512,3,"CBT may replace sedation for dental phobias. But first, define “sedation”",Cognitive behavior therapy can help overcome fear of the dentist ,King's College London,http://www.eurekalert.org/pub_releases/2015-11/kcl-cbt112515.php,https://www.healthnewsreview.org/news-release-review/cognitive-behavior-therapy-can-help-overcome-fear-dentist/
HealthRelease,news_reviews_00513,3,Employing MRI to find new breast cancers could introduce more uncertainties,Breast MRI after mammography may identify additional aggressive cancers ,Radiological Society of North America,http://www.eurekalert.org/pub_releases/2015-11/rson-bma111815.php,https://www.healthnewsreview.org/news-release-review/breast-mri-mammography-may-identify-additional-aggressive-cancers/
HealthRelease,news_reviews_00514,3,Can college coursework help seniors ward off dementia? This study can’t tell us that,"College studies may reduce risk of dementia for older adults, research finds ",American Psychological Association,http://www.eurekalert.org/pub_releases/2015-11/apa-csm111815.php,https://www.healthnewsreview.org/news-release-review/college-studies-may-reduce-risk-dementia-older-adults-research-finds/
HealthRelease,news_reviews_00515,2,Seaweed touted as solution to making junk food healthier — but wild claims not backed up,Food industry can help lower cardiovascular diseases by adding little seaweed to products ,University of Southern Denmark,http://www.eurekalert.org/pub_releases/2015-11/uosd-fic112315.php,https://www.healthnewsreview.org/news-release-review/seaweed-touted-solution-making-junk-food-healthier-wild-claims-not-backed/
HealthRelease,news_reviews_00516,3,"All tree nuts, not just walnuts, “may” be good for heart health",Study finds tree nut consumption may lower risk of cardiovascular disease ,Edelman Seattle,http://www.eurekalert.org/pub_releases/2015-11/es-sft111815.php,https://www.healthnewsreview.org/news-release-review/study-finds-tree-nut-consumption-may-lower-risk-cardiovascular-disease/
HealthRelease,news_reviews_00517,4,Will diet and exercise protect men from lethal prostate cancer?,Working up a sweat may protect men from lethal prostate cancer ,University of California - San Francisco,http://www.eurekalert.org/pub_releases/2015-11/uoc--wua111715.php,https://www.healthnewsreview.org/news-release-review/working-sweat-may-protect-men-lethal-prostate-cancer/
HealthRelease,news_reviews_00518,1,Popping unjustified claims from a new acne product news release,"HSRx Group's Acne Product Outperforms Market Leader in Clinical Trial; Demonstrates Faster Reduction of Acne Count, Redness & Severity ",HSRx Group,http://www.prnewswire.com/news-releases/hsrx-groups-acne-product-outperforms-market-leader-in-clinical-trial-demonstrates-faster-reduction-of-acne-count-redness--severity-300181373.html,https://www.healthnewsreview.org/news-release-review/popping-unjustified-claims-from-a-new-acne-product-news-release/
HealthRelease,news_reviews_00519,2,Does viscosupplementation for knee osteoarthritis in seniors really do the job?,Viscosupplementation Recommended For Appropriate Patients with Knee Osteoarthritis ,American Medical Society for Sports Medicine (AMSSM),http://www.newswise.com/articles/view/643137/?sc=mwhn,https://www.healthnewsreview.org/news-release-review/viscosupplementation-recommended-appropriate-patients-knee-osteoarthritis/
HealthRelease,news_reviews_00520,4,Generally strong description of diabetic retinopathy drug trial — but more transparency please,Lucentis Proves Effective Against Proliferative Diabetic Retinopathy,Joslin Diabetes Center,http://www.newswise.com/articles/view/642967/?sc=swhn,https://www.healthnewsreview.org/news-release-review/lucentis-proves-effective-proliferative-diabetic-retinopathy/
HealthRelease,news_reviews_00521,2,Release on yoga for prostate cancer patients meanders to indecisiveness,Yoga may lessen side effects in men undergoing prostate cancer treatment,University of Pennsylvania School of Medicine,http://www.eurekalert.org/pub_releases/2015-11/uops-yml111615.php,https://www.healthnewsreview.org/news-release-review/release-on-yoga-for-prostate-cancer-patients-meanders-to-indecisiveness/
HealthRelease,news_reviews_00522,1,TGen uses slippery language to get around fact that “breakthrough” drug for brain tumors never tested in humans,TGen identifies drug that could limit the spread of deadly brain tumors ,The Translational Genomics Research Institute,http://www.eurekalert.org/pub_releases/2015-11/ttgr-tid111215.php,https://www.healthnewsreview.org/news-release-review/tgen-identifies-drug-limit-spread-deadly-brain-tumors/
HealthRelease,news_reviews_00523,3,Society news release touts benefits of gastric balloon in a pill — but downplays harms and limited evidence,Gastric Balloon in a Pill Helps Patients Lose Weight Without Surgery or Endoscopy,American Society of Metabolic and Bariatric Surgery (ASMBS),http://www.newswise.com/articles/view/642669/?sc=sphn,https://www.healthnewsreview.org/news-release-review/gastric-balloon-pill-helps-patients-lose-weight-without-surgery-endoscopy/
HealthRelease,news_reviews_00524,3,L-DOPA associated with delayed macular degeneration. There’s a patent for that.,"Study: Drug may delay, prevent blindness for millions of older Americans ","Lindsay, Ston & Briggs",http://www.eurekalert.org/pub_releases/2015-11/lsb-sdm110915.php,https://www.healthnewsreview.org/news-release-review/study-drug-may-delay-prevent-blindness-millions-older-americans/
HealthRelease,news_reviews_00525,3,"Bariatric surgery may ease psoriasis symptoms, or it may not",Psoriasis and psoriatic arthritis symptoms curbed by bariatric surgery ,NYU Langone Medical Center / New York University School of Medicine,http://www.eurekalert.org/pub_releases/2015-11/nlmc-pap110615.php,https://www.healthnewsreview.org/news-release-review/psoriasis-psoriatic-arthritis-symptoms-curbed-bariatric-surgery/
HealthRelease,news_reviews_00526,2,Blood test to detect concussions in kids anything but “simple”,Concussions in kids are detectable by blood test ,Orlando Health,http://www.eurekalert.org/pub_releases/2015-11/m-cik110615.php,https://www.healthnewsreview.org/news-release-review/concussions-kids-detectable-blood-test/
HealthRelease,news_reviews_00527,1,Massage therapy association misrepresents studies; false claims of benefit for preventing winter colds and flu,"Massage Therapy May Boost Immune System to Combat Cold, Flu ",American Massage Therapy Association,http://www.prnewswire.com/news-releases/massage-therapy-may-boost-immune-system-to-combat-cold-flu-300171787.html,https://www.healthnewsreview.org/news-release-review/massage-therapy-association-misrepresents-studies-false-claims-of-benefit-for-preventing-winter-colds-and-flu/
HealthRelease,news_reviews_00528,3,"NIH release on brain stimulation for obesity: Too brief, too little impact, too early",Brain stimulation limits calories consumed in adults with obesity,NIH National Institutes of Health,http://www.nih.gov/news-events/news-releases/brain-stimulation-limits-calories-consumed-adults-obesity,https://www.healthnewsreview.org/news-release-review/nih-release-on-brain-stimulation-for-obesity-too-brief-too-little-impact-too-early/
HealthRelease,news_reviews_00529,3,"Acupuncture, Alexander Technique offer modest relief for neck pain but at what cost?",Acupuncture and Alexander Technique ease chronic neck pain better than usual care ,American College of Physicians,http://www.eurekalert.org/pub_releases/2015-11/acop-aaa102715.php,https://www.healthnewsreview.org/news-release-review/acupuncture-alexander-technique-offer-modest-relief-for-neck-pain-but-at-what-cost/
HealthRelease,news_reviews_00530,2,An uncertain “milestone”: Hype but no outcomes data on prostate cancer drug trial,Landmark clinical trial shows gene-targeted drug can treat prostate cancer ,Institute of Cancer Research,http://www.eurekalert.org/pub_releases/2015-10/iocr-lct102615.php,https://www.healthnewsreview.org/news-release-review/an-uncertain-milestone-hype-but-no-outcomes-data-on-prostate-cancer-drug-trial/
HealthRelease,news_reviews_00531,2,Release on aneurysm preventative morphs from fear-mongering to dubious claim,Taking cholesterol medication before aneurysm repair improves outcomes ,University of Missouri-Columbia,http://www.eurekalert.org/pub_releases/2015-10/uom-tcm102815.php,https://www.healthnewsreview.org/news-release-review/taking-cholesterol-medication-aneurysm-repair-improves-outcomes/
HealthRelease,news_reviews_00532,3,"Cryoablation could be cool for breast tumors, but we still want data",New Non-Surgical Treatment Freezes Breast Cancer in its Tracks,IceCure Medical,http://www.prnewswire.com/news-releases/new-non-surgical-treatment-freezes-breast-cancer-in-its-tracks-300166081.html,https://www.healthnewsreview.org/news-release-review/new-non-surgical-treatment-freezes-breast-cancer-tracks/
HealthRelease,news_reviews_00533,4,Botox to prevent heart bypass complications? Association carefully describes benefits seen in small study,Botox may prevent irregular heartbeat after bypass surgery ,American Heart Association,http://www.eurekalert.org/pub_releases/2015-10/aha-bmp101515.php,https://www.healthnewsreview.org/news-release-review/botox-to-prevent-heart-bypass-complications-association-carefully-describes-benefits-seen-in-small-study/
HealthRelease,news_reviews_00534,2,What does it mean when a journal news release says a drug “helps safeguard a man’s fertility”?,Restoring testosterone rather than replacing it helps safeguard a man's fertility ,Wiley (on behalf of BJU International journal),http://www.eurekalert.org/pub_releases/2015-10/w-rtr102715.php,https://www.healthnewsreview.org/news-release-review/mean-journal-news-release-says-drug-helps-safeguard-mans-fertility/
HealthRelease,news_reviews_00535,3,Claim that oxytocin benefits children with autism lacks evidence,"Oxytocin has social, emotional and behavioral benefits in young kids with autism ",University of Sydney,http://www.eurekalert.org/pub_releases/2015-10/uos-ohs102615.php,https://www.healthnewsreview.org/news-release-review/claims-that-oxytocin-benefits-children-with-autism-lacks-evidence/
HealthRelease,news_reviews_00536,3,Release prematurely recommends replacing stress tests with CT scans for spotting clogged arteries,Heart CT Scans Outperform Stress Tests in Spotting Clogged Arteries,Johns Hopkins Medicine,http://www.hopkinsmedicine.org/news/media/releases/heart_ct_scans_outperform_stress_tests_in_spotting_clogged_arteries,https://www.healthnewsreview.org/news-release-review/heart-ct-scans-outperform-stress-tests-spotting-clogged-arteries/
HealthRelease,news_reviews_00537,3,"Strong with statistics, release on sacroiliac joint pain treatment downplays study bias",Implant procedure helps patients with sacroiliac joint pain ,Wolters Kluwer Health,http://www.eurekalert.org/pub_releases/2015-10/wkh-iph102215.php,https://www.healthnewsreview.org/news-release-review/strong-with-statistics-release-on-sacroiliac-joint-pain-treatment-downplays-study-bias/
HealthRelease,news_reviews_00538,1,Data-free news release’s unsubstantiated claims about “close” Alzheimer’s test,Researchers close in on a blood test for Alzheimer's disease ,American Osteopathic Association,http://www.eurekalert.org/pub_releases/2015-10/aoa-rci100715.php,https://www.healthnewsreview.org/news-release-review/data-free-news-releases-unsubstantiated-claims-about-close-alzheimers-test/
HealthRelease,news_reviews_00539,4,"Referencing “animal study” in headline, NYIT accurately frames evidence on possible new heart failure treatment",Animal study suggests treatment that may improve heart function in heart failure ,New York Institute of Technology,http://www.eurekalert.org/pub_releases/2015-10/nyio-ass101315.php,https://www.healthnewsreview.org/news-release-review/referencing-animal-study-in-headline-nyit-accurately-frames-evidence-on-new-heart-failure-treatment/
HealthRelease,news_reviews_00540,2,"We’ll say it again, this time in French: La corrélation n’implique pas la causalité",Just 30 minutes a day: Regular exercise relieves asthma symptoms,Concordia University,http://www.eurekalert.org/pub_releases/2015-10/cu-j3m100715.php,https://www.healthnewsreview.org/news-release-review/well-say-it-again-this-time-en-francais-la-correlation-nimplique-pas-la-causalite/
HealthRelease,news_reviews_00541,3,"Basics covered, Lancet needed more context on costs, harms, and limitations of new heart attack test",New heart attack test could identify two-thirds of patients at very low risk of heart attack in the emergency department,The Lancet,http://www.eurekalert.org/pub_releases/2015-10/tl-tln100615.php,https://www.healthnewsreview.org/news-release-review/lbasics-covered-lancet-misses-key-context-on-costs-harms-and-limitations-of-new-heart-attack-test/
HealthRelease,news_reviews_00542,3,Much to admire in this UVA Health System news release beyond the questionable headline,Preventing cancer: Study finds dramatic benefits of weight-loss surgery ,University of Virginia Health System,http://www.eurekalert.org/pub_releases/2015-10/uovh-pcs100115.php,https://www.healthnewsreview.org/news-release-review/much-to-admire-in-a-uva-news-release-beyond-the-questionable-headline/
HealthRelease,news_reviews_00543,3,American College of Radiology pushes regular mammograms at 40 – but lacks detail on benefits and harms,Annual Mammography Starting at Age 40 Still Best Way to Saves Lives from Breast Cancer ,Society of Breast Imaging,http://www.prnewswire.com/news-releases/annual-mammography-starting-at-age-40-still-best-way-to-saves-lives-from-breast-cancer-300150751.html,https://www.healthnewsreview.org/news-release-review/pitch-for-regular-mammograms-at-40-never-quantifies-benefits-mentions-no-harms/
HealthRelease,news_reviews_00544,3,More context would be helpful on kidney cancer “breakthrough”,Breakthrough study demonstrates survival advantage with immune checkpoint inhibitor for advanced kidney cancer patients ,University of Texas M.D. Anderson Cancer Center,http://www.eurekalert.org/pub_releases/2015-09/uotm-bsd092515.php,https://www.healthnewsreview.org/news-release-review/more-context-needed-on-kidney-cancer-breakthrough/
HealthRelease,news_reviews_00545,3,Release on “groundbreaking” pre-school heart health study underwhelms on outcomes,Early intervention improves preschoolers' heart healthy habits ,American College of Cardiology,http://www.eurekalert.org/pub_releases/2015-09/acoc-eii092415.php,https://www.healthnewsreview.org/news-release-review/release-on-groundbreaking-pre-school-heart-health-study-underwhelms-on-outcomes/
HealthRelease,news_reviews_00546,3,Unbalanced news release claims “more men at risk” due to less frequent PSA testing,More men at risk for prostate cancer as a result of less regular screening ,Elsevier Health Sciences,http://www.eurekalert.org/pub_releases/2015-09/ehs-mma091715.php,https://www.healthnewsreview.org/news-release-review/unbalanced-news-release-claims-more-men-at-risk-due-to-less-frequent-psa-testing/
HealthRelease,news_reviews_00547,4,Did they “get it all”? News release describes device that might give real-time answer to cancer surgeons,Surgical probe seeks out where cancer ends and healthy tissue begins,UNIVERSITY OF ILLINOIS AT URBANA-CHAMPAIGN,http://www.eurekalert.org/pub_releases/2015-09/uoia-sps091615.php,https://www.healthnewsreview.org/news-release-review/did-they-get-it-all-news-release-describes-device-that-would-give-real-time-answer-to-cancer-surgeons/
HealthRelease,news_reviews_00548,4,Georgetown carefully announces findings of preliminary resveratrol/Alzheimer’s study,Resveratrol impacts Alzheimer's disease biomarker ,Georgetown University Medical Center,http://www.eurekalert.org/pub_releases/2015-09/gumc-ri090415.php,https://www.healthnewsreview.org/news-release-review/georgetown-carefully-announces-findings-of-preliminary-resveratrolalzheimers-study/
HealthRelease,news_reviews_00549,4,Mediterranean diet and breast cancer risk: informative JAMA news release includes ample caveats,Mediterranean diet plus olive oil associated with reduced breast cancer risk ,The JAMA Network Journals,http://www.eurekalert.org/pub_releases/2015-09/tjnj-mdp091015.php,https://www.healthnewsreview.org/news-release-review/mediterranean-diet-and-breast-cancer-risk-informative-jama-news-release-includes-ample-caveats/
HealthRelease,news_reviews_00550,2,"Emphasizing safety and effectiveness of a new heart procedure,  a news release misses key risks and limitations","Transcatheter aortic valve replacement is safe, effective for very elderly patients",Elsevier,http://www.eurekalert.org/pub_releases/2015-09/e-tav090815.php,https://www.healthnewsreview.org/news-release-review/emphasizing-safety-effectiveness-new-heart-procedure-news-release-misses-key-risks-limitations/
HealthRelease,news_reviews_00551,2,Growth hormone prevents fractures? News release is silent on other factors that likely contributed to study benefit,Growth hormone reduces risk of osteoporosis fractures in older women ,The Endocrine Society,http://www.eurekalert.org/pub_releases/2015-08/tes-ghr082115.php,https://www.healthnewsreview.org/news-release-review/growth-hormone-prevents-fractures-news-release-is-silent-on-other-factors-that-likely-contributed-to-benefit/
HealthRelease,news_reviews_00552,1,Study appropriated as promotional vehicle for robotic prostate cancer surgeon,Are You At Risk? 5 Different Types of Prostate Cancer Found,Dr. David Samadi,http://www.prnewswire.com/news-releases/are-you-at-risk-5-different-types-of-prostate-cancer-found-300132614.html,https://www.healthnewsreview.org/news-release-review/study-appropriated-as-promotional-vehicle-for-robotic-prostate-cancer-surgeon/
HealthRelease,news_reviews_00553,2,"Oatmeal for breakfast might mean a lighter lunch, says Quaker Oats — but how about some numbers to back it up?",Instant oatmeal for breakfast may help curb your appetite at lunch ,Pollock Communications,http://www.eurekalert.org/pub_releases/2015-08/pc-iof081815.php,https://www.healthnewsreview.org/news-release-review/instant-oatmeal-breakfast-may-help-curb-appetite-lunch-research-journal-american-college-nutrition-suggests-eating-hearty-portion-instant-oatmeal-breakfast/
HealthRelease,news_reviews_00554,3,Beta-blockers “prolong survival” in ovarian cancer? Not so fast,Generic heart medication shown to prolong ovarian cancer patients' survival ,University of Texas M. D. Anderson Cancer Center,http://www.eurekalert.org/pub_releases/2015-08/uotm-ghm082115.php,https://www.healthnewsreview.org/news-release-review/beta-blockers-prolong-survival-ovarian-cancer-not-fast/
HealthRelease,news_reviews_00555,2,"New imaging technique is good at finding early cancer in mice, but NIH release skimps on translation to human patients",Tell-Tale Biomarker Detects Early Breast Cancer in NIH-Funded Study ,National Institute of Biomedical Imaging and Bioengineering,http://www.nih.gov/news/health/aug2015/nibib-12.htm,https://www.healthnewsreview.org/news-release-review/new-imaging-technique-is-good-at-finding-early-cancer-in-mice-but-nih-release-glosses-over-translation-to-human-patients/
HealthRelease,news_reviews_00556,3,Vitamin D supplementation to prevent falls: Good overall account of a preliminary trial,Vitamin D supplements could help reduce falls in homebound elderly ,Wake Forest Baptist Medical Center,http://www.eurekalert.org/pub_releases/2015-08/wfbm-vds081715.php,https://www.healthnewsreview.org/news-release-review/vitamin-d-supplements-help-reduce-falls-homebound-elderly/
HealthRelease,news_reviews_00557,3,“Low T” and your ticker: generally solid VA release lacked drive on limitations,"Study of 83,000 veterans finds cardiovascular benefits to testosterone replacement ",Veterans Affairs Research Communications,http://www.eurekalert.org/pub_releases/2015-08/varc-so8081015.php,https://www.healthnewsreview.org/news-release-review/low-t-and-your-ticker-generally-solid-va-release-lacked-energetic-statement-on-limitations/
HealthRelease,news_reviews_00558,4,Exemplary explanation of an experimental test for concussion,Eye Tracking Has High Sensitivity as a Biomarker for Concussion; Eye Tracking Detects Concussion with Sensitivity Comparable to that of Blood Tests for Heart Attack,Hennepin County Medical Center,http://www.prnewswire.com/news-releases/eye-tracking-has-high-sensitivity-as-a-biomarker-for-concussion-300125284.html,https://www.healthnewsreview.org/news-release-review/exemplary-explanation-experimental-test-concussion/
HealthRelease,news_reviews_00559,2,Sleeping on your side to prevent Alzheimer’s? Rat study conclusions applied too broadly to humans, Could Body Posture During Sleep Affect How Your Brain Clears Waste? ,Stony Brook University,http://www.newswise.com/articles/view/638150/?sc=mwhn,https://www.healthnewsreview.org/news-release-review/sleeping-on-your-side-to-prevent-alzheimers-rat-study-conclusions-applied-too-broadly-to-humans/
HealthRelease,news_reviews_00560,4,Good release on CBT/anxiety missed on cost/comparison info,Telephone-Based Cognitive Behavioral Therapy for Anxiety in Rural Older Adults,The JAMA Network Journals,http://media.jamanetwork.com/news-item/telephone-based-cognitive-behavioral-therapy-for-anxiety-in-rural-older-adults/,https://www.healthnewsreview.org/news-release-review/good-release-on-cbtanxiety-missed-on-costcomparison-info/
HealthRelease,news_reviews_00561,2,Society news release provides one-sided view of new device for back pain,"New Therapy Delivers Long-Term Relief for Chronic Back, Leg Pain, Study Finds ",American Society of Anesthesiologists (ASA),http://www.newswise.com/articles/view/637833/?sc=mwhn,https://www.healthnewsreview.org/news-release-review/society-news-release-provides-one-sided-view-new-device-back-pain/
HealthRelease,news_reviews_00562,3,"After false start, release on new approach to Parkinson’s treatment recovers quickly, provides context",Low-dose lithium reduces side effects from most common treatment for Parkinson's disease,Buck Institute for Age Research,http://www.eurekalert.org/pub_releases/2015-07/bifa-llr072415.php,https://www.healthnewsreview.org/news-release-review/false-start-release-new-approach-parkinsons-treatment-recovers-quickly-provides-context/
HealthRelease,news_reviews_00563,3,A test that changes prostate cancer treatment recommendations — but does it improve outcomes?,New Study Published on Cover of Urology Finds that Decipher® Prostate Cancer Classifier Reduces Conflicting Treatment Recommendations between Urologists and Radiation Oncologists ,GenomeDx Biosciences,http://www.prnewswire.com/news-releases/new-study-published-on-cover-of-urology-finds-that-decipher-prostate-cancer-classifier-reduces-conflicting-treatment-recommendations-between-urologists-and-radiation-oncologists-300111744.html,https://www.healthnewsreview.org/news-release-review/new-study-published-cover-urology-finds-decipher-prostate-cancer-classifier-reduces-conflicting-treatment-recommendations-urologists-radiation-oncologists-genomic-test-may/
HealthRelease,news_reviews_00564,3,Meditation prevents Alzheimer’s? Claims from a foundation news release get ahead of the evidence,Alzheimer's Disease Prevention: New Journal Article Highlights Benefits of Meditation and Spiritual Fitness,Alzheimer's Research and Prevention Foundation,http://www.prnewswire.com/news-releases/alzheimers-disease-prevention-new-journal-article-highlights-benefits-of-meditation-and-spiritual-fitness-300113890.html,https://www.healthnewsreview.org/news-release-review/alzheimers-disease-prevention-new-journal-article-highlights-benefits-meditation-spiritual-fitness/
HealthRelease,news_reviews_00565,2,Too many gaps in university news release on phase 2 psoriasis trial,New psoriasis drug is more effective than current treatment ,NORTHWESTERN UNIVERSITY,http://www.eurekalert.org/pub_releases/2015-07/nu-npd070815.php,https://www.healthnewsreview.org/news-release-review/too-many-gaps-in-university-news-release-on-phase-2-psoriasis-trial/
HealthRelease,news_reviews_00566,3,Experimental cancer drug said to be “49 times more potent” than existing chemotherapy — yet never tested in humans,Cancer drug 49 times more potent than Cisplatin ,University of Warwick,http://www2.warwick.ac.uk/newsandevents/pressreleases/cancer_drug_49/,https://www.healthnewsreview.org/news-release-review/university-hypes-experimental-cancer-drug-fy26/
HealthRelease,news_reviews_00567,2,A “sniff test” for autism passes the smell test — with reservations,Can autism be measured in a sniff? ,Cell Press,http://www.eurekalert.org/pub_releases/2015-07/cp-cab062515.php,https://www.healthnewsreview.org/news-release-review/a-sniff-test-for-autism-passes-the-smell-test-with-some-reservations/
HealthRelease,news_reviews_00568,4,Careful account of vitamin D study closes with questionable recommendation on testing,"Weight loss plus vitamin D reduces inflammation linked to cancer, chronic disease",FRED HUTCHINSON CANCER RESEARCH CENTER,http://www.eurekalert.org/pub_releases/2015-06/fhcr-wlp062415.php,https://www.healthnewsreview.org/news-release-review/careful-account-of-vitamin-d-study-closes-with-questionable-recommendation-on-testing/
HealthRelease,news_reviews_00569,2,A “practice-changing” test for DCIS — but does it impact results that matter to patients?,Journal of Surgical Oncology Publishes Study Showing Oncotype DX® DCIS Score™ Result Changes Treatment Recommendations in 30 Percent of DCIS Breast Cancer Patients Physicians Ranked Oncotype DX DCIS Score Most Important Factor in Treatment Planning,"Genomic Health, Inc.",http://www.prnewswire.com/news-releases/journal-of-surgical-oncology-publishes-study-showing-oncotype-dx-dcis-score-result-changes-treatment-recommendations-in-30-percent-of-dcis-breast-cancer-patients-300103017.html,https://www.healthnewsreview.org/news-release-review/a-practice-changing-test-for-dcis-but-does-it-impact-results-that-matter-to-patients/
HealthRelease,news_reviews_00570,4,Lancet delivers key details on a rapid new Ebola test; quantifies sensitivity/specificity and explores study limitations,New rapid diagnostic test for Ebola could be game changer in the fight against the disease,The Lancet,http://www.eurekalert.org/pub_releases/2015-06/tl-tln062415.php,https://www.healthnewsreview.org/news-release-review/lancet-delivers-key-details-on-a-rapid-new-ebola-test-quantifies-sensitivityspecificity-and-explores-study-limitations/
HealthRelease,news_reviews_00571,2,Release touts “new treatments to thwart colon cancer” — but buries that study subjects were mice,Discovery promises new treatments to thwart colon cancer ,ST. JUDE CHILDREN'S RESEARCH HOSPITAL,http://www.eurekalert.org/pub_releases/2015-06/sjcr-dpn061915.php,https://www.healthnewsreview.org/news-release-review/release-touts-new-treatments-to-thwart-colon-cancer-but-buries-that-study-subjects-were-mice/
HealthRelease,news_reviews_00572,3,"Reducing drug dose recommended to lower cost of rheumatoid arthritis treatment, but no cost figures are cited",Dose reduction strategy can substantially reduce high cost of TNF inhibitor therapy in RA ,European League Against Rheumatism,http://www.eurekalert.org/pub_releases/2015-06/elar-drs061215.php,https://www.healthnewsreview.org/news-release-review/reducing-drug-dose-recommended-to-lower-cost-of-rheumatoid-arthritis-treatment-but-no-cost-figures-are-cited/
HealthRelease,news_reviews_00573,2,Penn news release helps market a new disease for ADHD drug: menopausal cognitive decline,Study shows first signs that ADHD drug may improve cognitive difficulties in menopausal women,UNIVERSITY OF PENNSYLVANIA SCHOOL OF MEDICINE,http://www.eurekalert.org/pub_releases/2015-06/uops-ssf061115.php,https://www.healthnewsreview.org/news-release-review/penn-news-release-helps-market-a-new-disease-for-adhd-drug-menopausal-cognitive-decline/
HealthRelease,news_reviews_00574,2,Claims of “new hope” with experimental prostate cancer therapy based on shaky one-person foundation,Theranostic drug personalizes prostate cancer imaging and therapy:  Combined PET imaging and radionuclide therapy offers new hope for advanced prostate cancer,Society of Nuclear Medicine,http://www.eurekalert.org/pub_releases/2015-06/sonm-tdp060315.php,https://www.healthnewsreview.org/news-release-review/claims-new-hope-experimental-prostate-cancer-therapy-based-shaky-one-person-foundation/
HealthRelease,news_reviews_00575,2,"Dubious claim to novelty for “multi-room” proton center in Washington, D.C. — hub for medical arms race",Sibley Memorial Hospital Selects Hitachi for Their Proton Beam Therapy System in Washington D.C.,"Hitachi, Ltd.",http://www.businesswire.com/news/home/20150611005242/en/Sibley-Memorial-Hospital-Selects-Hitachi-Proton-Beam#.VXtE9kZe37C,https://www.healthnewsreview.org/news-release-review/dubious-claim-to-novelty-for-multi-room-proton-center-in-washington-d-c-hub-for-medical-arms-race/
HealthRelease,news_reviews_00576,3,"No caution on placebo effects in small, open-label study of brain stimulation for post-stroke pain",Weekly Non-invasive Brain Stimulation Provides Long-Term Relief of Post-Stroke Pain ,International Neuromodulation Society,http://newswise.com/articles/weekly-non-invasive-brain-stimulation-provides-long-term-relief-of-post-stroke-pain,https://www.healthnewsreview.org/news-release-review/no-caution-on-placebo-effects-in-small-open-label-study-of-brain-stimulation-for-post-stroke-pain/
HealthRelease,news_reviews_00577,3,"No need to pump up these newsworthy, important findings on Alzheimer’s disease (but this release couldn’t resist)",Anti-rejection medications for transplant recipients protect against Alzheimer's disease,UNIVERSITY OF TEXAS MEDICAL BRANCH AT GALVESTON,http://www.eurekalert.org/pub_releases/2015-06/uotm-amf060815.php,https://www.healthnewsreview.org/news-release-review/anti-rejection-medications-transplant-recipients-protect-alzheimers-disease/
HealthRelease,news_reviews_00578,1,"Brain MRIs as a tool to prevent Alzheimer’s? Too much hype, and too little evidence, from a radiology society news release",Preventive neuroradiology: Brain imaging bolsters efforts to lower Alzheimer's risk,AMERICAN SOCIETY OF NEURORADIOLOGY,http://www.eurekalert.org/pub_releases/2015-06/ason-pnb060415.php,https://www.healthnewsreview.org/news-release-review/brain-mris-as-a-tool-to-prevent-alzheimers-too-much-hype-and-too-little-evidence-from-a-radiology-society-news-release/
HealthRelease,news_reviews_00579,5,"With second death-risk release in a month, Lancet displays better grip on limitations",Simple score predicts risk of death for middle-aged adults in the UK,The Lancet,http://www.eurekalert.org/pub_releases/2015-06/tl-tls060215.php,https://www.healthnewsreview.org/news-release-review/with-second-death-risk-study-in-a-month-lancet-displays-better-grip-on-limitations/
HealthRelease,news_reviews_00580,2,One-sided JAMA news release oversells benefits of breastfeeding for leukemia prevention,Study Suggests Breastfeeding May Lower Risk of Childhood Leukemia,JAMA Pediatrics,http://media.jamanetwork.com/news-item/study-suggests-breastfeeding-may-lower-risk-of-childhood-leukemia/,https://www.healthnewsreview.org/news-release-review/jama-news-release-oversells-benefits-of-breastfeeding-for-leukemia-prevention/
HealthRelease,news_reviews_00581,5,"Exemplary Hopkins news release on an early, experimental treatment for multiple myeloma",Pilot clinical trial finds injected immune cells safe in multiple myeloma patients,JOHNS HOPKINS MEDICINE,http://www.eurekalert.org/pub_releases/2015-05/jhm-pct051915.php,https://www.healthnewsreview.org/news-release-review/exemplary-hopkins-new-release-on-an-early-experimental-treatment-for-multiple-myeloma/
HealthRelease,news_reviews_00582,4,Release on binge-eating disorder study raises questions on commercial influence,"Clinical trial examines safety, effectiveness of drug to treat binge eating disorder",JAMA Psychiatry,http://www.eurekalert.org/pub_releases/2015-01/tjnj-cte011215.php,https://www.healthnewsreview.org/news-release-review/release-on-binge-eating-drug-study-raises-questions-on-commercial-influence/
HealthRelease,news_reviews_00583,1,Proton therapy for esophageal cancer: very little information to support a news release’s claims of benefit,New study finds that proton therapy has fewer side effects in esophageal cancer patients,UNIVERSITY OF MARYLAND SCHOOL OF MEDICINE,http://www.eurekalert.org/pub_releases/2015-05/uoms-nsf052115.php,https://www.healthnewsreview.org/news-release-review/proton-therapy-for-esophageal-cancer-very-little-information-to-support-a-news-releases-claims-of-benefit/
HealthRelease,news_reviews_00584,2,Exploding a prominent medical center’s claims of a “simple” and “definitive” test for irritable bowel syndrome,Definitive tests for irritable bowel syndrome developed at Cedars-Sinai: New blood tests will speed up diagnosis for the most common GI disorder,CEDARS-SINAI MEDICAL CENTER,http://www.eurekalert.org/pub_releases/2015-05/cmc-dtf051415.php,https://www.healthnewsreview.org/news-release-review/exploding-a-prominent-medical-centers-claims-of-a-simple-and-definitive-test-for-ibs/
HealthRelease,news_reviews_00585,2,European Society of Cardiology back on our News Release Wall of Shame,"Exercise, however modest, found progressively beneficial to the elderly ",EUROPEAN SOCIETY OF CARDIOLOGY,http://www.eurekalert.org/pub_releases/2015-05/esoc-ehm051415.php,https://www.healthnewsreview.org/news-release-review/european-society-of-cardiology-back-on-our-news-release-wall-of-shame/
HealthRelease,news_reviews_00586,2,Hype from an academic medical center: claims about new prostate imaging technology not supported by evidence,Novel imaging technique improves prostate cancer detection,"University of California, San Diego",https://health.ucsd.edu/news/releases/Pages/2015-01-06-novel-imaging-for-prostate-tumors.aspx,https://www.healthnewsreview.org/news-release-review/hype-from-an-academic-medical-center-claims-about-new-prostate-imaging-technology-not-supported-by-evidence/
HealthRelease,news_reviews_00587,2,Lancet promotes its death-grip study without key context and caveats,"Testing hand-grip strength could be a simple, low-cost way to predict heart attack and stroke risk",The Lancet,http://www.eurekalert.org/pub_releases/2015-05/tl-tlt051215.php,https://www.healthnewsreview.org/news-release-review/lancet-promotes-its-death-grip-study-without-key-context-and-caveats/
HealthRelease,news_reviews_00588,5,Cracking open the claim that walnuts “may help slow colon cancer growth”,"New Harvard research finds walnuts may help slow colon cancer growth A walnut-enriched diet may cause beneficial genetic changes in animal cancer cells, affecting inflammation, blood supply and growth of tumors",EDELMAN SEATTLE,http://www.eurekalert.org/pub_releases/2015-05/es-nhr051115.php,https://www.healthnewsreview.org/news-release-review/cracking-open-the-claim-that-walnuts-may-help-slow-colon-cancer-growth/
HealthRelease,news_reviews_00589,2,Will biking to work help you “shed the pounds”? BMJ news release nails the big picture but offers nothing more,"Switching to public transport or cycling/walking to get to work might help shed the pounds:  Strengthens case for incentivising walking or cycling to boost population health, say researchers",Journal of Epidemiology & Community Health,http://www.bmj.com/company/wp-content/uploads/2014/07/JECH-switch-health-res.pdf,https://www.healthnewsreview.org/news-release-review/will-biking-to-work-help-you-shed-the-pounds-bmj-news-release-nails-the-big-picture-but-lacks-nuance/
HealthRelease,news_reviews_00590,2,"Bayer glosses over potential harms of Essure with incomplete, one-sided news release on safety study","Five-Year Follow-Up Study Further Supports Effectiveness and Safety of the Essure® Procedure as a Non-Surgical, Non-Hormonal Option for Permanent Contraception",Bayer HealthCare,http://www.prnewswire.com/news-releases/five-year-follow-up-study-further-supports-effectiveness-and-safety-of-the-essure-procedure-as-a-non-surgical-non-hormonal-option-for-permanent-contraception-300075772.html,https://www.healthnewsreview.org/news-release-review/bayer-glosses-over-potential-harms-of-essure-device-with-incomplete-one-sided-news-release-on-safety-study/
HealthRelease,news_reviews_00591,3,News release exaggerates impact of treating gum disease on prostatitis,"Treating gum disease reduces prostate symptoms, CWRU researchers find",CASE WESTERN RESERVE UNIVERSITY,http://www.eurekalert.org/pub_releases/2015-05/cwru-tgd050515.php,https://www.healthnewsreview.org/news-release-review/news-release-exaggerates-impact-of-treating-gum-disease-on-prostatitis/
HealthRelease,news_reviews_00592,4,"Delivering on key points, release on improved HPV vaccine would benefit from additional context",New HPV vaccine offers greater protection against cervical cancer than current vaccine,Queen Mary University of London,http://www.eurekalert.org/pub_releases/2015-02/qmuo-nhv021815.php,https://www.healthnewsreview.org/news-release-review/delivering-on-key-points-release-on-improved-hpv-vaccine-would-benefit-from-additional-context/
HealthRelease,news_reviews_00593,2,"Wider use of naloxone said to prevent overdose deaths, but where is the data?",Expanding Naloxone use could reduce drug overdose deaths and save lives,CDC,http://www.cdc.gov/media/releases/2015/p0424-naloxone.html,https://www.healthnewsreview.org/news-release-review/wider-use-naloxone-said-prevent-overdose-deaths-data/
HealthRelease,news_reviews_00594,2,Does sleep apnea treatment really “lower diabetes risk”? This news release oversells the evidence,Effective sleep apnea treatment lowers diabetes risk,UNIVERSITY OF CHICAGO MEDICAL CENTER,http://www.eurekalert.org/pub_releases/2015-04/uocm-esa042715.php,https://www.healthnewsreview.org/news-release-review/does-sleep-apnea-treatment-really-lower-diabetes-risk-this-news-release-oversells-the-evidence/
HealthRelease,news_reviews_00595,2,"An academic medical center promises “broad scale health improvements” from its branded supplement bar, but offers no evidence",Clinical studies show 'CHORI-bar' results in broad scale health improvements: Benefits apparent after 2 months of consumption of the nutrient bar,CHILDREN'S HOSPITAL & RESEARCH CENTER OAKLAND,http://www.eurekalert.org/pub_releases/2015-04/chr-css042215.php,https://www.healthnewsreview.org/news-release-review/an-academic-medical-center-promises-broad-scale-health-improvements-from-its-branded-supplement-bar-but-offers-no-evidence/
HealthRelease,news_reviews_00596,3,More subterfuge on subgroup analysis … this time from a major cancer organization,Metformin may lower lung cancer risk in diabetic nonsmokers,American Association for Cancer Research,http://www.eurekalert.org/pub_releases/2015-02/aafc-mml012915.php,https://www.healthnewsreview.org/news-release-review/more-subterfuge-on-subgroup-analysis-this-time-from-a-major-cancer-organization/
HealthRelease,news_reviews_00597,2,Lack of supporting data is more than a small problem for the NanoKnife,New Data Shows Irreversible Electroporation Nearly Doubles Overall Survival of Patients with Locally Advanced Pancreatic Cancer When Added to Standard Therapy,,http://www.prnewswire.com/news-releases/new-data-shows-irreversible-electroporation-nearly-doubles-overall-survival-of-patients-with-locally-advanced-pancreatic-cancer-when-added-to-standard-therapy-300071531.html,https://www.healthnewsreview.org/news-release-review/lack-supporting-data-no-small-problem-nanoknife/
HealthRelease,news_reviews_00598,3,"Sweet nothing: no evidence, costs, or quantification in release about cocoa and cognitive function",Mounting evidence demonstrates improved cognitive function from cocoa flavanol consumption,Mars Incorporated,http://www.eurekalert.org/pub_releases/2015-01/ms-med010615.php,https://www.healthnewsreview.org/news-release-review/sweet-nothing-no-evidence-costs-or-quantification-in-release-about-cocoa-and-cognitive-function/
HealthRelease,news_reviews_00599,4,Exaggeration at the NIH? Mouse study release may go too far in suggesting “reversal” of multiple sclerosis,Drugs that activate brain stem cells may reverse multiple sclerosis,NIH,http://www.nih.gov/news/health/apr2015/ninds-20.htm,https://www.healthnewsreview.org/news-release-review/drugs-activate-brain-stem-cells-may-reverse-multiple-sclerosis/
HealthRelease,news_reviews_00600,3,Is this volunteer program really “reversing part of the aging process”?,"Study: Civic engagement may stave off brain atrophy, improve memory",JOHNS HOPKINS UNIVERSITY BLOOMBERG SCHOOL OF PUBLIC HEALTH,http://www.eurekalert.org/pub_releases/2015-04/jhub-sce041415.php,https://www.healthnewsreview.org/news-release-review/is-this-volunteer-program-really-reversing-part-of-the-aging-process/
HealthRelease,news_reviews_00601,1,No reason to swing at this pitch from The Baseball Diet,The Baseball Diet Is Proving To Be A Heavy Favorite For Shedding Pounds In 2015,,http://www.pressking.com/press-releases/The-Baseball-Diet-Is-Proving-To-Be-A-Heavy-Favorite-For-Shedding-Pounds-In-2015-076955,https://www.healthnewsreview.org/news-release-review/no-reason-to-swing-at-this-pitch-from-the-baseball-diet/
HealthRelease,news_reviews_00602,2,Eye stem cell treatment in people may not be as close as rat study release suggests,Stem Cell Injection May Soon Reverse Vision Loss Caused By Age-Related Macular Degeneration,Cedars-Sinai Medical Center,http://www.newswise.com/articles/view/632621/?sc=dwhr&xy=10015339,https://www.healthnewsreview.org/news-release-review/eye-stem-cell-treatment-in-people-may-not-be-as-close-as-rat-study-release-suggests/
HealthRelease,news_reviews_00603,2,Did study really show that “fasting may reduce breast cancer risk”?,Overnight Fasting May Reduce Breast Cancer Risk in Women,"University of California, San Diego Health Sciences",http://www.newswise.com/articles/view/632689/?sc=dwhr&xy=10015339,https://www.healthnewsreview.org/news-release-review/overnight-fasting-may-reduce-breast-cancer-risk-women/
HealthRelease,news_reviews_00604,4,Thorough summary of trial comparing drugs for diabetic macular edema,Joslin Researchers Conduct First Trial Directly Comparing Drugs for Diabetic Macular Edema and Find All are Effective,Joslin Diabetes Center,http://www.newswise.com/articles/view/629985/?sc=mwhr&xy=10015339,https://www.healthnewsreview.org/news-release-review/thorough-summary-of-trial-comparing-drugs-for-diabetic-macular-edema/
HealthRelease,news_reviews_00605,2,Spinning of negative result gives false hope on Alzheimer’s treatment,Prostate Cancer Drug Slows Memory Loss in Women with Alzheimer's Disease,,http://www.med.wisc.edu/news-events/prostate-cancer-drug-slows-memory-loss-in-women-with-alzheimers-disease/44948,https://www.healthnewsreview.org/news-release-review/more-spinning-of-negative-results-false-hope-on-alzheimers-treatments/
